block,cell_index,thermal_log_contribution
0,0,0.0
0,1,0.0
0,2,0.0
0,3,0.0
0,4,0.0
0,5,0.0
0,6,0.0
0,7,0.0
0,8,0.0
0,9,0.0
0,10,0.0
0,11,0.0
0,12,0.0
0,13,0.0
0,14,0.0
0,15,0.0
0,16,0.0
0,17,0.0
0,18,0.0
0,19,0.0
0,20,0.0
0,21,0.0
0,22,0.0
0,23,0.0
0,24,0.0
0,25,0.0
0,26,0.0
0,27,0.0
0,28,0.0
0,29,0.0
0,30,0.0
0,31,0.0
0,32,0.0
0,33,0.0
0,34,0.0
0,35,0.0
0,36,0.0
0,37,0.0
0,38,0.0
0,39,0.0
0,40,0.0
0,41,0.0
0,42,0.0
0,43,0.0
0,44,0.0
0,45,0.0
0,46,0.0
0,47,0.0
0,48,0.0
0,49,0.0
0,50,0.0
0,51,0.0
0,52,0.0
0,53,0.0
0,54,0.0
0,55,0.0
0,56,0.0
0,57,0.0
0,58,0.0
0,59,0.0
0,60,0.0
0,61,0.0
0,62,0.0
0,63,0.0
0,64,0.0
0,65,0.0
0,66,0.0
0,67,0.0
0,68,0.0
0,69,0.0
0,70,0.0
0,71,0.0
0,72,0.0
0,73,0.0
0,74,0.0
0,75,0.0
0,76,0.0
0,77,0.0
0,78,0.0
0,79,0.0
0,80,0.0
0,81,0.0
0,82,0.0
0,83,0.0
0,84,0.0
0,85,0.0
0,86,0.0
0,87,0.0
0,88,0.0
0,89,0.0
0,90,0.0
0,91,0.0
0,92,0.0
0,93,0.0
0,94,0.0
0,95,0.0
0,96,0.0
0,97,0.0
0,98,0.0
0,99,0.0
0,100,0.0
0,101,0.0
0,102,0.0
0,103,0.0
0,104,0.0
0,105,0.0
0,106,0.0
0,107,0.0
0,108,0.0
0,109,0.0
0,110,0.0
0,111,0.0
0,112,0.0
0,113,0.0
0,114,0.0
0,115,0.0
0,116,0.0
0,117,0.0
0,118,0.0
0,119,0.0
0,120,0.0
0,121,0.0
0,122,0.0
0,123,0.0
0,124,0.0
0,125,0.0
0,126,0.0
0,127,0.0
1,0,0.0
1,1,0.0
1,2,0.0
1,3,0.0
1,4,0.0
1,5,0.0
1,6,0.0
1,7,0.0
1,8,0.0
1,9,0.0
1,10,0.0
1,11,0.0
1,12,0.0
1,13,0.0
1,14,0.0
1,15,0.0
1,16,0.0
1,17,0.0
1,18,0.0
1,19,0.0
1,20,0.0
1,21,0.0
1,22,0.0
1,23,0.0
1,24,0.0
1,25,0.0
1,26,0.0
1,27,0.0
1,28,0.0
1,29,0.0
1,30,0.0
1,31,0.0
1,32,0.0
1,33,0.0
1,34,0.0
1,35,0.0
1,36,0.0
1,37,0.0
1,38,0.0
1,39,0.0
1,40,0.0
1,41,0.0
1,42,0.0
1,43,0.0
1,44,0.0
1,45,0.0
1,46,0.0
1,47,0.0
1,48,0.0
1,49,0.0
1,50,0.0
1,51,0.0
1,52,0.0
1,53,0.0
1,54,0.0
1,55,0.0
1,56,0.0
1,57,0.0
1,58,0.0
1,59,0.0
1,60,0.0
1,61,0.0
1,62,0.0
1,63,0.0
1,64,0.0
1,65,0.0
1,66,0.0
1,67,0.0
1,68,0.0
1,69,0.0
1,70,0.0
1,71,0.0
1,72,0.0
1,73,0.0
1,74,0.0
1,75,0.0
1,76,0.0
1,77,0.0
1,78,0.0
1,79,0.0
1,80,0.0
1,81,0.0
1,82,0.0
1,83,0.0
1,84,0.0
1,85,0.0
1,86,0.0
1,87,0.0
1,88,0.0
1,89,0.0
1,90,0.0
1,91,0.0
1,92,0.0
1,93,0.0
1,94,0.0
1,95,0.0
1,96,0.0
1,97,0.0
1,98,0.0
1,99,0.0
1,100,0.0
1,101,0.0
1,102,0.0
1,103,0.0
1,104,0.0
1,105,0.0
1,106,0.0
1,107,0.0
1,108,0.0
1,109,0.0
1,110,0.0
1,111,0.0
1,112,0.0
1,113,0.0
1,114,0.0
1,115,0.0
1,116,0.0
1,117,0.0
1,118,0.0
1,119,0.0
1,120,0.0
1,121,0.0
1,122,0.0
1,123,0.0
1,124,0.0
1,125,0.0
1,126,0.0
1,127,0.0
2,0,0.0
2,1,0.0
2,2,0.0
2,3,0.0
2,4,0.0
2,5,0.0
2,6,0.0
2,7,0.0
2,8,0.0
2,9,0.0
2,10,0.0
2,11,0.0
2,12,0.0
2,13,0.0
2,14,0.0
2,15,0.0
2,16,0.0
2,17,0.0
2,18,0.0
2,19,0.0
2,20,0.0
2,21,0.0
2,22,0.0
2,23,0.0
2,24,0.0
2,25,0.0
2,26,0.0
2,27,0.0
2,28,0.0
2,29,0.0
2,30,0.0
2,31,0.0
2,32,0.0
2,33,0.0
2,34,0.0
2,35,0.0
2,36,0.0
2,37,0.0
2,38,0.0
2,39,0.0
2,40,0.0
2,41,0.0
2,42,0.0
2,43,0.0
2,44,0.0
2,45,0.0
2,46,0.0
2,47,0.0
2,48,0.0
2,49,0.0
2,50,0.0
2,51,0.0
2,52,0.0
2,53,0.0
2,54,0.0
2,55,0.0
2,56,0.0
2,57,0.0
2,58,0.0
2,59,0.0
2,60,0.0
2,61,0.0
2,62,0.0
2,63,0.0
2,64,0.0
2,65,0.0
2,66,0.0
2,67,0.0
2,68,0.0
2,69,0.0
2,70,0.0
2,71,0.0
2,72,0.0
2,73,0.0
2,74,0.0
2,75,0.0
2,76,0.0
2,77,0.0
2,78,0.0
2,79,0.0
2,80,0.0
2,81,0.0
2,82,0.0
2,83,0.0
2,84,0.0
2,85,0.0
2,86,0.0
2,87,0.0
2,88,0.0
2,89,0.0
2,90,0.0
2,91,0.0
2,92,0.0
2,93,0.0
2,94,0.0
2,95,0.0
2,96,0.0
2,97,0.0
2,98,0.0
2,99,0.0
2,100,0.0
2,101,0.0
2,102,0.0
2,103,0.0
2,104,0.0
2,105,0.0
2,106,0.0
2,107,0.0
2,108,0.0
2,109,0.0
2,110,0.0
2,111,0.0
2,112,0.0
2,113,0.0
2,114,0.0
2,115,0.0
2,116,0.0
2,117,0.0
2,118,0.0
2,119,0.0
2,120,0.0
2,121,0.0
2,122,0.0
2,123,0.0
2,124,0.0
2,125,0.0
2,126,0.0
2,127,0.0
3,0,0.0
3,1,0.0
3,2,0.0
3,3,0.0
3,4,0.0
3,5,0.0
3,6,0.0
3,7,0.0
3,8,0.0
3,9,0.0
3,10,0.0
3,11,0.0
3,12,0.0
3,13,0.0
3,14,0.0
3,15,0.0
3,16,0.0
3,17,0.0
3,18,0.0
3,19,0.0
3,20,0.0
3,21,0.0
3,22,0.0
3,23,0.0
3,24,0.0
3,25,0.0
3,26,0.0
3,27,0.0
3,28,0.0
3,29,0.0
3,30,0.0
3,31,0.0
3,32,0.0
3,33,0.0
3,34,0.0
3,35,0.0
3,36,0.0
3,37,0.0
3,38,0.0
3,39,0.0
3,40,0.0
3,41,0.0
3,42,0.0
3,43,0.0
3,44,0.0
3,45,0.0
3,46,0.0
3,47,0.0
3,48,0.0
3,49,0.0
3,50,0.0
3,51,0.0
3,52,0.0
3,53,0.0
3,54,0.0
3,55,0.0
3,56,0.0
3,57,0.0
3,58,0.0
3,59,0.0
3,60,0.0
3,61,0.0
3,62,0.0
3,63,0.0
3,64,0.0
3,65,0.0
3,66,0.0
3,67,0.0
3,68,0.0
3,69,0.0
3,70,0.0
3,71,0.0
3,72,0.0
3,73,0.0
3,74,0.0
3,75,0.0
3,76,0.0
3,77,0.0
3,78,0.0
3,79,0.0
3,80,0.0
3,81,0.0
3,82,0.0
3,83,0.0
3,84,0.0
3,85,0.0
3,86,0.0
3,87,0.0
3,88,0.0
3,89,0.0
3,90,0.0
3,91,0.0
3,92,0.0
3,93,0.0
3,94,0.0
3,95,0.0
3,96,0.0
3,97,0.0
3,98,0.0
3,99,0.0
3,100,0.0
3,101,0.0
3,102,0.0
3,103,0.0
3,104,0.0
3,105,0.0
3,106,0.0
3,107,0.0
3,108,0.0
3,109,0.0
3,110,0.0
3,111,0.0
3,112,0.0
3,113,0.0
3,114,0.0
3,115,0.0
3,116,0.0
3,117,0.0
3,118,0.0
3,119,0.0
3,120,0.0
3,121,0.0
3,122,0.0
3,123,0.0
3,124,0.0
3,125,0.0
3,126,0.0
3,127,0.0
4,0,-4.836218702737156e-19
4,1,-8.159743227414645e-19
4,2,-9.752096367274465e-19
4,3,-7.502816550892469e-19
4,4,-2.2646512444718e-18
4,5,-2.3680364637908526e-18
4,6,-1.689072603165718e-18
4,7,-1.5888569174173077e-18
4,8,-2.139308018996583e-18
4,9,-1.648305801503372e-18
4,10,0.0
4,11,-6.918327270546238e-19
4,12,0.0
4,13,0.0
4,14,0.0
4,15,0.0
4,16,0.0
4,17,0.0
4,18,0.0
4,19,0.0
4,20,0.0
4,21,0.0
4,22,0.0
4,23,0.0
4,24,0.0
4,25,0.0
4,26,0.0
4,27,0.0
4,28,0.0
4,29,0.0
4,30,0.0
4,31,0.0
4,32,0.0
4,33,0.0
4,34,0.0
4,35,0.0
4,36,0.0
4,37,0.0
4,38,0.0
4,39,0.0
4,40,0.0
4,41,0.0
4,42,0.0
4,43,0.0
4,44,0.0
4,45,0.0
4,46,0.0
4,47,0.0
4,48,0.0
4,49,0.0
4,50,0.0
4,51,0.0
4,52,0.0
4,53,0.0
4,54,0.0
4,55,0.0
4,56,0.0
4,57,0.0
4,58,0.0
4,59,0.0
4,60,0.0
4,61,0.0
4,62,0.0
4,63,0.0
4,64,0.0
4,65,0.0
4,66,0.0
4,67,0.0
4,68,0.0
4,69,0.0
4,70,0.0
4,71,0.0
4,72,0.0
4,73,0.0
4,74,0.0
4,75,0.0
4,76,0.0
4,77,0.0
4,78,0.0
4,79,0.0
4,80,0.0
4,81,0.0
4,82,0.0
4,83,0.0
4,84,0.0
4,85,0.0
4,86,0.0
4,87,0.0
4,88,0.0
4,89,0.0
4,90,0.0
4,91,0.0
4,92,0.0
4,93,0.0
4,94,0.0
4,95,0.0
4,96,0.0
4,97,0.0
4,98,0.0
4,99,0.0
4,100,0.0
4,101,0.0
4,102,0.0
4,103,0.0
4,104,0.0
4,105,0.0
4,106,0.0
4,107,0.0
4,108,0.0
4,109,0.0
4,110,0.0
4,111,0.0
4,112,0.0
4,113,0.0
4,114,0.0
4,115,0.0
4,116,0.0
4,117,0.0
4,118,0.0
4,119,0.0
4,120,0.0
4,121,0.0
4,122,0.0
4,123,0.0
4,124,0.0
4,125,0.0
4,126,0.0
4,127,0.0
5,0,-1.296106612333558e-16
5,1,-1.5993096725732702e-16
5,2,-2.194221682636755e-16
5,3,-2.836064656237353e-16
5,4,-3.4681516201053855e-16
5,5,-4.090782991198698e-16
5,6,-4.639319416695173e-16
5,7,-4.840717408398064e-16
5,8,-5.407101018013864e-16
5,9,-5.670171957171601e-16
5,10,-5.612082913594403e-16
5,11,-5.55541679824863e-16
5,12,-4.804403411963903e-16
5,13,-3.9160076472085137e-16
5,14,-3.453787587441851e-16
5,15,-2.768267404100811e-16
5,16,-1.267765669276347e-16
5,17,-6.802987762452363e-17
5,18,-3.4029194761926276e-17
5,19,0.0
5,20,0.0
5,21,0.0
5,22,0.0
5,23,0.0
5,24,0.0
5,25,0.0
5,26,0.0
5,27,0.0
5,28,0.0
5,29,0.0
5,30,0.0
5,31,0.0
5,32,0.0
5,33,0.0
5,34,0.0
5,35,0.0
5,36,0.0
5,37,0.0
5,38,0.0
5,39,0.0
5,40,0.0
5,41,0.0
5,42,0.0
5,43,0.0
5,44,0.0
5,45,0.0
5,46,0.0
5,47,0.0
5,48,0.0
5,49,0.0
5,50,0.0
5,51,0.0
5,52,0.0
5,53,0.0
5,54,0.0
5,55,0.0
5,56,0.0
5,57,0.0
5,58,0.0
5,59,0.0
5,60,0.0
5,61,0.0
5,62,0.0
5,63,0.0
5,64,0.0
5,65,0.0
5,66,0.0
5,67,0.0
5,68,0.0
5,69,0.0
5,70,0.0
5,71,0.0
5,72,0.0
5,73,0.0
5,74,0.0
5,75,0.0
5,76,0.0
5,77,0.0
5,78,0.0
5,79,0.0
5,80,0.0
5,81,0.0
5,82,0.0
5,83,0.0
5,84,0.0
5,85,0.0
5,86,0.0
5,87,0.0
5,88,0.0
5,89,0.0
5,90,0.0
5,91,0.0
5,92,0.0
5,93,0.0
5,94,0.0
5,95,0.0
5,96,0.0
5,97,0.0
5,98,0.0
5,99,0.0
5,100,0.0
5,101,0.0
5,102,0.0
5,103,0.0
5,104,0.0
5,105,0.0
5,106,0.0
5,107,0.0
5,108,0.0
5,109,0.0
5,110,0.0
5,111,0.0
5,112,0.0
5,113,0.0
5,114,0.0
5,115,0.0
5,116,0.0
5,117,0.0
5,118,0.0
5,119,0.0
5,120,0.0
5,121,0.0
5,122,0.0
5,123,0.0
5,124,0.0
5,125,0.0
5,126,0.0
5,127,0.0
6,0,-1.0299211349349049e-14
6,1,-1.2875258838537567e-14
6,2,-1.7949708573605384e-14
6,3,-2.3681890161236988e-14
6,4,-3.001051124852759e-14
6,5,-3.654353870922044e-14
6,6,-4.3122023558820784e-14
6,7,-4.7285441100284025e-14
6,8,-5.5417704578096995e-14
6,9,-6.316747379574657e-14
6,10,-7.031180539134485e-14
6,11,-7.801659296449583e-14
6,12,-8.017653558338405e-14
6,13,-7.94909795960514e-14
6,14,-7.535965736656395e-14
6,15,-6.47894932011942e-14
6,16,-4.526557322151197e-14
6,17,-2.5369475197478602e-14
6,18,-1.2848451679395877e-14
6,19,-6.658798823796331e-15
6,20,-3.628125757592796e-15
6,21,-1.9585867398974733e-15
6,22,-9.43926552978018e-16
6,23,-2.867604997567429e-16
6,24,-5.553791401727943e-17
6,25,0.0
6,26,0.0
6,27,0.0
6,28,0.0
6,29,0.0
6,30,0.0
6,31,0.0
6,32,0.0
6,33,0.0
6,34,0.0
6,35,0.0
6,36,0.0
6,37,0.0
6,38,0.0
6,39,0.0
6,40,0.0
6,41,0.0
6,42,0.0
6,43,0.0
6,44,0.0
6,45,0.0
6,46,0.0
6,47,0.0
6,48,0.0
6,49,0.0
6,50,0.0
6,51,0.0
6,52,0.0
6,53,0.0
6,54,0.0
6,55,0.0
6,56,0.0
6,57,0.0
6,58,0.0
6,59,0.0
6,60,0.0
6,61,0.0
6,62,0.0
6,63,0.0
6,64,0.0
6,65,0.0
6,66,0.0
6,67,0.0
6,68,0.0
6,69,0.0
6,70,0.0
6,71,0.0
6,72,0.0
6,73,0.0
6,74,0.0
6,75,0.0
6,76,0.0
6,77,0.0
6,78,0.0
6,79,0.0
6,80,0.0
6,81,0.0
6,82,0.0
6,83,0.0
6,84,0.0
6,85,0.0
6,86,0.0
6,87,0.0
6,88,0.0
6,89,0.0
6,90,0.0
6,91,0.0
6,92,0.0
6,93,0.0
6,94,0.0
6,95,0.0
6,96,0.0
6,97,0.0
6,98,0.0
6,99,0.0
6,100,0.0
6,101,0.0
6,102,0.0
6,103,0.0
6,104,0.0
6,105,0.0
6,106,0.0
6,107,0.0
6,108,0.0
6,109,0.0
6,110,0.0
6,111,0.0
6,112,0.0
6,113,0.0
6,114,0.0
6,115,0.0
6,116,0.0
6,117,0.0
6,118,0.0
6,119,0.0
6,120,0.0
6,121,0.0
6,122,0.0
6,123,0.0
6,124,0.0
6,125,0.0
6,126,0.0
6,127,0.0
7,0,-1.9275910332247593e-13
7,1,-2.420391994575096e-13
7,2,-3.408435697133364e-13
7,3,-4.568074851377778e-13
7,4,-5.904566955822181e-13
7,5,-7.360105973290669e-13
7,6,-8.916794439856166e-13
7,7,-1.0067294015380645e-12
7,8,-1.2305363904508916e-12
7,9,-1.4859037252339165e-12
7,10,-1.777926850816689e-12
7,11,-2.1590162279739054e-12
7,12,-2.4521968164702454e-12
7,13,-2.715039663370728e-12
7,14,-2.9080543622762367e-12
7,15,-2.853463842448322e-12
7,16,-2.3021546953239582e-12
7,17,-1.498533798530663e-12
7,18,-8.984776906126768e-13
7,19,-5.469746343087433e-13
7,20,-3.63324464789435e-13
7,21,-2.3573472815721657e-13
7,22,-1.5656595092062059e-13
7,23,-6.101481360733244e-14
7,24,-1.666137420518383e-14
7,25,-4.153180485278768e-15
7,26,-9.854930443326905e-16
7,27,-2.329474261620453e-16
7,28,-3.470831365066715e-17
7,29,0.0
7,30,-3.23478933424443e-17
7,31,0.0
7,32,0.0
7,33,0.0
7,34,0.0
7,35,0.0
7,36,0.0
7,37,0.0
7,38,0.0
7,39,0.0
7,40,0.0
7,41,0.0
7,42,0.0
7,43,0.0
7,44,0.0
7,45,0.0
7,46,0.0
7,47,0.0
7,48,0.0
7,49,0.0
7,50,0.0
7,51,0.0
7,52,0.0
7,53,0.0
7,54,0.0
7,55,0.0
7,56,0.0
7,57,0.0
7,58,0.0
7,59,0.0
7,60,0.0
7,61,0.0
7,62,0.0
7,63,0.0
7,64,0.0
7,65,0.0
7,66,0.0
7,67,0.0
7,68,0.0
7,69,0.0
7,70,0.0
7,71,0.0
7,72,0.0
7,73,0.0
7,74,0.0
7,75,0.0
7,76,0.0
7,77,0.0
7,78,0.0
7,79,0.0
7,80,0.0
7,81,0.0
7,82,0.0
7,83,0.0
7,84,0.0
7,85,0.0
7,86,0.0
7,87,0.0
7,88,0.0
7,89,0.0
7,90,0.0
7,91,0.0
7,92,0.0
7,93,0.0
7,94,0.0
7,95,0.0
7,96,0.0
7,97,0.0
7,98,0.0
7,99,0.0
7,100,0.0
7,101,0.0
7,102,0.0
7,103,0.0
7,104,0.0
7,105,0.0
7,106,0.0
7,107,0.0
7,108,0.0
7,109,0.0
7,110,0.0
7,111,0.0
7,112,0.0
7,113,0.0
7,114,0.0
7,115,0.0
7,116,0.0
7,117,0.0
7,118,0.0
7,119,0.0
7,120,0.0
7,121,0.0
7,122,0.0
7,123,0.0
7,124,0.0
7,125,0.0
7,126,0.0
7,127,0.0
8,0,5.053077651099112e-12
8,1,6.4261796675720754e-12
8,2,9.156790371840199e-12
8,3,1.2476091514044364e-11
8,4,1.6454618185775068e-11
8,5,2.0994516368348767e-11
8,6,2.610676107808379e-11
8,7,3.033296486030476e-11
8,8,3.8642074726713094e-11
8,9,4.9371011383993876e-11
8,10,6.33973300741019e-11
8,11,8.400340621069572e-11
8,12,1.050789343249704e-10
8,13,1.2934672649786756e-10
8,14,1.555287114639014e-10
8,15,1.729398331561107e-10
8,16,1.5940101412414344e-10
8,17,1.1924249738075453e-10
8,18,8.252095285970441e-11
8,19,5.820118958387716e-11
8,20,4.531476086228526e-11
8,21,3.504599595088179e-11
8,22,2.9296346368281794e-11
8,23,1.5723234616480263e-11
8,24,6.0964856823391914e-12
8,25,2.249263665577331e-12
8,26,8.187773719650132e-13
8,27,2.8903399876875314e-13
8,28,9.827659010186405e-14
8,29,3.223683146031227e-14
8,30,1.0383673762924622e-14
8,31,3.087057391242775e-15
8,32,1.084334282772911e-15
8,33,2.9254130116759872e-16
8,34,5.612573545388131e-17
8,35,0.0
8,36,0.0
8,37,0.0
8,38,0.0
8,39,0.0
8,40,0.0
8,41,0.0
8,42,0.0
8,43,0.0
8,44,0.0
8,45,0.0
8,46,0.0
8,47,0.0
8,48,0.0
8,49,0.0
8,50,0.0
8,51,0.0
8,52,0.0
8,53,0.0
8,54,0.0
8,55,0.0
8,56,0.0
8,57,0.0
8,58,0.0
8,59,0.0
8,60,0.0
8,61,0.0
8,62,0.0
8,63,0.0
8,64,0.0
8,65,0.0
8,66,0.0
8,67,0.0
8,68,0.0
8,69,0.0
8,70,0.0
8,71,0.0
8,72,0.0
8,73,0.0
8,74,0.0
8,75,0.0
8,76,0.0
8,77,0.0
8,78,0.0
8,79,0.0
8,80,0.0
8,81,0.0
8,82,0.0
8,83,0.0
8,84,0.0
8,85,0.0
8,86,0.0
8,87,0.0
8,88,0.0
8,89,0.0
8,90,0.0
8,91,0.0
8,92,0.0
8,93,0.0
8,94,0.0
8,95,0.0
8,96,0.0
8,97,0.0
8,98,0.0
8,99,0.0
8,100,0.0
8,101,0.0
8,102,0.0
8,103,0.0
8,104,0.0
8,105,0.0
8,106,0.0
8,107,0.0
8,108,0.0
8,109,0.0
8,110,0.0
8,111,0.0
8,112,0.0
8,113,0.0
8,114,0.0
8,115,0.0
8,116,0.0
8,117,0.0
8,118,0.0
8,119,0.0
8,120,0.0
8,121,0.0
8,122,0.0
8,123,0.0
8,124,0.0
8,125,0.0
8,126,0.0
8,127,0.0
9,0,1.6312324937365404e-10
9,1,2.079222261458911e-10
9,2,2.976442461858529e-10
9,3,4.087458198298794e-10
9,4,5.446663222214219e-10
9,5,7.035421012726702e-10
9,6,8.872430835329176e-10
9,7,1.0472348003721653e-09
9,8,1.3651075162074056e-09
9,9,1.8004975068244239e-09
9,10,2.4071759405015983e-09
9,11,3.3541789321617795e-09
9,12,4.4384562514929514e-09
9,13,5.814429744438802e-09
9,14,7.486222145976806e-09
9,15,8.96616424768968e-09
9,16,8.946541520699422e-09
9,17,7.273104070615785e-09
9,18,5.486298667510131e-09
9,19,4.230009472930851e-09
9,20,3.630288156466358e-09
9,21,3.1290033745647807e-09
9,22,3.0267495763047695e-09
9,23,1.9906115656158317e-09
9,24,9.662167493099816e-10
9,25,4.5338159168855795e-10
9,26,2.1240511948323803e-10
9,27,9.76890476637087e-11
9,28,4.358284765969259e-11
9,29,1.8827181745161563e-11
9,30,7.904692956626401e-12
9,31,3.241191984019674e-12
9,32,1.3046348645562741e-12
9,33,5.174470535052486e-13
9,34,1.7255857365295807e-13
9,35,4.4644018529739765e-14
9,36,1.0391208888587143e-14
9,37,2.5720775813026628e-15
9,38,4.2903070232637853e-16
9,39,0.0
9,40,0.0
9,41,0.0
9,42,0.0
9,43,0.0
9,44,0.0
9,45,0.0
9,46,0.0
9,47,0.0
9,48,0.0
9,49,0.0
9,50,0.0
9,51,0.0
9,52,0.0
9,53,0.0
9,54,0.0
9,55,0.0
9,56,0.0
9,57,0.0
9,58,0.0
9,59,0.0
9,60,0.0
9,61,0.0
9,62,0.0
9,63,0.0
9,64,0.0
9,65,0.0
9,66,0.0
9,67,0.0
9,68,0.0
9,69,0.0
9,70,0.0
9,71,0.0
9,72,0.0
9,73,0.0
9,74,0.0
9,75,0.0
9,76,0.0
9,77,0.0
9,78,0.0
9,79,0.0
9,80,0.0
9,81,0.0
9,82,0.0
9,83,0.0
9,84,0.0
9,85,0.0
9,86,0.0
9,87,0.0
9,88,0.0
9,89,0.0
9,90,0.0
9,91,0.0
9,92,0.0
9,93,0.0
9,94,0.0
9,95,0.0
9,96,0.0
9,97,0.0
9,98,0.0
9,99,0.0
9,100,0.0
9,101,0.0
9,102,0.0
9,103,0.0
9,104,0.0
9,105,0.0
9,106,0.0
9,107,0.0
9,108,0.0
9,109,0.0
9,110,0.0
9,111,0.0
9,112,0.0
9,113,0.0
9,114,0.0
9,115,0.0
9,116,0.0
9,117,0.0
9,118,0.0
9,119,0.0
9,120,0.0
9,121,0.0
9,122,0.0
9,123,0.0
9,124,0.0
9,125,0.0
9,126,0.0
9,127,0.0
10,0,1.1857550932949636e-09
10,1,1.5172830557567967e-09
10,2,2.180775642347841e-09
10,3,3.014412592899675e-09
10,4,4.0508389391346875e-09
10,5,5.2853544865246855e-09
10,6,6.74244388191503e-09
10,7,8.061661319832563e-09
10,8,1.0708024409584198e-08
10,9,1.449531260872898e-08
10,10,2.002884072998453e-08
10,11,2.907548250075498e-08
10,12,4.0271540368680855e-08
10,13,5.547650650049306e-08
10,14,7.545581482833698e-08
10,15,9.587664994520259e-08
10,16,1.0185138947098859e-07
10,17,8.838392759150316e-08
10,18,7.131255539201897e-08
10,19,5.89366510545732e-08
10,20,5.456957671259951e-08
10,21,5.117885017010902e-08
10,22,5.5512091168727805e-08
10,23,4.273651814627093e-08
10,24,2.4651224418566402e-08
10,25,1.389551931159908e-08
10,26,7.88474680631853e-09
10,27,4.42171454189489e-09
10,28,2.4192996176276907e-09
10,29,1.2882782145823414e-09
10,30,6.697508071079458e-10
10,31,3.4147373076599544e-10
10,32,1.7149581017043387e-10
10,33,8.522131810007762e-11
10,34,3.6752506655720096e-11
10,35,1.3178185388043999e-11
10,36,4.539312152211419e-12
10,37,1.477312329245512e-12
10,38,4.541528334514898e-13
10,39,1.227948091260709e-13
10,40,2.2432404086253914e-14
10,41,-4.526164391198294e-15
10,42,-9.030299833067375e-15
10,43,-8.526572728862035e-15
10,44,-6.674539448682769e-15
10,45,-4.7358298377745985e-15
10,46,-3.1022988438994418e-15
10,47,-2.4615150418468523e-15
10,48,-1.7552253764462518e-15
10,49,-1.1580717635745522e-15
10,50,-3.9706801975112195e-16
10,51,-3.8608224661614303e-16
10,52,-4.3830466873807636e-16
10,53,-3.658309419009762e-16
10,54,0.0
10,55,-2.3171880055477503e-16
10,56,-1.6958940679539998e-16
10,57,0.0
10,58,-1.0761550902763481e-16
10,59,0.0
10,60,0.0
10,61,0.0
10,62,0.0
10,63,0.0
10,64,0.0
10,65,0.0
10,66,0.0
10,67,0.0
10,68,0.0
10,69,0.0
10,70,0.0
10,71,0.0
10,72,0.0
10,73,0.0
10,74,0.0
10,75,0.0
10,76,0.0
10,77,0.0
10,78,0.0
10,79,0.0
10,80,0.0
10,81,0.0
10,82,0.0
10,83,0.0
10,84,0.0
10,85,0.0
10,86,0.0
10,87,0.0
10,88,0.0
10,89,0.0
10,90,0.0
10,91,0.0
10,92,0.0
10,93,0.0
10,94,0.0
10,95,0.0
10,96,0.0
10,97,0.0
10,98,0.0
10,99,0.0
10,100,0.0
10,101,0.0
10,102,0.0
10,103,0.0
10,104,0.0
10,105,0.0
10,106,0.0
10,107,0.0
10,108,0.0
10,109,0.0
10,110,0.0
10,111,0.0
10,112,0.0
10,113,0.0
10,114,0.0
10,115,0.0
10,116,0.0
10,117,0.0
10,118,0.0
10,119,0.0
10,120,0.0
10,121,0.0
10,122,0.0
10,123,0.0
10,124,0.0
10,125,0.0
10,126,0.0
10,127,0.0
11,0,5.426976977724861e-10
11,1,6.792011865564419e-10
11,2,9.696895288930063e-10
11,3,1.3345433294202357e-09
11,4,1.7875973223007065e-09
11,5,2.326322189588976e-09
11,6,2.961106284689406e-09
11,7,3.533402271783814e-09
11,8,4.6816054605932316e-09
11,9,6.318880463101087e-09
11,10,8.698870097177014e-09
11,11,1.2566689991374905e-08
11,12,1.7295437169586366e-08
11,13,2.3624405092011376e-08
11,14,3.1769589805667065e-08
11,15,3.976109612493103e-08
11,16,4.140552062664764e-08
11,17,3.5014206588544986e-08
11,18,2.7330839004612485e-08
11,19,2.164850341990308e-08
11,20,1.8908452831818265e-08
11,21,1.631527258859728e-08
11,22,1.510972054575998e-08
11,23,8.156383483352537e-09
11,24,1.8241747757360168e-09
11,25,-1.2238414260570103e-09
11,26,-2.4227651815293986e-09
11,27,-2.6451336136285445e-09
11,28,-2.367475350308274e-09
11,29,-1.892792066939689e-09
11,30,-1.4024548198864225e-09
11,31,-9.830625124019995e-10
11,32,-6.603590360415615e-10
11,33,-4.2897905353655276e-10
11,34,-2.454321724405421e-10
11,35,-1.1974785234784785e-10
11,36,-5.402857619992723e-11
11,37,-2.2008080750477056e-11
11,38,-7.973201912189493e-12
11,39,-2.462984038820299e-12
11,40,-6.787582585622463e-13
11,41,-3.4502304559191566e-13
11,42,-4.64935020571955e-13
11,43,-6.449337201202124e-13
11,44,-7.63741087920872e-13
11,45,-8.094803781249851e-13
11,46,-7.875353812164005e-13
11,47,-7.154321071626646e-13
11,48,-6.197349759156427e-13
11,49,-5.225628528459054e-13
11,50,-4.3346592156164147e-13
11,51,-3.571260781199323e-13
11,52,-2.890932365090998e-13
11,53,-2.3638776029168074e-13
11,54,-1.9106631412045589e-13
11,55,-1.538612835683706e-13
11,56,-1.260049292489822e-13
11,57,-1.0197281836323567e-13
11,58,-8.173397910648864e-14
11,59,-6.966628549444849e-14
11,60,-5.781632726833222e-14
11,61,-4.984709242645189e-14
11,62,-4.238383212530947e-14
11,63,-3.613953945941032e-14
11,64,-3.2861727053408625e-14
11,65,-2.7769206087491006e-14
11,66,-2.4665395182596557e-14
11,67,-2.1279363879578928e-14
11,68,-1.937605512625319e-14
11,69,-1.715377974536252e-14
11,70,-1.6268162241693305e-14
11,71,-1.4461952509032446e-14
11,72,-1.2523122726616136e-14
11,73,-1.1343132753639184e-14
11,74,-1.072432152983632e-14
11,75,-9.141151707476215e-15
11,76,-8.458976560331409e-15
11,77,-7.602466859734286e-15
11,78,-8.178246666484944e-15
11,79,-5.99661713673389e-15
11,80,-5.173009774177188e-15
11,81,-4.442662247473632e-15
11,82,-4.0448981416027684e-15
11,83,-3.4804726706593393e-15
11,84,-2.9403367790803804e-15
11,85,-3.690411137161027e-15
11,86,-3.054871244006166e-15
11,87,-1.999016672222467e-15
11,88,-2.7266151751967595e-15
11,89,-1.8216759219914667e-15
11,90,-1.3694576234615789e-15
11,91,-7.258232659225007e-16
11,92,-1.120479702552386e-15
11,93,-1.099572422290431e-15
11,94,-8.839129684443521e-16
11,95,-7.723845671299057e-16
11,96,-1.1396116026501836e-15
11,97,-1.8693214907808288e-16
11,98,-3.6816051037563496e-16
11,99,-5.441131165844036e-16
11,100,-2.6821042903793787e-16
11,101,-5.29537248915376e-16
11,102,-7.831329621738068e-16
11,103,-3.430321901910934e-16
11,104,-4.231044909984738e-16
11,105,-7.518906989317691e-16
11,106,-4.1264938775388297e-16
11,107,-7.341923604030744e-16
11,108,-8.877006891699579e-16
11,109,-1.4379801444499976e-15
11,110,-1.2655892245974536e-15
11,111,-1.410515549727461e-15
11,112,-1.009522831331649e-15
11,113,-1.6938984956147026e-15
11,114,-1.6043342375724798e-15
11,115,-9.101693814785518e-16
11,116,-1.2055462356477381e-15
11,117,-1.7228268802011467e-15
11,118,-2.309768210655639e-15
11,119,-2.595953036772098e-15
11,120,-1.9935887088927745e-15
11,121,-1.4712830436150483e-15
11,122,-1.6866788182295422e-15
11,123,-1.2436128971826211e-15
11,124,-1.5333339334724808e-15
11,125,-1.6040865635919738e-15
11,126,-1.9672685528479243e-15
11,127,-2.258284524044728e-15
12,0,-2.290441168790653e-08
12,1,-2.98527559857904e-08
12,2,-4.328553155226121e-08
12,3,-6.05321568547199e-08
12,4,-8.250413900863465e-08
12,5,-1.0943538583363414e-07
12,6,-1.422233238295167e-07
12,7,-1.7363597158553697e-07
12,8,-2.3766469486825055e-07
12,9,-3.3530511870124945e-07
12,10,-4.881296215485231e-07
12,11,-7.557237230117928e-07
12,12,-1.124155327208697e-06
12,13,-1.6742602172147836e-06
12,14,-2.477854672610915e-06
12,15,-3.445900240166519e-06
12,16,-4.026242958504667e-06
12,17,-3.857801095970597e-06
12,18,-3.4483713241077875e-06
12,19,-3.16893743898312e-06
12,20,-3.296842702035639e-06
12,21,-3.5217378806638285e-06
12,22,-4.56222771833884e-06
12,23,-4.468951854233399e-06
12,24,-3.348528630132994e-06
12,25,-2.4864423933690154e-06
12,26,-1.8770684992351414e-06
12,27,-1.4108932333534173e-06
12,28,-1.0406377149552743e-06
12,29,-7.502944319464434e-07
12,30,-5.297881639710146e-07
12,31,-3.6754037869755605e-07
12,32,-2.512687612499079e-07
12,33,-1.6977852965016869e-07
12,34,-1.0397486581237285e-07
12,35,-5.6408359364371746e-08
12,36,-2.896368300279282e-08
12,37,-1.3613870466112278e-08
12,38,-5.535835350852712e-09
12,39,-1.4929502893395454e-09
12,40,3.7726349850510035e-10
12,41,1.1209568563492302e-09
12,42,1.3101791118802463e-09
12,43,1.2482615007744874e-09
12,44,1.0900310436365274e-09
12,45,9.102801675584394e-10
12,46,7.201350607964082e-10
12,47,5.430455482120163e-10
12,48,4.0320616093632953e-10
12,49,2.9664137655512204e-10
12,50,2.1880724411600058e-10
12,51,1.622604588084351e-10
12,52,1.211408984841259e-10
12,53,9.111812241751266e-11
12,54,6.908045363065557e-11
12,55,5.2812538006642384e-11
12,56,4.072655686310172e-11
12,57,3.168813616619538e-11
12,58,2.420735544720326e-11
12,59,1.8164071788241747e-11
12,60,1.377850617609728e-11
12,61,1.0581358437046521e-11
12,62,8.24756547411546e-12
12,63,6.5061523499179555e-12
12,64,5.16112699805853e-12
12,65,4.108677985854678e-12
12,66,3.277348785432245e-12
12,67,2.6217201811153507e-12
12,68,2.091695261366427e-12
12,69,1.6438222075984543e-12
12,70,1.2193944550869233e-12
12,71,8.198994043427265e-13
12,72,4.935628308556652e-13
12,73,2.419126939550631e-13
12,74,5.499837865639032e-14
12,75,-9.410425943820476e-14
12,76,-2.146638641867708e-13
12,77,-3.042344327261524e-13
12,78,-3.5970987370474433e-13
12,79,-3.981232333822891e-13
12,80,-4.289127610293086e-13
12,81,-4.632883278914755e-13
12,82,-5.057348403713037e-13
12,83,-5.424736714269039e-13
12,84,-5.591344419099251e-13
12,85,-5.577133831034602e-13
12,86,-5.42975077777244e-13
12,87,-5.21854407931854e-13
12,88,-4.895910208583301e-13
12,89,-4.3527338794878457e-13
12,90,-3.6796272913471494e-13
12,91,-3.088896441690185e-13
12,92,-2.867409420622697e-13
12,93,-2.971844374063138e-13
12,94,-3.068160126022395e-13
12,95,-2.9572674113986266e-13
12,96,-2.7920484264929496e-13
12,97,-2.656305838399558e-13
12,98,-2.535705515212186e-13
12,99,-2.3795880298624585e-13
12,100,-2.219888317670666e-13
12,101,-2.1658073480638882e-13
12,102,-2.459907648961502e-13
12,103,-3.1215929307389496e-13
12,104,-3.67593181779474e-13
12,105,-4.162132735642304e-13
12,106,-4.679444057129034e-13
12,107,-5.23479152967392e-13
12,108,-5.806369507798043e-13
12,109,-6.475703917173156e-13
12,110,-7.190128782244283e-13
12,111,-7.98821972995652e-13
12,112,-8.77818929644074e-13
12,113,-9.655221425003804e-13
12,114,-1.0402197608946135e-12
12,115,-1.1161710514865309e-12
12,116,-1.1907782942610534e-12
12,117,-1.2639556859353977e-12
12,118,-1.3445831332094082e-12
12,119,-1.4129401528716707e-12
12,120,-1.470973120687476e-12
12,121,-1.5235135916633825e-12
12,122,-1.5684646332301502e-12
12,123,-1.614941077541385e-12
12,124,-1.6519117576610192e-12
12,125,-1.6847283699252794e-12
12,126,-1.7156039016798971e-12
12,127,-1.740918824374868e-12
13,0,-9.663181134360646e-08
13,1,-1.269917846912436e-07
13,2,-1.8465103202168107e-07
13,3,-2.591153536793356e-07
13,4,-3.546299047145794e-07
13,5,-4.726533511351811e-07
13,6,-6.176107941159996e-07
13,7,-7.587130993399826e-07
13,8,-1.0476798440291675e-06
13,9,-1.496266457043376e-06
13,10,-2.2121289791245716e-06
13,11,-3.490545655110359e-06
13,12,-5.303092232245383e-06
13,13,-8.082484200449033e-06
13,14,-1.2263963457811996e-05
13,15,-1.751719389580796e-05
13,16,-2.1056914534021855e-05
13,17,-2.0788783072899467e-05
13,18,-1.917392166077527e-05
13,19,-1.8208616556603907e-05
13,20,-1.964574432175324e-05
13,21,-2.1862331122355153e-05
13,22,-2.9953025644802436e-05
13,23,-3.163689587800502e-05
13,24,-2.5726340886393437e-05
13,25,-2.0826284130148808e-05
13,26,-1.7199213136012988e-05
13,27,-1.418221128196881e-05
13,28,-1.1504586434906288e-05
13,29,-9.144942225995183e-06
13,30,-7.136939163859731e-06
13,31,-5.487361509103827e-06
13,32,-4.17102672969e-06
13,33,-3.146292024392968e-06
13,34,-2.207254471277924e-06
13,35,-1.4283109281810086e-06
13,36,-9.005019884637003e-07
13,37,-5.489860158136817e-07
13,38,-3.2430212459893545e-07
13,39,-1.834400405293103e-07
13,40,-9.69278217729826e-08
13,41,-4.499723219904888e-08
13,42,-1.467820855392774e-08
13,43,2.3721795854167072e-09
13,44,1.1426236577888723e-08
13,45,1.5764834351191244e-08
13,46,1.7401282136023633e-08
13,47,1.7189021760966028e-08
13,48,1.5938834590777692e-08
13,49,1.4281567561735827e-08
13,50,1.2576163525302736e-08
13,51,1.0967769445151249e-08
13,52,9.51111450889942e-09
13,53,8.221250712785445e-09
13,54,7.0977888281343315e-09
13,55,6.134504640804869e-09
13,56,5.322205585565686e-09
13,57,4.648634097366505e-09
13,58,4.0404895014410196e-09
13,59,3.513852375904481e-09
13,60,3.1063250946803825e-09
13,61,2.7861032396929134e-09
13,62,2.527506052495578e-09
13,63,2.3084180709791867e-09
13,64,2.115062264927277e-09
13,65,1.940711522209197e-09
13,66,1.7835412558987408e-09
13,67,1.6443097735737018e-09
13,68,1.5227598294633305e-09
13,69,1.4198764273207937e-09
13,70,1.328912759994616e-09
13,71,1.2495489294141085e-09
13,72,1.1831002369532866e-09
13,73,1.1220824127305924e-09
13,74,1.0610075622425503e-09
13,75,9.975018904094778e-10
13,76,9.317727700583846e-10
13,77,8.655184518551796e-10
13,78,8.0112867634415e-10
13,79,7.409563531514707e-10
13,80,6.845282896086811e-10
13,81,6.33505615549919e-10
13,82,5.877957727054054e-10
13,83,5.457121912388029e-10
13,84,5.063197598436698e-10
13,85,4.670563576628348e-10
13,86,4.2650664073557665e-10
13,87,3.842032304474329e-10
13,88,3.4060516855354795e-10
13,89,2.9751268254261676e-10
13,90,2.5818647932356426e-10
13,91,2.2578443555646198e-10
13,92,1.9944222933879935e-10
13,93,1.8082538457356648e-10
13,94,1.6875263722076169e-10
13,95,1.5793922379621185e-10
13,96,1.4638671913049115e-10
13,97,1.3468031397132993e-10
13,98,1.236375954370252e-10
13,99,1.140319622950598e-10
13,100,1.0774379488706985e-10
13,101,1.0710791072636637e-10
13,102,1.1401319543103585e-10
13,103,1.284068967220418e-10
13,104,1.4544606134204254e-10
13,105,1.6179952658994937e-10
13,106,1.7773320815800551e-10
13,107,1.9456603327640864e-10
13,108,2.1286642885969798e-10
13,109,2.3247153937922368e-10
13,110,2.53624713403942e-10
13,111,2.759955776151723e-10
13,112,2.99036659694531e-10
13,113,3.2217256428116163e-10
13,114,3.4427286169078314e-10
13,115,3.6520106516625847e-10
13,116,3.8559742941735654e-10
13,117,4.060231051879961e-10
13,118,4.258455572545118e-10
13,119,4.436173708880839e-10
13,120,4.5868695756737736e-10
13,121,4.718629827179132e-10
13,122,4.836099774685374e-10
13,123,4.941484142363171e-10
13,124,5.034953145258374e-10
13,125,5.118891045230114e-10
13,126,5.192551427511388e-10
13,127,5.239246321023404e-10
14,0,-1.8567631903706727e-07
14,1,-2.467739138510411e-07
14,2,-3.5995899353076096e-07
14,3,-5.067768700559802e-07
14,4,-6.961085018240395e-07
14,5,-9.315724945684808e-07
14,6,-1.2228008878698839e-06
14,7,-1.5099650265539402e-06
14,8,-2.1000769804583833e-06
14,9,-3.029154291665026e-06
14,10,-4.534542008781447e-06
14,11,-7.2649077069072726e-06
14,12,-1.122569592366865e-05
14,13,-1.7427665292468232e-05
14,14,-2.6976351100532603e-05
14,15,-3.936590100984717e-05
14,16,-4.841807529296533e-05
14,17,-4.8981222506703354e-05
14,18,-4.635309309020102e-05
14,19,-4.522742803807305e-05
14,20,-5.028267489498604e-05
14,21,-5.787330944572403e-05
14,22,-8.301100661340542e-05
14,23,-9.321374375778167e-05
14,24,-8.101035878922961e-05
14,25,-7.035756193052258e-05
14,26,-6.252836035225763e-05
14,27,-5.564147217149831e-05
14,28,-4.8848174485602396e-05
14,29,-4.215310645801528e-05
14,30,-3.5840314181493e-05
14,31,-3.0147006764580705e-05
14,32,-2.5194651062471933e-05
14,33,-2.1021959079103005e-05
14,34,-1.6770011102761587e-05
14,35,-1.28409474359937e-05
14,36,-9.829106967275778e-06
14,37,-7.527162331127535e-06
14,38,-5.812763581334919e-06
14,39,-4.5359741604721266e-06
14,40,-3.5807300348787867e-06
14,41,-2.859358374171768e-06
14,42,-2.3075150643096955e-06
14,43,-1.8790146400287929e-06
14,44,-1.5413683065085133e-06
14,45,-1.271918476330225e-06
14,46,-1.0273758695604062e-06
14,47,-8.109318079215846e-07
14,48,-6.380532494216437e-07
14,49,-4.995698582949639e-07
14,50,-3.913629639143307e-07
14,51,-3.0690694376680777e-07
14,52,-2.41166384845808e-07
14,53,-1.9011929691444435e-07
14,54,-1.50512449142907e-07
14,55,-1.1971269229916537e-07
14,56,-9.561510823692539e-08
14,57,-7.657395111362561e-08
14,58,-5.979205474307655e-08
14,59,-4.5199152132727166e-08
14,60,-3.3674702379485656e-08
14,61,-2.456098759819461e-08
14,62,-1.7475844164268e-08
14,63,-1.2032874523866358e-08
14,64,-7.899311679106933e-09
14,65,-4.775071121344758e-09
14,66,-2.385492528327258e-09
14,67,-4.785846870341211e-10
14,68,1.1876938840389837e-09
14,69,2.780113736808227e-09
14,70,4.501915650747525e-09
14,71,6.346581673643778e-09
14,72,8.068816769273589e-09
14,73,9.534950947658178e-09
14,74,1.0667968843278629e-08
14,75,1.1462904893154289e-08
14,76,1.1958943842576556e-08
14,77,1.221342423717302e-08
14,78,1.230085546500938e-08
14,79,1.2313957474770096e-08
14,80,1.2350061289151079e-08
14,81,1.2484994834743572e-08
14,82,1.2725886563653276e-08
14,83,1.2988970986119443e-08
14,84,1.3139615515058496e-08
14,85,1.3095807838299516e-08
14,86,1.2829628412990903e-08
14,87,1.232573678820003e-08
14,88,1.1568803515269413e-08
14,89,1.0598101922952792e-08
14,90,9.574774397620111e-09
14,91,8.738083749982414e-09
14,92,8.234006341421585e-09
14,93,8.135767540399241e-09
14,94,8.188702523038849e-09
14,95,8.095174572446447e-09
14,96,7.824262529699171e-09
14,97,7.476176520818538e-09
14,98,7.096622604826129e-09
14,99,6.687305637802624e-09
14,100,6.353686025391701e-09
14,101,6.342822585296323e-09
14,102,6.938191190574538e-09
14,103,8.147947221563597e-09
14,104,9.490190914921278e-09
14,105,1.0735046604143948e-08
14,106,1.1988949426747439e-08
14,107,1.3384606212706575e-08
14,108,1.495156869310977e-08
14,109,1.667750613881001e-08
14,110,1.8634943420901878e-08
14,111,2.0807983377440996e-08
14,112,2.315529611864283e-08
14,113,2.5631854138698833e-08
14,114,2.806667404641059e-08
14,115,3.041732403246793e-08
14,116,3.2756893454135016e-08
14,117,3.516228809248911e-08
14,118,3.757478932957258e-08
14,119,3.9799305569649886e-08
14,120,4.179256308170225e-08
14,121,4.3649795376431535e-08
14,122,4.531132873572068e-08
14,123,4.6796773799587286e-08
14,124,4.809203880393316e-08
14,125,4.9213964324944545e-08
14,126,5.021092111229937e-08
14,127,5.0871080674796545e-08
15,0,-2.0488947432073093e-07
15,1,-2.7610492462706385e-07
15,2,-4.041162368288419e-07
15,3,-5.706200697843527e-07
15,4,-7.861173321380801e-07
15,5,-1.0553327238629886e-06
15,6,-1.389928712325e-06
15,7,-1.722989466608619e-06
15,8,-2.408640839554509e-06
15,9,-3.498713031479425e-06
15,10,-5.283285823820274e-06
15,11,-8.553933021004682e-06
15,12,-1.3372688133370795e-05
15,13,-2.102564374824341e-05
15,14,-3.299385358781451e-05
15,15,-4.886216928893576e-05
15,16,-6.106265141525813e-05
15,17,-6.28385068842517e-05
15,18,-6.0554495117086466e-05
15,19,-6.0221547996708874e-05
15,20,-6.837107084731227e-05
15,21,-8.05585744990455e-05
15,22,-0.00011923376107119795
15,23,-0.00013956337510025779
15,24,-0.0001268850725762567
15,25,-0.00011557304837358041
15,26,-0.00010794025360904228
15,27,-0.0001011387153669537
15,28,-9.369426730809423e-05
15,29,-8.553065495563008e-05
15,30,-7.715430963108511e-05
15,31,-6.908763332001409e-05
15,32,-6.170206631774483e-05
15,33,-5.5250903113142146e-05
15,34,-4.820164475172801e-05
15,35,-4.131950341954126e-05
15,36,-3.5732464555561035e-05
15,37,-3.113703613173147e-05
15,38,-2.7405523505526505e-05
15,39,-2.4325278090098832e-05
15,40,-2.172895072459954e-05
15,41,-1.949015055368009e-05
15,42,-1.751944659142539e-05
15,43,-1.5757434188267142e-05
15,44,-1.4168534202313304e-05
15,45,-1.2734110072323767e-05
15,46,-1.1254850283804789e-05
15,47,-9.781940864969681e-06
15,48,-8.465889235074636e-06
15,49,-7.2985390276161604e-06
15,50,-6.296473414592933e-06
15,51,-5.441916407906255e-06
15,52,-4.717414518488988e-06
15,53,-4.105972230577093e-06
15,54,-3.59182906120828e-06
15,55,-3.1608673418149034e-06
15,56,-2.8008055099738697e-06
15,57,-2.501187336746567e-06
15,58,-2.2258418775306815e-06
15,59,-1.9804720355678816e-06
15,60,-1.7843317148847353e-06
15,61,-1.627257027318156e-06
15,62,-1.5017131803046683e-06
15,63,-1.3998189816357472e-06
15,64,-1.3154850196851977e-06
15,65,-1.24441026344489e-06
15,66,-1.183821711924983e-06
15,67,-1.1319564004678734e-06
15,68,-1.0869486924150677e-06
15,69,-1.047976139790431e-06
15,70,-1.0117035030894595e-06
15,71,-9.781696811689177e-07
15,72,-9.491164177072437e-07
15,73,-9.227554038419004e-07
15,74,-8.972185395579278e-07
15,75,-8.7103420704667e-07
15,76,-8.436233086166764e-07
15,77,-8.152779695131612e-07
15,78,-7.868269431508638e-07
15,79,-7.590299372821714e-07
15,80,-7.311356485020752e-07
15,81,-7.033672789455011e-07
15,82,-6.756164401996956e-07
15,83,-6.477975407683536e-07
15,84,-6.204872875584366e-07
15,85,-5.924825727188657e-07
15,86,-5.626073484640702e-07
15,87,-5.30665617536153e-07
15,88,-4.979669036892698e-07
15,89,-4.665237981879195e-07
15,90,-4.377954372731899e-07
15,91,-4.1183309182120045e-07
15,92,-3.8539358175168976e-07
15,93,-3.595778402224616e-07
15,94,-3.384364771466297e-07
15,95,-3.212340264343148e-07
15,96,-3.0544381385001644e-07
15,97,-2.89246615020934e-07
15,98,-2.733163882100288e-07
15,99,-2.601843713794395e-07
15,100,-2.5193326611655676e-07
15,101,-2.483893731325129e-07
15,102,-2.4835147117846816e-07
15,103,-2.5289190812878974e-07
15,104,-2.6325883344745965e-07
15,105,-2.776560564180736e-07
15,106,-2.9335579056367867e-07
15,107,-3.0978795934675367e-07
15,108,-3.280331992024778e-07
15,109,-3.4843896200193474e-07
15,110,-3.7144307358844927e-07
15,111,-3.967318521656061e-07
15,112,-4.237633446643957e-07
15,113,-4.517094676840343e-07
15,114,-4.795143375524211e-07
15,115,-5.072871215818154e-07
15,116,-5.345919343417265e-07
15,117,-5.607020627516557e-07
15,118,-5.85471303340788e-07
15,119,-6.090450007588172e-07
15,120,-6.309483240642764e-07
15,121,-6.505014093902365e-07
15,122,-6.676248658179568e-07
15,123,-6.82789630150029e-07
15,124,-6.963581337827982e-07
15,125,-7.082593618013051e-07
15,126,-7.167648824657416e-07
15,127,-7.208090910348957e-07
16,0,-1.430522427573264e-07
16,1,-1.9604358615775746e-07
16,2,-2.879852475278027e-07
16,3,-4.07633320558608e-07
16,4,-5.626807546530832e-07
16,5,-7.567247224089799e-07
16,6,-9.983443375000089e-07
16,7,-1.2399932692837258e-06
16,8,-1.7370908071460332e-06
16,9,-2.5302541829999272e-06
16,10,-3.832928439245874e-06
16,11,-6.227265673399545e-06
16,12,-9.771834077706254e-06
16,13,-1.542324568830173e-05
16,14,-2.4298246131948017e-05
16,15,-3.613398036307181e-05
16,16,-4.535989552859137e-05
16,17,-4.690542342421739e-05
16,18,-4.542362426187631e-05
16,19,-4.5391250430521446e-05
16,20,-5.177092429852861e-05
16,21,-6.128493435763551e-05
16,22,-9.113321315349154e-05
16,23,-0.00010721782045263893
16,24,-9.793535180165735e-05
16,25,-8.950965536440657e-05
16,26,-8.375451920889213e-05
16,27,-7.852107223003681e-05
16,28,-7.273906192491327e-05
16,29,-6.643551773834732e-05
16,30,-6.008573063485893e-05
16,31,-5.415843202211569e-05
16,32,-4.8980788812722256e-05
16,33,-4.476850224602836e-05
16,34,-4.052530132031694e-05
16,35,-3.6910508268560904e-05
16,36,-3.454353269033402e-05
16,37,-3.3018214360787185e-05
16,38,-3.204221505612975e-05
16,39,-3.1318953846970166e-05
16,40,-3.063378850607545e-05
16,41,-2.9850482613743454e-05
16,42,-2.8902125039633164e-05
16,43,-2.7775901584261303e-05
16,44,-2.6498998015511297e-05
16,45,-2.512457252441968e-05
16,46,-2.3457647153099737e-05
16,47,-2.157900949568112e-05
16,48,-1.9722790578600223e-05
16,49,-1.7938320701565605e-05
16,50,-1.6302019062596907e-05
16,51,-1.4824617607176991e-05
16,52,-1.350603789607177e-05
16,53,-1.2339977571595133e-05
16,54,-1.1318521760496256e-05
16,55,-1.0434326521854394e-05
16,56,-9.681201788618076e-06
16,57,-9.053843807560914e-06
16,58,-8.486610782487483e-06
16,59,-8.005412581994e-06
16,60,-7.653090631403069e-06
16,61,-7.40098724904716e-06
16,62,-7.2216314592258955e-06
16,63,-7.087693455028255e-06
16,64,-6.979811605338197e-06
16,65,-6.88837679528335e-06
16,66,-6.8127414376806e-06
16,67,-6.758051373260615e-06
16,68,-6.730766136297011e-06
16,69,-6.737630958990057e-06
16,70,-6.783240211023096e-06
16,71,-6.869697454063493e-06
16,72,-6.980351030554293e-06
16,73,-7.094239372677401e-06
16,74,-7.191431630037998e-06
16,75,-7.25834664890518e-06
16,76,-7.291354723398045e-06
16,77,-7.295992355803647e-06
16,78,-7.284352425837774e-06
16,79,-7.270122329589918e-06
16,80,-7.264587896568746e-06
16,81,-7.2759177596117744e-06
16,82,-7.30525542114768e-06
16,83,-7.344872700932829e-06
16,84,-7.3757417084402696e-06
16,85,-7.376944456495874e-06
16,86,-7.330758061427318e-06
16,87,-7.22903286589765e-06
16,88,-7.079138998279015e-06
16,89,-6.902313192419926e-06
16,90,-6.728224787597888e-06
16,91,-6.58237305453176e-06
16,92,-6.471241163631304e-06
16,93,-6.410273843904173e-06
16,94,-6.390820725933518e-06
16,95,-6.374674147424751e-06
16,96,-6.332134646257461e-06
16,97,-6.2549485484404245e-06
16,98,-6.153953144650817e-06
16,99,-6.055326174995446e-06
16,100,-5.996226280925345e-06
16,101,-6.01089056174566e-06
16,102,-6.133528246509284e-06
16,103,-6.3789715708223015e-06
16,104,-6.692426937013527e-06
16,105,-7.025284116967671e-06
16,106,-7.368702579773041e-06
16,107,-7.742899614916427e-06
16,108,-8.169110500057402e-06
16,109,-8.649886730453353e-06
16,110,-9.203554690572078e-06
16,111,-9.826290247369183e-06
16,112,-1.0506671838322756e-05
16,113,-1.1227491859781834e-05
16,114,-1.1947092051279443e-05
16,115,-1.2662633520821186e-05
16,116,-1.3383517033624092e-05
16,117,-1.4113223308409306e-05
16,118,-1.4837737953988597e-05
16,119,-1.5524134827305295e-05
16,120,-1.6159715545498886e-05
16,121,-1.674723168082656e-05
16,122,-1.726722270554539e-05
16,123,-1.7729615210546453e-05
16,124,-1.8138474334126178e-05
16,125,-1.849677405479199e-05
16,126,-1.8790691129478718e-05
16,127,-1.8966353333019426e-05
17,0,-7.346804478782445e-08
17,1,-1.028121913031152e-07
17,2,-1.5163903296463284e-07
17,3,-2.1500516779742157e-07
17,4,-2.96929468468721e-07
17,5,-3.9921945520242857e-07
17,6,-5.262397583775258e-07
17,7,-6.529530184082079e-07
17,8,-9.12331517441711e-07
17,9,-1.3236368377141396e-06
17,10,-1.993426368230575e-06
17,11,-3.2122842910722456e-06
17,12,-4.991932265477555e-06
17,13,-7.787968009804682e-06
17,14,-1.210276088759514e-05
17,15,-1.7714950533762022e-05
17,16,-2.183821940559575e-05
17,17,-2.2116955172648976e-05
17,18,-2.090400999498457e-05
17,19,-2.0298661194615146e-05
17,20,-2.2328226260096376e-05
17,21,-2.5257739018147258e-05
17,22,-3.490252378990193e-05
17,23,-3.652761231687925e-05
17,24,-2.8393613544725405e-05
17,25,-2.0528032968560188e-05
17,26,-1.3232921884611007e-05
17,27,-5.93329543489229e-06
17,28,1.2663669752063074e-06
17,29,7.912541820505334e-06
17,30,1.3579407653352038e-05
17,31,1.8014715607850592e-05
17,32,2.1143396917424493e-05
17,33,2.3043751880522018e-05
17,34,2.3525173511935965e-05
17,35,2.2291004854510413e-05
17,36,1.9560320609578554e-05
17,37,1.5792302519468417e-05
17,38,1.1583261253941799e-05
17,39,7.395909498856677e-06
17,40,3.566247378105452e-06
17,41,2.9681286507915876e-07
17,42,-2.327203924780367e-06
17,43,-4.311280495745831e-06
17,44,-5.722368456152374e-06
17,45,-6.662459516951198e-06
17,46,-7.271838107744722e-06
17,47,-7.580084586668155e-06
17,48,-7.642086092430017e-06
17,49,-7.561035274180221e-06
17,50,-7.407427167767788e-06
17,51,-7.21739333822769e-06
17,52,-7.007465505627313e-06
17,53,-6.7880278034778784e-06
17,54,-6.572075831851899e-06
17,55,-6.378003555138262e-06
17,56,-6.227892516279346e-06
17,57,-6.143578774222643e-06
17,58,-6.140063167554647e-06
17,59,-6.251553584270942e-06
17,60,-6.472455557930838e-06
17,61,-6.764860412914279e-06
17,62,-7.077905498250259e-06
17,63,-7.367059578192886e-06
17,64,-7.605563213888918e-06
17,65,-7.79087014851513e-06
17,66,-7.943390441775577e-06
17,67,-8.098377747605747e-06
17,68,-8.297176626040054e-06
17,69,-8.574116421635874e-06
17,70,-8.975539213744552e-06
17,71,-9.513622422515775e-06
17,72,-1.0120949897956462e-05
17,73,-1.073699127190754e-05
17,74,-1.1304291866749231e-05
17,75,-1.1785112933170555e-05
17,76,-1.2170930243213413e-05
17,77,-1.2480748492237063e-05
17,78,-1.2753738403505839e-05
17,79,-1.3036405580040601e-05
17,80,-1.3385979519899959e-05
17,81,-1.3836850803270881e-05
17,82,-1.4402286201722293e-05
17,83,-1.5059112360923411e-05
17,84,-1.572307276048055e-05
17,85,-1.632530218112663e-05
17,86,-1.680475030674605e-05
17,87,-1.712124657451596e-05
17,88,-1.7275069069075752e-05
17,89,-1.7316772895588738e-05
17,90,-1.734345725810777e-05
17,91,-1.745969006113121e-05
17,92,-1.7783757459680362e-05
17,93,-1.8362403836819977e-05
17,94,-1.9046821445114583e-05
17,95,-1.968268695729874e-05
17,96,-2.0188998031666266e-05
17,97,-2.0565416452489495e-05
17,98,-2.0835389577973643e-05
17,99,-2.104300714605463e-05
17,100,-2.1292117270063372e-05
17,101,-2.1728540001412322e-05
17,102,-2.255001160254915e-05
17,103,-2.3778890796582696e-05
17,104,-2.5102962900086906e-05
17,105,-2.6353346854874893e-05
17,106,-2.7584311733533456e-05
17,107,-2.892805286205941e-05
17,108,-3.0452733943502818e-05
17,109,-3.213751417005674e-05
17,110,-3.403122092981303e-05
17,111,-3.611435881089572e-05
17,112,-3.834702283444313e-05
17,113,-4.0676462248374575e-05
17,114,-4.29635489244231e-05
17,115,-4.5220874442221314e-05
17,116,-4.752709746364168e-05
17,117,-4.992101649641397e-05
17,118,-5.2322734113013785e-05
17,119,-5.4565310245112786e-05
17,120,-5.659447703363142e-05
17,121,-5.8448765426716414e-05
17,122,-6.007740917758334e-05
17,123,-6.153063971545783e-05
17,124,-6.282803456960993e-05
17,125,-6.398959203881244e-05
17,126,-6.499552954963743e-05
17,127,-6.563262002515517e-05
18,0,-4.3096933549339486e-08
18,1,-6.184063766201838e-08
18,2,-9.166790329829249e-08
18,3,-1.3025428583908817e-07
18,4,-1.8000507891939745e-07
18,5,-2.419494431609433e-07
18,6,-3.186149368682674e-07
18,7,-3.9485789007633884e-07
18,8,-5.499875034263852e-07
18,9,-7.94099012079828e-07
18,10,-1.1874091951196413e-06
18,11,-1.8941185800085487e-06
18,12,-2.907596140440734e-06
18,13,-4.468887503465485e-06
18,14,-6.820667841234566e-06
18,15,-9.770387190400996e-06
18,16,-1.1738818374326285e-05
18,17,-1.1525434894012542e-05
18,18,-1.0482488251222565e-05
18,19,-9.694806835487201e-06
18,20,-9.970943470961002e-06
18,21,-1.0254559652048766e-05
18,22,-1.1769639765098888e-05
18,23,-7.937127861147658e-06
18,24,-7.881375395585308e-07
18,25,6.2944706724455215e-06
18,26,1.3567506982274881e-05
18,27,2.0965248453276216e-05
18,28,2.794318311598586e-05
18,29,3.3916903012828106e-05
18,30,3.8510498792066944e-05
18,31,4.157589995110938e-05
18,32,4.314558072386991e-05
18,33,4.340880758119581e-05
18,34,4.165732842642388e-05
18,35,3.776907306597769e-05
18,36,3.242995529700947e-05
18,37,2.6169455285657712e-05
18,38,1.9730361889155042e-05
18,39,1.364637753475356e-05
18,40,8.29289042433049e-06
18,41,3.87828708691002e-06
18,42,4.649793325876915e-07
18,43,-1.9962271298283987e-06
18,44,-3.627953683335892e-06
18,45,-4.591283302961324e-06
18,46,-5.062750065314119e-06
18,47,-5.095171120274454e-06
18,48,-4.809882607456661e-06
18,49,-4.356305647077929e-06
18,50,-3.836586226455113e-06
18,51,-3.29366486609014e-06
18,52,-2.741736484663048e-06
18,53,-2.1877148988660656e-06
18,54,-1.6445923154493203e-06
18,55,-1.1355111227814869e-06
18,56,-6.904542264509615e-07
18,57,-3.387642663458687e-07
18,58,-8.399299792017439e-08
18,59,2.9024169951868068e-08
18,60,-1.0885114339595207e-08
18,61,-1.469525130299026e-07
18,62,-3.036184001691295e-07
18,63,-4.123445738101282e-07
18,64,-4.3147971462756673e-07
18,65,-3.5635240091709407e-07
18,66,-2.1764417901383626e-07
18,67,-6.948183238660812e-08
18,68,2.8727408865449873e-08
18,69,2.439618315428676e-08
18,70,-1.284477589043753e-07
18,71,-4.4684615473642996e-07
18,72,-8.658236182398167e-07
18,73,-1.2993679472261213e-06
18,74,-1.667933973335185e-06
18,75,-1.9220952597881083e-06
18,76,-2.0528363278943772e-06
18,77,-2.0888115917294707e-06
18,78,-2.0854718649752316e-06
18,79,-2.1092749517487387e-06
18,80,-2.228145457810345e-06
18,81,-2.4947626056102953e-06
18,82,-2.931959498546765e-06
18,83,-3.512114704571832e-06
18,84,-4.144605484771532e-06
18,85,-4.750724349474306e-06
18,86,-5.256796858135739e-06
18,87,-5.5969290291449476e-06
18,88,-5.7381382446790566e-06
18,89,-5.720932838743678e-06
18,90,-5.675603782438109e-06
18,91,-5.771997837334222e-06
18,92,-6.19433950261192e-06
18,93,-6.996047486443013e-06
18,94,-7.90704958198587e-06
18,95,-8.684692428877946e-06
18,96,-9.27993154962833e-06
18,97,-9.764984745927883e-06
18,98,-1.0153443535568261e-05
18,99,-1.0409396275488692e-05
18,100,-1.0611368393533429e-05
18,101,-1.0989989123605664e-05
18,102,-1.1843824030258106e-05
18,103,-1.3145851545621186e-05
18,104,-1.4352802935464374e-05
18,105,-1.5232300403965291e-05
18,106,-1.601146304004454e-05
18,107,-1.6966870172521106e-05
18,108,-1.8141293889086205e-05
18,109,-1.943794365155564e-05
18,110,-2.085055964638641e-05
18,111,-2.2363722478391114e-05
18,112,-2.3954196186781418e-05
18,113,-2.5568731747643632e-05
18,114,-2.707065031579716e-05
18,115,-2.8495707573247648e-05
18,116,-3.0025841626119618e-05
18,117,-3.177080518786813e-05
18,118,-3.3580647959501105e-05
18,119,-3.517701307818869e-05
18,120,-3.649966240079206e-05
18,121,-3.766057719801063e-05
18,122,-3.867557756538251e-05
18,123,-3.959880560933207e-05
18,124,-4.0442097380743514e-05
18,125,-4.124656239237117e-05
18,126,-4.20680270444171e-05
18,127,-4.2672389716693846e-05
19,0,-3.8748577953002175e-08
19,1,-5.692691010523234e-08
19,2,-8.48712820619173e-08
19,3,-1.2109924511265856e-07
19,4,-1.679606614607686e-07
19,5,-2.2656022720197394e-07
19,6,-2.994313697996615e-07
19,7,-3.726541277163969e-07
19,8,-5.217977438680189e-07
19,9,-7.589810260568553e-07
19,10,-1.1456533596558335e-06
19,11,-1.8493932375119765e-06
19,12,-2.8798646993092756e-06
19,13,-4.501848239368898e-06
19,14,-7.011198443772401e-06
19,15,-1.0292088388883847e-05
19,16,-1.274332392863031e-05
19,17,-1.298488586219209e-05
19,18,-1.2361412427671195e-05
19,19,-1.2096623012010177e-05
19,20,-1.3410789205977956e-05
19,21,-1.531333380411737e-05
19,22,-2.1420700702150445e-05
19,23,-2.297651938678642e-05
19,24,-1.8751618018073994e-05
19,25,-1.4907637691486936e-05
19,26,-1.1754729228770911e-05
19,27,-9.007841621396442e-06
19,28,-6.742281115027674e-06
19,29,-5.219688316033527e-06
19,30,-4.678595107002266e-06
19,31,-5.248719396026582e-06
19,32,-6.953223364684711e-06
19,33,-9.750222928740673e-06
19,34,-1.423710937108986e-05
19,35,-2.0583899691696265e-05
19,36,-2.7759375979886056e-05
19,37,-3.50702645666514e-05
19,38,-4.178692183002655e-05
19,39,-4.742811022912928e-05
19,40,-5.1695873676800596e-05
19,41,-5.446849113516676e-05
19,42,-5.5776189003324475e-05
19,43,-5.576396474855476e-05
19,44,-5.465666298203178e-05
19,45,-5.272661167280944e-05
19,46,-4.9720549704159536e-05
19,47,-4.581879119956246e-05
19,48,-4.158472111427358e-05
19,49,-3.724098184049987e-05
19,50,-3.305139020670157e-05
19,51,-2.9100976311427078e-05
19,52,-2.5430442415971163e-05
19,53,-2.20576431561839e-05
19,54,-1.8995088935308638e-05
19,55,-1.6257299970311896e-05
19,56,-1.3860328869504969e-05
19,57,-1.1817170079933078e-05
19,58,-9.949990749290863e-06
19,59,-8.35046058502427e-06
19,60,-7.163143130784489e-06
19,61,-6.289603876766871e-06
19,62,-5.624583046565832e-06
19,63,-5.062437969410219e-06
19,64,-4.529329729644547e-06
19,65,-3.992795391705196e-06
19,66,-3.4598716400750083e-06
19,67,-2.9650642301127556e-06
19,68,-2.5475321416892144e-06
19,69,-2.2480012280755423e-06
19,70,-2.080683545733384e-06
19,71,-2.054153712094899e-06
19,72,-2.1233097964384133e-06
19,73,-2.204088071435342e-06
19,74,-2.225511357055523e-06
19,75,-2.1477385497243146e-06
19,76,-1.9657875195003034e-06
19,77,-1.7032227869873252e-06
19,78,-1.4028179629585523e-06
19,79,-1.1155434743626924e-06
19,80,-8.794613871346442e-07
19,81,-7.314505392721545e-07
19,82,-6.796314237455152e-07
19,83,-6.965803579498789e-07
19,84,-7.41134740993061e-07
19,85,-7.824499261593615e-07
19,86,-7.905261325281259e-07
19,87,-7.109793340726865e-07
19,88,-4.811265766939831e-07
19,89,-9.434131291129701e-08
19,90,3.50825207916386e-07
19,91,6.880370553886557e-07
19,92,7.884267263349995e-07
19,93,6.339166075540183e-07
19,94,4.806809517940506e-07
19,95,5.454551109329919e-07
19,96,7.559696256397881e-07
19,97,9.314274000095509e-07
19,98,1.0739112388391072e-06
19,99,1.3435051677994764e-06
19,100,1.7665970800674765e-06
19,101,2.1139666206247504e-06
19,102,2.1273590464721604e-06
19,103,1.8620550830348888e-06
19,104,1.838218253662297e-06
19,105,2.2398105402729422e-06
19,106,2.714217054212162e-06
19,107,2.972468421333124e-06
19,108,3.082809898578916e-06
19,109,3.206516173046699e-06
19,110,3.393826054293309e-06
19,111,3.603795912006781e-06
19,112,3.787925293460562e-06
19,113,3.9631784007735385e-06
19,114,4.226263150958229e-06
19,115,4.597532826188731e-06
19,116,4.8977622159720505e-06
19,117,4.9785862768987314e-06
19,118,4.971188049366813e-06
19,119,5.104428395152164e-06
19,120,5.35754397381917e-06
19,121,5.5750344839588335e-06
19,122,5.731318445427425e-06
19,123,5.853355291233115e-06
19,124,5.986344474885272e-06
19,125,6.108589579817009e-06
19,126,6.056591653965273e-06
19,127,5.891320997459703e-06
20,0,-3.43081475445503e-08
20,1,-5.153168968167318e-08
20,2,-7.724983654272378e-08
20,3,-1.1065794787864016e-07
20,4,-1.5400008064543927e-07
20,5,-2.0841570493085145e-07
20,6,-2.763809416000429e-07
20,7,-3.453343218051733e-07
20,8,-4.858890845614026e-07
20,9,-7.11545854929477e-07
20,10,-1.083246147562548e-06
20,11,-1.7672198917383682e-06
20,12,-2.7865338803118326e-06
20,13,-4.419360709538981e-06
20,14,-6.999114091079674e-06
20,15,-1.0478475324033326e-05
20,16,-1.3280394698392108e-05
20,17,-1.3909630346493264e-05
20,18,-1.3669836262098998e-05
20,19,-1.3871800050609346e-05
20,20,-1.605931219360908e-05
20,21,-1.9326823506793103e-05
20,22,-2.9251142350513882e-05
20,23,-3.538918519743273e-05
20,24,-3.376812986732364e-05
20,25,-3.278675366860125e-05
20,26,-3.321046219754542e-05
20,27,-3.443000163833778e-05
20,28,-3.608801517260372e-05
20,29,-3.814175791103583e-05
20,30,-4.069340094489104e-05
20,31,-4.384846275681186e-05
20,32,-4.7677297796858764e-05
20,33,-5.2266487252244754e-05
20,34,-5.7952271039658026e-05
20,35,-6.491916342375152e-05
20,36,-7.20523524573654e-05
20,37,-7.861452886138901e-05
20,38,-8.399776489330728e-05
20,39,-8.78343468772176e-05
20,40,-8.993730206124108e-05
20,41,-9.028116641895029e-05
20,42,-8.897801876339175e-05
20,43,-8.624233525855954e-05
20,44,-8.2362339139967e-05
20,45,-7.767297164277738e-05
20,46,-7.155178212163421e-05
20,47,-6.429226017819548e-05
20,48,-5.683728275952753e-05
20,49,-4.9471812076284115e-05
20,50,-4.258738639326117e-05
20,51,-3.630261555328607e-05
20,52,-3.06760753188771e-05
20,53,-2.572597774767062e-05
20,54,-2.144926944671012e-05
20,55,-1.7832080169804702e-05
20,56,-1.4853392983968704e-05
20,57,-1.2485105896031356e-05
20,58,-1.050918388471237e-05
20,59,-9.030935001106768e-06
20,60,-8.169637415284013e-06
20,61,-7.78343333366988e-06
20,62,-7.728540692488498e-06
20,63,-7.870255715385975e-06
20,64,-8.108768656929111e-06
20,65,-8.385371007870037e-06
20,66,-8.679731822732767e-06
20,67,-8.999521967772185e-06
20,68,-9.37044393938166e-06
20,69,-9.815406829697682e-06
20,70,-1.0378755662019449e-05
20,71,-1.1057220283457405e-05
20,72,-1.1762888524253497e-05
20,73,-1.2439997993058296e-05
20,74,-1.3049858222653325e-05
20,75,-1.3578337975556507e-05
20,76,-1.4032571928964024e-05
20,77,-1.4431301804386129e-05
20,78,-1.4799805301559191e-05
20,79,-1.5166195536644771e-05
20,80,-1.5571246916028907e-05
20,81,-1.6030125982546305e-05
20,82,-1.6535751817803708e-05
20,83,-1.7062117131263043e-05
20,84,-1.7571718371178083e-05
20,85,-1.808009973890971e-05
20,86,-1.860449995535907e-05
20,87,-1.911601730489715e-05
20,88,-1.9544671167480362e-05
20,89,-1.9844248517954667e-05
20,90,-2.006462432896372e-05
20,91,-2.033447010906268e-05
20,92,-2.082199191339493e-05
20,93,-2.151886204608674e-05
20,94,-2.2125929350438463e-05
20,95,-2.2494942323147547e-05
20,96,-2.277840393136249e-05
20,97,-2.320729465059498e-05
20,98,-2.3767312393910353e-05
20,99,-2.4231426531404887e-05
20,100,-2.449489638144503e-05
20,101,-2.475131690282226e-05
20,102,-2.5326250999403917e-05
20,103,-2.6199457585296552e-05
20,104,-2.6867544543168084e-05
20,105,-2.7230804975072394e-05
20,106,-2.7650008419464973e-05
20,107,-2.8322319523762874e-05
20,108,-2.9095479969975103e-05
20,109,-2.978798859526899e-05
20,110,-3.04275494195107e-05
20,111,-3.108530150803742e-05
20,112,-3.182860787297289e-05
20,113,-3.267143743106507e-05
20,114,-3.346798180426133e-05
20,115,-3.413656957047246e-05
20,116,-3.477608568721287e-05
20,117,-3.5502208039328054e-05
20,118,-3.622499715970699e-05
20,119,-3.678934486755936e-05
20,120,-3.7277494630342106e-05
20,121,-3.783614722917322e-05
20,122,-3.835815002588405e-05
20,123,-3.8804046488025035e-05
20,124,-3.9110474228632305e-05
20,125,-3.923738729880228e-05
20,126,-3.9337485545416854e-05
20,127,-3.942831838376151e-05
21,0,-6.294266096397381e-09
21,1,-9.548849914637452e-09
21,2,-1.4321617874957155e-08
21,3,-2.0507847916503048e-08
21,4,-2.8518769706645006e-08
21,5,-3.856124839847039e-08
21,6,-5.108815458994618e-08
21,7,-6.380188234528726e-08
21,8,-8.964889046812308e-08
21,9,-1.3111244501974385e-07
21,10,-1.9932445031048986e-07
21,11,-3.2467326058518126e-07
21,12,-5.114039022164917e-07
21,13,-8.104723275113593e-07
21,14,-1.2832042498078917e-06
21,15,-1.9220054423415614e-06
21,16,-2.4399641554653184e-06
21,17,-2.5631378637670128e-06
21,18,-2.5288770478703606e-06
21,19,-2.577977266423734e-06
21,20,-2.999234882318349e-06
21,21,-3.6306176964213043e-06
21,22,-5.534188943907733e-06
21,23,-6.769261030787596e-06
21,24,-6.555671563584151e-06
21,25,-6.4756942513710564e-06
21,26,-6.675778398466915e-06
21,27,-7.029675391090002e-06
21,28,-7.45094355333625e-06
21,29,-7.91212734287507e-06
21,30,-8.416948541573766e-06
21,31,-8.974151335788169e-06
21,32,-9.58980952877209e-06
21,33,-1.0276582211562145e-05
21,34,-1.1029888024403478e-05
21,35,-1.1852968368046423e-05
21,36,-1.2587544264622611e-05
21,37,-1.3128232754129748e-05
21,38,-1.3414388658031167e-05
21,39,-1.341859773539996e-05
21,40,-1.3136421340154512e-05
21,41,-1.2578445278712825e-05
21,42,-1.1764248945724764e-05
21,43,-1.0718209840381741e-05
21,44,-9.468857050637406e-06
21,45,-8.049530880822447e-06
21,46,-6.259437495189623e-06
21,47,-4.125760822053499e-06
21,48,-1.8981151788272673e-06
21,49,3.0268249796546733e-07
21,50,2.2953676681663176e-06
21,51,3.966479857608842e-06
21,52,5.238238975644605e-06
21,53,6.078337114864938e-06
21,54,6.500315559571552e-06
21,55,6.555392517882548e-06
21,56,6.3192986746852825e-06
21,57,5.878539068985196e-06
21,58,5.237820731037574e-06
21,59,4.466072710184486e-06
21,60,3.7068295218921604e-06
21,61,3.0171573094228314e-06
21,62,2.4314744895970456e-06
21,63,1.954843406365105e-06
21,64,1.5787592810997756e-06
21,65,1.2876095111275766e-06
21,66,1.062857478299375e-06
21,67,8.85572071240701e-07
21,68,7.362931961356861e-07
21,69,6.010647161498034e-07
21,70,4.603479039632941e-07
21,71,3.0880198121437297e-07
21,72,1.5721820811140793e-07
21,73,8.211759684321652e-09
21,74,-1.360923274397404e-07
21,75,-2.7512602269933e-07
21,76,-4.08486240666626e-07
21,77,-5.349695538865611e-07
21,78,-6.539274555450638e-07
21,79,-7.676109420571269e-07
21,80,-8.863385645098831e-07
21,81,-1.0157647913658373e-06
21,82,-1.1558325729595363e-06
21,83,-1.2979415225985524e-06
21,84,-1.4278310448028734e-06
21,85,-1.5497139179725295e-06
21,86,-1.676133619798961e-06
21,87,-1.8116525399370283e-06
21,88,-1.9448749551701207e-06
21,89,-2.060173162735619e-06
21,90,-2.157649353891429e-06
21,91,-2.257246919028645e-06
21,92,-2.3964052881312738e-06
21,93,-2.5754118710770477e-06
21,94,-2.7338241109222736e-06
21,95,-2.846631276366636e-06
21,96,-2.9473274525270144e-06
21,97,-3.083257739319176e-06
21,98,-3.250676746160228e-06
21,99,-3.402113939638658e-06
21,100,-3.512461412613157e-06
21,101,-3.6161731958576565e-06
21,102,-3.7768063236853714e-06
21,103,-3.986387774524065e-06
21,104,-4.1563488626823375e-06
21,105,-4.2922641382960724e-06
21,106,-4.46154771245122e-06
21,107,-4.674605304702327e-06
21,108,-4.891241134520293e-06
21,109,-5.089011171514714e-06
21,110,-5.277857378504777e-06
21,111,-5.461937437699198e-06
21,112,-5.657233385252401e-06
21,113,-5.881163597805011e-06
21,114,-6.103256595505841e-06
21,115,-6.2999977633519755e-06
21,116,-6.480682835697238e-06
21,117,-6.662380188762067e-06
21,118,-6.832611658041252e-06
21,119,-6.962099598488753e-06
21,120,-7.066020852276323e-06
21,121,-7.172719622289969e-06
21,122,-7.2549649104614635e-06
21,123,-7.312732811568119e-06
21,124,-7.334499785213109e-06
21,125,-7.31156886732901e-06
21,126,-7.284585865398977e-06
21,127,-7.268370201185917e-06
22,0,-2.8262260724672694e-09
22,1,-4.432826516189219e-09
22,2,-6.715561405683182e-09
22,3,-9.675447936849678e-09
22,4,-1.3510548150173774e-08
22,5,-1.83215929081134e-08
22,6,-2.432332237580182e-08
22,7,-3.0432922035246596e-08
22,8,-4.279284342415283e-08
22,9,-6.258893915334879e-08
22,10,-9.502999437734216e-08
22,11,-1.5433549022790278e-07
22,12,-2.42165128651936e-07
22,13,-3.8188313486081366e-07
22,14,-6.010257374549326e-07
22,15,-8.941806892040214e-07
22,16,-1.127046780231551e-06
22,17,-1.174960643136652e-06
22,18,-1.1492896506407394e-06
22,19,-1.1596381791401128e-06
22,20,-1.3310463328928926e-06
22,21,-1.5845502243135872e-06
22,22,-2.3505270978331807e-06
22,23,-2.7668588076382917e-06
22,24,-2.569023779613243e-06
22,25,-2.4245993135961142e-06
22,26,-2.3828513405350853e-06
22,27,-2.391991687814578e-06
22,28,-2.4232332924076177e-06
22,29,-2.4715142569253937e-06
22,30,-2.540699227666516e-06
22,31,-2.63293492076486e-06
22,32,-2.746222563119153e-06
22,33,-2.8777377029144696e-06
22,34,-3.001725613950812e-06
22,35,-3.096456595827161e-06
22,36,-3.106068520381477e-06
22,37,-2.9830718774956212e-06
22,38,-2.704148402194312e-06
22,39,-2.2603995930763923e-06
22,40,-1.6552701045780026e-06
22,41,-9.003312372601231e-07
22,42,-1.1893059314999658e-08
22,43,9.912900929892131e-07
22,44,2.0891864033814975e-06
22,45,3.2617204710222103e-06
22,46,4.636163894405728e-06
22,47,6.179325406383877e-06
22,48,7.696174969278936e-06
22,49,9.093208102314468e-06
22,50,1.0252128431836785e-05
22,51,1.1107526297228934e-05
22,52,1.162634793525718e-05
22,53,1.1811447866050082e-05
22,54,1.1698825198030876e-05
22,55,1.1348946719065175e-05
22,56,1.0835418909819907e-05
22,57,1.023513226381441e-05
22,58,9.530587484774697e-06
22,59,8.796668832151814e-06
22,60,8.160468260833157e-06
22,61,7.648072311774324e-06
22,62,7.268354033588884e-06
22,63,7.008844774586512e-06
22,64,6.850378976603282e-06
22,65,6.772278051904149e-06
22,66,6.755264297041365e-06
22,67,6.7828530054700884e-06
22,68,6.842134929308035e-06
22,69,6.925467694892585e-06
22,70,7.031248746795488e-06
22,71,7.160968283079233e-06
22,72,7.3085020992443306e-06
22,73,7.474293404894204e-06
22,74,7.658821978689924e-06
22,75,7.861005363329418e-06
22,76,8.079779667172768e-06
22,77,8.314512123717311e-06
22,78,8.565027957543e-06
22,79,8.830374048918994e-06
22,80,9.11849358033261e-06
22,81,9.427466645493232e-06
22,82,9.757740658393293e-06
22,83,1.0113036770125276e-05
22,84,1.0479952369438099e-05
22,85,1.0849917539110901e-05
22,86,1.1209307708545294e-05
22,87,1.1549594965485162e-05
22,88,1.1875691469194825e-05
22,89,1.2196321829740119e-05
22,90,1.2513012374781632e-05
22,91,1.281715544724672e-05
22,92,1.3128336647559322e-05
22,93,1.3445493237831294e-05
22,94,1.3758991949971708e-05
22,95,1.4079762560886535e-05
22,96,1.4382397658898796e-05
22,97,1.4637225255026114e-05
22,98,1.4850289655951068e-05
22,99,1.5056773775346976e-05
22,100,1.5276371288546096e-05
22,101,1.549419376088429e-05
22,102,1.5700511074251843e-05
22,103,1.5897118912976393e-05
22,104,1.6099459740198703e-05
22,105,1.6301843564988538e-05
22,106,1.6468627926129708e-05
22,107,1.659925942593555e-05
22,108,1.672589049215835e-05
22,109,1.685659043070538e-05
22,110,1.6997088476114903e-05
22,111,1.7141568640667675e-05
22,112,1.727321884381597e-05
22,113,1.7385314548004238e-05
22,114,1.7487749290832296e-05
22,115,1.7593630717985434e-05
22,116,1.7692572004622663e-05
22,117,1.7773314240587863e-05
22,118,1.7842480507456557e-05
22,119,1.7920704480335617e-05
22,120,1.799635014371174e-05
22,121,1.8063948963208032e-05
22,122,1.812429527565312e-05
22,123,1.817303605733358e-05
22,124,1.8206337246528645e-05
22,125,1.8229138419617498e-05
22,126,1.8234637204446846e-05
22,127,1.8230179901966628e-05
23,0,-1.4310296557234412e-09
23,1,-2.2854268012733315e-09
23,2,-3.4793866139545213e-09
23,3,-5.02668123582081e-09
23,4,-7.030403806138198e-09
23,5,-9.542995858006654e-09
23,6,-1.2675384053177519e-08
23,7,-1.586886776361838e-08
23,8,-2.2304805124674512e-08
23,9,-3.2597730636972924e-08
23,10,-4.941612040767183e-08
23,11,-8.004773928816422e-08
23,12,-1.2523921999885966e-07
23,13,-1.9682394333452832e-07
23,14,-3.0858206149958685e-07
23,15,-4.5724281384621564e-07
23,16,-5.74066175568148e-07
23,17,-5.962102723951961e-07
23,18,-5.807735681560817e-07
23,19,-5.830578232668517e-07
23,20,-6.644953843721806e-07
23,21,-7.838909593723765e-07
23,22,-1.144400286282704e-06
23,23,-1.316473796713405e-06
23,24,-1.1915580739632527e-06
23,25,-1.0928725380362596e-06
23,26,-1.0407520951027142e-06
23,27,-1.0106231804217452e-06
23,28,-9.907563659650108e-07
23,29,-9.805532165360271e-07
23,30,-9.825847362908197e-07
23,31,-9.97575331416866e-07
23,32,-1.0234721213440335e-06
23,33,-1.056975460611091e-06
23,34,-1.0817448709551905e-06
23,35,-1.0825438835068485e-06
23,36,-1.033695375831263e-06
23,37,-9.116150712165619e-07
23,38,-7.057052235959611e-07
23,39,-4.13035376830377e-07
23,40,-3.769773193354069e-08
23,41,4.114411163406875e-07
23,42,9.227020934491641e-07
23,43,1.4829711824341026e-06
23,44,2.078583613700603e-06
23,45,2.696314780530894e-06
23,46,3.39229090465599e-06
23,47,4.137406806236069e-06
23,48,4.8230232239096485e-06
23,49,5.394897778236157e-06
23,50,5.7944056755001885e-06
23,51,5.993022335950344e-06
23,52,5.983473241689166e-06
23,53,5.780618475658011e-06
23,54,5.418568687965188e-06
23,55,4.944431850534892e-06
23,56,4.410716886150879e-06
23,57,3.8686643103619925e-06
23,58,3.30260895805131e-06
23,59,2.7746808099561342e-06
23,60,2.3789937756590386e-06
23,61,2.1309373761756592e-06
23,62,2.0327770021689556e-06
23,63,2.0736853540099994e-06
23,64,2.2396257835895114e-06
23,65,2.516708641971831e-06
23,66,2.8927839305035734e-06
23,67,3.357981010889393e-06
23,68,3.912612765020762e-06
23,69,4.555021646513345e-06
23,70,5.337359226231326e-06
23,71,6.276506836825099e-06
23,72,7.315001094612467e-06
23,73,8.448516639749797e-06
23,74,9.671229062518878e-06
23,75,1.0975068588246953e-05
23,76,1.2351458802339749e-05
23,77,1.3791516636837908e-05
23,78,1.528700602637866e-05
23,79,1.6830795571060836e-05
23,80,1.8481852813844996e-05
23,81,2.0237212480558382e-05
23,82,2.209889040675845e-05
23,83,2.4061741774880695e-05
23,84,2.6034464145939844e-05
23,85,2.7999729335704685e-05
23,86,2.9940020888583535e-05
23,87,3.184106883321736e-05
23,88,3.370020188591901e-05
23,89,3.5515755728863814e-05
23,90,3.728670225190795e-05
23,91,3.901417614476176e-05
23,92,4.0884232779630556e-05
23,93,4.2887826740581896e-05
23,94,4.4826972657098284e-05
23,95,4.669618491081071e-05
23,96,4.847209707675173e-05
23,97,5.013797318788632e-05
23,98,5.169993132179845e-05
23,99,5.3181480456794193e-05
23,100,5.459821736587889e-05
23,101,5.596038894386924e-05
23,102,5.739025245645679e-05
23,103,5.888342005633866e-05
23,104,6.029500450120509e-05
23,105,6.161434149766933e-05
23,106,6.283429909288617e-05
23,107,6.3961527979677e-05
23,108,6.503132704584458e-05
23,109,6.60386835181858e-05
23,110,6.703328880279902e-05
23,111,6.801246482989881e-05
23,112,6.895374115241558e-05
23,113,6.986163555019921e-05
23,114,7.070029218096173e-05
23,115,7.14756197789856e-05
23,116,7.218116933550172e-05
23,117,7.28187265972647e-05
23,118,7.339538478313649e-05
23,119,7.392964896479888e-05
23,120,7.440471217846429e-05
23,121,7.485181396000848e-05
23,122,7.522630055111466e-05
23,123,7.553808581724535e-05
23,124,7.577972180435228e-05
23,125,7.595222667412609e-05
23,126,7.607240045127022e-05
23,127,7.613762896387002e-05
24,0,-8.333840496215093e-10
24,1,-1.3477088296996477e-09
24,2,-2.060707322814527e-09
24,3,-2.986939601562311e-09
24,4,-4.1895716969538956e-09
24,5,-5.70254730777859e-09
24,6,-7.595289736068037e-09
24,7,-9.53978192649803e-09
24,8,-1.3460294770657952e-08
24,9,-1.977666254563681e-08
24,10,-3.017951545360847e-08
24,11,-4.9285459709913465e-08
24,12,-7.78547893875912e-08
24,13,-1.2371764534715956e-07
24,14,-1.964666429082895e-07
24,15,-2.955155558183838e-07
24,16,-3.7766432579729546e-07
24,17,-4.0048919005932e-07
24,18,-3.9953025531715487e-07
24,19,-4.119688211052648e-07
24,20,-4.842831448655099e-07
24,21,-5.924593681788775e-07
24,22,-9.107696844437622e-07
24,23,-1.1276386941320846e-06
24,24,-1.1135097243977988e-06
24,25,-1.1273341760899332e-06
24,26,-1.1947131355324967e-06
24,27,-1.2947165989492547e-06
24,28,-1.4116390590382604e-06
24,29,-1.5394527343130798e-06
24,30,-1.678028126561691e-06
24,31,-1.82888156726633e-06
24,32,-1.9938925921219544e-06
24,33,-2.1773302999428186e-06
24,34,-2.388421250637211e-06
24,35,-2.6353864087871685e-06
24,36,-2.8857385047077495e-06
24,37,-3.1233894047488946e-06
24,38,-3.3391852542267853e-06
24,39,-3.531182502290319e-06
24,40,-3.701467504640666e-06
24,41,-3.854515792052739e-06
24,42,-3.996252467779598e-06
24,43,-4.1334217383243424e-06
24,44,-4.273950342402145e-06
24,45,-4.428189648552194e-06
24,46,-4.617489226277693e-06
24,47,-4.869363331130028e-06
24,48,-5.193431051510257e-06
24,49,-5.609291932310364e-06
24,50,-6.125881722135043e-06
24,51,-6.748164457781562e-06
24,52,-7.470749300699785e-06
24,53,-8.276874805398519e-06
24,54,-9.14043802154196e-06
24,55,-1.002975051853283e-05
24,56,-1.0912412327297704e-05
24,57,-1.1762260645123831e-05
24,58,-1.2619216242683977e-05
24,59,-1.3437083542005287e-05
24,60,-1.41075129513876e-05
24,61,-1.4608542843050524e-05
24,62,-1.4928472469908812e-05
24,63,-1.5067558855876037e-05
24,64,-1.5028825680907356e-05
24,65,-1.4815802198547945e-05
24,66,-1.4431915794616132e-05
24,67,-1.3880933435955993e-05
24,68,-1.3153511562050601e-05
24,69,-1.2250411392480172e-05
24,70,-1.1074298381610977e-05
24,71,-9.590576166119602e-06
24,72,-7.887417130232024e-06
24,73,-5.9701890691299375e-06
24,74,-3.850461707613656e-06
24,75,-1.5432421109159018e-06
24,76,9.346896116898865e-07
24,77,3.566185450707024e-06
24,78,6.3339777626382404e-06
24,79,9.22167794519746e-06
24,80,1.234458168313449e-05
24,81,1.5698070838140375e-05
24,82,1.929247122226484e-05
24,83,2.311743500464465e-05
24,84,2.6995347951732583e-05
24,85,3.089883273989862e-05
24,86,3.4802763526836337e-05
24,87,3.868435561349578e-05
24,88,4.2530316220165824e-05
24,89,4.632704696202406e-05
24,90,5.006635461991601e-05
24,91,5.375229663369787e-05
24,92,5.779798136963706e-05
24,93,6.21876023762284e-05
24,94,6.647481377882372e-05
24,95,7.063530108252307e-05
24,96,7.463670662930884e-05
24,97,7.846564315843416e-05
24,98,8.212313048687388e-05
24,99,8.562008637582955e-05
24,100,8.89664699047451e-05
24,101,9.219431303472487e-05
24,102,9.562447455130628e-05
24,103,9.92449407652071e-05
24,104,0.00010267512200380294
24,105,0.00010589116206250631
24,106,0.00010890385533648493
24,107,0.00011172367286331848
24,108,0.00011439302538054706
24,109,0.00011689913507716407
24,110,0.00011935784684469572
24,111,0.00012177086962115538
24,112,0.0001241009221262026
24,113,0.0001263575724250889
24,114,0.00012843752925589062
24,115,0.00013034279554265652
24,116,0.00013207442273520923
24,117,0.00013365058163965053
24,118,0.0001350854869133731
24,119,0.0001364000975445257
24,120,0.00013757199159000804
24,121,0.0001386678828511646
24,122,0.00013958151055304987
24,123,0.0001403417258021113
24,124,0.00014094177560104108
24,125,0.00014137996092750235
24,126,0.0001416950543638397
24,127,0.000141870968799474
25,0,-5.396243678388333e-09
25,1,-3.58618123963204e-09
25,2,-3.2956184883909397e-09
25,3,-3.2950973417134274e-09
25,4,-3.4163871019380175e-09
25,5,-3.637803019970691e-09
25,6,-3.9123301997769995e-09
25,7,-4.1050622330499924e-09
25,8,-4.697787045254593e-09
25,9,-5.544873600528039e-09
25,10,-6.842463945339885e-09
25,11,-9.309585640260398e-09
25,12,-1.2606537882542457e-08
25,13,-1.76945357517291e-08
25,14,-2.54678430344266e-08
25,15,-3.545873722727107e-08
25,16,-4.237049124182552e-08
25,17,-4.200327172451059e-08
25,18,-3.9169279838016193e-08
25,19,-3.794421499218028e-08
25,20,-4.2800588237035204e-08
25,21,-5.08207238968754e-08
25,22,-8.097738657035856e-08
25,23,-1.0542022110967779e-07
25,24,-1.0494772746131084e-07
25,25,-1.0441759105754981e-07
25,26,-1.0734235701016538e-07
25,27,-1.1229073119669951e-07
25,28,-1.1802709490884089e-07
25,29,-1.2415385445461075e-07
25,30,-1.305086682078413e-07
25,31,-1.3714312517894365e-07
25,32,-1.445505311338832e-07
25,33,-1.534335530119355e-07
25,34,-1.6632265994426762e-07
25,35,-1.917304114011864e-07
25,36,-2.320042842239956e-07
25,37,-2.9548012504129325e-07
25,38,-3.9124903718143807e-07
25,39,-5.279838099668056e-07
25,40,-7.127283773012285e-07
25,41,-9.496925974669097e-07
25,42,-1.2403148419242205e-06
25,43,-1.5832169524013833e-06
25,44,-1.975513346908489e-06
25,45,-2.416707385478993e-06
25,46,-2.9590565352084342e-06
25,47,-3.612993622939439e-06
25,48,-4.326500865304712e-06
25,49,-5.0912941730151346e-06
25,50,-5.8878136853005995e-06
25,51,-6.705860399877566e-06
25,52,-7.535066133425756e-06
25,53,-8.366206733914444e-06
25,54,-9.185386991894328e-06
25,55,-9.980791680083404e-06
25,56,-1.0741427269555212e-05
25,57,-1.1460472778405818e-05
25,58,-1.2179234661703189e-05
25,59,-1.2882986323495437e-05
25,60,-1.3492672195131889e-05
25,61,-1.399525010086388e-05
25,62,-1.4387570293964559e-05
25,63,-1.467472773520115e-05
25,64,-1.4856530698667386e-05
25,65,-1.4937406430328065e-05
25,66,-1.4915643758140449e-05
25,67,-1.4778643057746209e-05
25,68,-1.4516414858897914e-05
25,69,-1.412424252103752e-05
25,70,-1.353859628669395e-05
25,71,-1.2737982921266601e-05
25,72,-1.1762385019125763e-05
25,73,-1.0622537345087848e-05
25,74,-9.330718559266037e-06
25,75,-7.900118007666067e-06
25,76,-6.341856892378691e-06
25,77,-4.663800965340308e-06
25,78,-2.8723357248645276e-06
25,79,-9.744650534747363e-07
25,80,1.1135863926701625e-06
25,81,3.3911716374702356e-06
25,82,5.870002685326709e-06
25,83,8.539879853619383e-06
25,84,1.1272231350007361e-05
25,85,1.4044243094835324e-05
25,86,1.6834577812623914e-05
25,87,1.9622598874403687e-05
25,88,2.2391480665309133e-05
25,89,2.513106408487203e-05
25,90,2.7845937187990362e-05
25,91,3.055609591768017e-05
25,92,3.357232855466753e-05
25,93,3.689938561828152e-05
25,94,4.0175938374190025e-05
25,95,4.3363743002673314e-05
25,96,4.6436959085865895e-05
25,97,4.939578681855213e-05
25,98,5.2243742063229564e-05
25,99,5.497460144293162e-05
25,100,5.75869116285667e-05
25,101,6.01316474905883e-05
25,102,6.288672379854422e-05
25,103,6.587483783301636e-05
25,104,6.872440885257204e-05
25,105,7.139851131489901e-05
25,106,7.391419120913025e-05
25,107,7.629988295545924e-05
25,108,7.856528654816882e-05
25,109,8.071319590898318e-05
25,110,8.281517178006263e-05
25,111,8.493032678828255e-05
25,112,8.700559894036875e-05
25,113,8.904065970015385e-05
25,114,9.093926149460177e-05
25,115,9.270914982624375e-05
25,116,9.43701161433867e-05
25,117,9.593817081805012e-05
25,118,9.740767415452539e-05
25,119,9.87851859213271e-05
25,120,0.00010002796559706403
25,121,0.00010121357897766402
25,122,0.00010219759004397615
25,123,0.00010299628660350495
25,124,0.00010358142064843789
25,125,0.0001039389161543379
25,126,0.00010407707428607893
25,127,0.00010402492241167057
26,0,1.715058875632269e-10
26,1,2.1749202196146233e-10
26,2,2.9222968138955693e-10
26,3,3.997928078768779e-10
26,4,5.503656186002722e-10
26,5,7.53069278436152e-10
26,6,1.0240581175319234e-09
26,7,1.3317754786971434e-09
26,8,1.980531521514491e-09
26,9,3.135156419081244e-09
26,10,5.2578489235047636e-09
26,11,9.559000608922132e-09
26,12,1.6907174418430844e-08
26,13,3.011584704006774e-08
26,14,5.3632001903139434e-08
26,15,9.06608172307337e-08
26,16,1.3092444436853436e-07
26,17,1.5793746418312604e-07
26,18,1.799428696214806e-07
26,19,2.1202415749021924e-07
26,20,2.854028336578309e-07
26,21,4.0121284232201447e-07
26,22,7.247412124847146e-07
26,23,1.0812136057351569e-06
26,24,1.289680154692513e-06
26,25,1.5652121791081084e-06
26,26,1.9579292981636863e-06
26,27,2.4544516642994346e-06
26,28,3.0280005211767476e-06
26,29,3.6553330079401506e-06
26,30,4.3220693369101846e-06
26,31,5.0200161106822185e-06
26,32,5.746263183953203e-06
26,33,6.509483639267544e-06
26,34,7.35783576805491e-06
26,35,8.286670942904293e-06
26,36,9.153734669951085e-06
26,37,9.884982374536243e-06
26,38,1.0427506142491638e-05
26,39,1.0752539776136643e-05
26,40,1.0849210225662022e-05
26,41,1.0722820367494809e-05
26,42,1.0394078342116315e-05
26,43,9.89637710968432e-06
26,44,9.272798713312603e-06
26,45,8.573854859501342e-06
26,46,7.71578860837318e-06
26,47,6.768232698523151e-06
26,48,5.877760696379891e-06
26,49,5.087475275920644e-06
26,50,4.438372101433976e-06
26,51,3.926850480795801e-06
26,52,3.5356573779672567e-06
26,53,3.2413497971168926e-06
26,54,3.02078738110856e-06
26,55,2.8555607739525336e-06
26,56,2.7338996403432886e-06
26,57,2.650661966929553e-06
26,58,2.5937038885302112e-06
26,59,2.5721909365567262e-06
26,60,2.5872293583075864e-06
26,61,2.6218963238906934e-06
26,62,2.6556110340958897e-06
26,63,2.6691382583228293e-06
26,64,2.6513607858017917e-06
26,65,2.6023354371913424e-06
26,66,2.533212686523782e-06
26,67,2.462484153492028e-06
26,68,2.408450145844298e-06
26,69,2.3874859672159477e-06
26,70,2.4061072700122524e-06
26,71,2.464980249133594e-06
26,72,2.5424590984442763e-06
26,73,2.6088620183410093e-06
26,74,2.640742740591967e-06
26,75,2.626356935673859e-06
26,76,2.56734195052126e-06
26,77,2.476075770828146e-06
26,78,2.3716735751807505e-06
26,79,2.274853989442238e-06
26,80,2.19735603266341e-06
26,81,2.149379428658722e-06
26,82,2.1266335803850522e-06
26,83,2.113454880497681e-06
26,84,2.093466670344611e-06
26,85,2.0561273467804252e-06
26,86,1.9938634310358436e-06
26,87,1.89188284418976e-06
26,88,1.7331560819238406e-06
26,89,1.519455544086314e-06
26,90,1.2879089371513816e-06
26,91,1.0989361603198041e-06
26,92,9.91414015328086e-07
26,93,9.809994299661223e-07
26,94,9.86829587260298e-07
26,95,9.229413527502199e-07
26,96,8.000751097851572e-07
26,97,6.713504316150502e-07
26,98,5.353773716401312e-07
26,99,3.4349625485268127e-07
26,100,9.653708825944527e-08
26,101,-1.1874745700336326e-07
26,102,-2.1890544747664674e-07
26,103,-2.1267468757190777e-07
26,104,-2.561719584621646e-07
26,105,-4.141738888421084e-07
26,106,-6.015409422028383e-07
26,107,-7.612492013328299e-07
26,108,-9.14297911367617e-07
26,109,-1.0690708349552625e-06
26,110,-1.2084865789951142e-06
26,111,-1.3281210626514386e-06
26,112,-1.4475009723586704e-06
26,113,-1.584634305073217e-06
26,114,-1.7495595089247665e-06
26,115,-1.936761607493348e-06
26,116,-2.104121274148564e-06
26,117,-2.2190555415294727e-06
26,118,-2.309062167861836e-06
26,119,-2.417485695673299e-06
26,120,-2.5380254660945563e-06
26,121,-2.6574018532319083e-06
26,122,-2.7821807358186285e-06
26,123,-2.8889393181670316e-06
26,124,-2.961599747155164e-06
26,125,-3.0057093727583765e-06
26,126,-3.0023627540331347e-06
26,127,-2.971014104498084e-06
27,0,2.9181300944855954e-10
27,1,3.8132073536366075e-10
27,2,5.118966038670197e-10
27,3,6.96678988694297e-10
27,4,9.535900493053054e-10
27,5,1.2978675712883521e-09
27,6,1.7564619607126136e-09
27,7,2.2744993173305478e-09
27,8,3.366297436751979e-09
27,9,5.300197526956719e-09
27,10,8.842993436086254e-09
27,11,1.599356943508386e-08
27,12,2.8157871717987635e-08
27,13,4.99464665741539e-08
27,14,8.860395099422247e-08
27,15,1.4924147246879022e-07
27,16,2.1479368308430379e-07
27,17,2.5827679526226213e-07
27,18,2.933466156706103e-07
27,19,3.445966573907631e-07
27,20,4.623893901799285e-07
27,21,6.478799411715459e-07
27,22,1.1655649602320784e-06
27,23,1.7302860105783476e-06
27,24,2.0539577794518963e-06
27,25,2.481243258625183e-06
27,26,3.0899583146274403e-06
27,27,3.856969655301517e-06
27,28,4.738819336042859e-06
27,29,5.698618313385683e-06
27,30,6.713710192636389e-06
27,31,7.772151102651744e-06
27,32,8.871253522137672e-06
27,33,1.0026096809450213e-05
27,34,1.1313515635430214e-05
27,35,1.2733885531320814e-05
27,36,1.4082338380488047e-05
27,37,1.525529652050048e-05
27,38,1.6182468421733563e-05
27,39,1.6827604361854022e-05
27,40,1.7175712906102994e-05
27,41,1.7230036750921794e-05
27,42,1.7011516744835293e-05
27,43,1.655608215833099e-05
27,44,1.591342773731379e-05
27,45,1.5143868485663594e-05
27,46,1.4125243972868727e-05
27,47,1.2925506038229206e-05
27,48,1.1715832122808977e-05
27,49,1.0544652119755335e-05
27,50,9.476906705351932e-06
27,51,8.523549286445697e-06
27,52,7.681901374285251e-06
27,53,6.943045283976909e-06
27,54,6.298839339772211e-06
27,55,5.742837046583281e-06
27,56,5.271226035987556e-06
27,57,4.885981762881406e-06
27,58,4.549193322794327e-06
27,59,4.285159149638314e-06
27,60,4.117067815332276e-06
27,61,4.011441354983908e-06
27,62,3.932598982899711e-06
27,63,3.84662260751153e-06
27,64,3.731165179940543e-06
27,65,3.5806180043477326e-06
27,66,3.4067259142630814e-06
27,67,3.2330959234108836e-06
27,68,3.0843807284207505e-06
27,69,2.9848615266360887e-06
27,70,2.94214916491969e-06
27,71,2.9598681123754403e-06
27,72,3.0133873450776585e-06
27,73,3.0587407062486996e-06
27,74,3.0587690311552788e-06
27,75,2.9919250836619666e-06
27,76,2.857584701569472e-06
27,77,2.6720994991128284e-06
27,78,2.4647745325710735e-06
27,79,2.2688563197688353e-06
27,80,2.104327327111639e-06
27,81,1.9921521753015518e-06
27,82,1.9332118461478474e-06
27,83,1.9073583903037102e-06
27,84,1.8865313457694171e-06
27,85,1.8454966294616957e-06
27,86,1.7636586249304695e-06
27,87,1.617193655156629e-06
27,88,1.387938440916789e-06
27,89,1.0869692217133618e-06
27,90,7.693449484893219e-07
27,91,5.151613182949433e-07
27,92,3.753682674637896e-07
27,93,3.7108016764857623e-07
27,94,3.9921436290990427e-07
27,95,3.4578798738746043e-07
27,96,2.1321586451886197e-07
27,97,6.065065543975843e-08
27,98,-1.0932931608286275e-07
27,99,-3.4528190786706826e-07
27,100,-6.384695932286402e-07
27,101,-8.845949910868427e-07
27,102,-9.840746619487154e-07
27,103,-9.510329578509006e-07
27,104,-9.803968598743763e-07
27,105,-1.1551362339140352e-06
27,106,-1.3722434341731346e-06
27,107,-1.5519072369796596e-06
27,108,-1.7106979522907536e-06
27,109,-1.8684737683970491e-06
27,110,-2.0113003214837375e-06
27,111,-2.131085351045186e-06
27,112,-2.2470731683734616e-06
27,113,-2.38027942110149e-06
27,114,-2.543141176359163e-06
27,115,-2.729347679839525e-06
27,116,-2.8917281701464953e-06
27,117,-2.9944052959142513e-06
27,118,-3.0683850394636554e-06
27,119,-3.1618192195750184e-06
27,120,-3.263884625797331e-06
27,121,-3.3604530587872375e-06
27,122,-3.4584879394012314e-06
27,123,-3.538342599138546e-06
27,124,-3.5852314538065397e-06
27,125,-3.606213508748391e-06
27,126,-3.5832580746205438e-06
27,127,-3.5249816821298887e-06
28,0,8.415860922814189e-10
28,1,1.077339932783257e-09
28,2,1.4320052811722071e-09
28,3,1.933473856425926e-09
28,4,2.627021304610414e-09
28,5,3.550436341678341e-09
28,6,4.772811941287298e-09
28,7,6.141088142912689e-09
28,8,9.01421236600953e-09
28,9,1.4065424513116304e-08
28,10,2.3245270816137276e-08
28,11,4.1653679264363414e-08
28,12,7.272066879197095e-08
28,13,1.2801235585317895e-07
28,14,2.255187957013561e-07
28,15,3.774271305120399e-07
28,16,5.399874721411448e-07
28,17,6.457270966067205e-07
28,18,7.296690091660104e-07
28,19,8.531219540620654e-07
28,20,1.1395523688814012e-06
28,21,1.5897524347737047e-06
28,22,2.844977300788347e-06
28,23,4.1999397182547304e-06
28,24,4.960073473238178e-06
28,25,5.963261121621904e-06
28,26,7.3930958907597815e-06
28,27,9.190046201893113e-06
28,28,1.1248315483408247e-05
28,29,1.3480563722168439e-05
28,30,1.5835957690548385e-05
28,31,1.8289758820334378e-05
28,32,2.0838929720842877e-05
28,33,2.3525533749359732e-05
28,34,2.6531532890739918e-05
28,35,2.9886038755422436e-05
28,36,3.3138412619367175e-05
28,37,3.6075807773208405e-05
28,38,3.854696450574911e-05
28,39,4.0468748500966644e-05
28,40,4.179976981263263e-05
28,41,4.253075791921348e-05
28,42,4.2682230989010155e-05
28,43,4.2301521248620615e-05
28,44,4.14610556051869e-05
28,45,4.026230030487172e-05
28,46,3.8418806360390607e-05
28,47,3.601042511799317e-05
28,48,3.333240512296404e-05
28,49,3.0481741516931962e-05
28,50,2.7630579205243525e-05
28,51,2.4856737504798816e-05
28,52,2.2222513940552407e-05
28,53,1.97752859373974e-05
28,54,1.7552599505562232e-05
28,55,1.558494583844694e-05
28,56,1.3896395421174664e-05
28,57,1.2504772978657577e-05
28,58,1.1277779466964002e-05
28,59,1.0295026739644237e-05
28,60,9.638622587323696e-06
28,61,9.205528113575043e-06
28,62,8.885234340348281e-06
28,63,8.571691370437957e-06
28,64,8.194346992850123e-06
28,65,7.730683542810994e-06
28,66,7.205916372517376e-06
28,67,6.6794832555739615e-06
28,68,6.215103700561442e-06
28,69,5.8804944681749594e-06
28,70,5.701981884730996e-06
28,71,5.703033918704062e-06
28,72,5.827111440347098e-06
28,73,5.951374582630702e-06
28,74,5.959793724183202e-06
28,75,5.776782655139814e-06
28,76,5.386088566669795e-06
28,77,4.8302991401081195e-06
28,78,4.19531918031139e-06
28,79,3.5853870205311514e-06
28,80,3.074351100915928e-06
28,81,2.743500043955873e-06
28,82,2.621603919642568e-06
28,83,2.666441808572713e-06
28,84,2.7770275573209443e-06
28,85,2.8360014397742714e-06
28,86,2.7382866985677784e-06
28,87,2.39761470000867e-06
28,88,1.7789480843710531e-06
28,89,9.499300596368393e-07
28,90,9.656306953404992e-08
28,91,-5.481166507422979e-07
28,92,-8.334505246244072e-07
28,93,-7.06008112583978e-07
28,94,-4.613662693830139e-07
28,95,-4.248050598069667e-07
28,96,-6.313413628791239e-07
28,97,-9.587879877706267e-07
28,98,-1.3954025297113124e-06
28,99,-2.025944130679052e-06
28,100,-2.779108095718953e-06
28,101,-3.353489032118416e-06
28,102,-3.464686201341895e-06
28,103,-3.1753850346513788e-06
28,104,-3.1002819892762975e-06
28,105,-3.527086832625438e-06
28,106,-4.135286618285838e-06
28,107,-4.59356536063482e-06
28,108,-4.90745645441232e-06
28,109,-5.198179794455986e-06
28,110,-5.50269508562429e-06
28,111,-5.782683359981699e-06
28,112,-6.0201789897173805e-06
28,113,-6.277937981901434e-06
28,114,-6.655262217885836e-06
28,115,-7.137953361044811e-06
28,116,-7.541424791971007e-06
28,117,-7.746669723246577e-06
28,118,-7.877809533796474e-06
28,119,-8.106047975567246e-06
28,120,-8.391958432995906e-06
28,121,-8.643399538433098e-06
28,122,-8.873187281927855e-06
28,123,-9.082512527679074e-06
28,124,-9.270026401003358e-06
28,125,-9.41578925859082e-06
28,126,-9.40235752139078e-06
28,127,-9.281621493126809e-06
29,0,1.3752721813099227e-09
29,1,1.7302914505860189e-09
29,2,2.2698410450140824e-09
29,3,3.0258427947876513e-09
29,4,4.062072574695741e-09
29,5,5.428831717785466e-09
29,6,7.222673482443782e-09
29,7,9.204238394557177e-09
29,8,1.3352293790596752e-08
29,9,2.0564846301798342e-08
29,10,3.3534525593011756e-08
29,11,5.9291994667295306e-08
29,12,1.0224947993551954e-07
29,13,1.7794836995489276e-07
29,14,3.101469127633013e-07
29,15,5.13826183361582e-07
29,16,7.280766942861949e-07
29,17,8.626441289071369e-07
29,18,9.661496749354093e-07
29,19,1.1199195292561854e-06
29,20,1.4827550451878722e-06
29,21,2.0500671045977962e-06
29,22,3.6277175897810446e-06
29,23,5.287085923020253e-06
29,24,6.1676297065647414e-06
29,25,7.328113397346627e-06
29,26,8.982946682261499e-06
29,27,1.104575557858596e-05
29,28,1.337951932820541e-05
29,29,1.587499191919332e-05
29,30,1.8469946381316726e-05
29,31,2.1134935004717078e-05
29,32,2.3866570193139376e-05
29,33,2.6711816496917517e-05
29,34,2.9825116282098713e-05
29,35,3.322615195323625e-05
29,36,3.644674968248297e-05
29,37,3.926196223772343e-05
29,38,4.1527739142379495e-05
29,39,4.317292705640662e-05
29,40,4.4170833765717084e-05
29,41,4.452896134757853e-05
29,42,4.4285535864791966e-05
29,43,4.350329410670978e-05
29,44,4.226857083607255e-05
29,45,4.069555677952259e-05
29,46,3.846276723632959e-05
29,47,3.567506038507504e-05
29,48,3.2674940620773226e-05
29,49,2.9562549176362876e-05
29,50,2.6512918932581785e-05
29,51,2.359614199964811e-05
29,52,2.086502235760306e-05
29,53,1.835761229461586e-05
29,54,1.6103354589656423e-05
29,55,1.4126029329157536e-05
29,56,1.2443728468486714e-05
29,57,1.1069425548764298e-05
29,58,9.873843393334733e-06
29,59,8.932796626077235e-06
29,60,8.318936114510522e-06
29,61,7.924405341199838e-06
29,62,7.63351719881807e-06
29,63,7.337368172252647e-06
29,64,6.964683480174998e-06
29,65,6.494466916673536e-06
29,66,5.954778184010461e-06
29,67,5.408373655978849e-06
29,68,4.92247057821363e-06
29,69,4.56654081166428e-06
29,70,4.3687039452221585e-06
29,71,4.352192283060429e-06
29,72,4.460300909468164e-06
29,73,4.5692588821643694e-06
29,74,4.562599326878921e-06
29,75,4.365434816175444e-06
29,76,3.962704535906262e-06
29,77,3.3977087821331773e-06
29,78,2.7563993251098106e-06
29,79,2.142298660738517e-06
29,80,1.6291507254373573e-06
29,81,1.2964201449232405e-06
29,82,1.172265972833374e-06
29,83,1.2141417997351588e-06
29,84,1.3230699080190286e-06
29,85,1.386551094992177e-06
29,86,1.3040427103582518e-06
29,87,9.905557450532834e-07
29,88,4.0777662908205136e-07
29,89,-3.818802119806588e-07
29,90,-1.196805680262569e-06
29,91,-1.8069865208312888e-06
29,92,-2.058443720320256e-06
29,93,-1.9041655133010362e-06
29,94,-1.6458341978793568e-06
29,95,-1.60057311132069e-06
29,96,-1.7880758123869183e-06
29,97,-2.07466050929678e-06
29,98,-2.4507255069244192e-06
29,99,-3.0139776484302763e-06
29,100,-3.7058371007467617e-06
29,101,-4.230311922042091e-06
29,102,-4.296938651136941e-06
29,103,-3.9707412319557125e-06
29,104,-3.8661603170714975e-06
29,105,-4.256922738065801e-06
29,106,-4.812351463694446e-06
29,107,-5.206231865833348e-06
29,108,-5.457145143567719e-06
29,109,-5.692369401105332e-06
29,110,-5.945862476213537e-06
29,111,-6.176244457195555e-06
29,112,-6.360477395564062e-06
29,113,-6.556619782074908e-06
29,114,-6.865102164640482e-06
29,115,-7.27621436206861e-06
29,116,-7.612760448420531e-06
29,117,-7.761068982073052e-06
29,118,-7.842590422673635e-06
29,119,-8.020562873292668e-06
29,120,-8.246998203130427e-06
29,121,-8.431319700052289e-06
29,122,-8.598043074656787e-06
29,123,-8.752159121006405e-06
29,124,-8.896565602134278e-06
29,125,-9.016228987216593e-06
29,126,-8.994910232653713e-06
29,127,-8.878217713611693e-06
30,0,2.0572533143220606e-09
30,1,2.577253449208518e-09
30,2,3.3518856464060218e-09
30,3,4.427348987009099e-09
30,4,5.8907298797786554e-09
30,5,7.806724498723075e-09
30,6,1.0304508997019333e-08
30,7,1.3034469835230188e-08
30,8,1.8734975275037872e-08
30,9,2.8556588358120312e-08
30,10,4.606117731901477e-08
30,11,8.053851455466095e-08
30,12,1.3745020792841133e-07
30,13,2.368668773616977e-07
30,14,4.0898347500367295e-07
30,15,6.715023227142732e-07
30,16,9.432782358928412e-07
30,17,1.1082657350305332e-06
30,18,1.2311518425472514e-06
30,19,1.415809800464027e-06
30,20,1.859270215093801e-06
30,21,2.5493648482652836e-06
30,22,4.464335514599288e-06
30,23,6.428632626209565e-06
30,24,7.413073861292168e-06
30,25,8.710493427059526e-06
30,26,1.0563905055856455e-05
30,27,1.2856753985041193e-05
30,28,1.541958650146208e-05
30,29,1.8121708083141523e-05
30,30,2.0890703721276596e-05
30,31,2.3693536930120484e-05
30,32,2.6527226025359726e-05
30,33,2.9444240406441897e-05
30,34,3.256078155232695e-05
30,35,3.5887666600149805e-05
30,36,3.895645533937865e-05
30,37,4.153784865827314e-05
30,38,4.350175966616005e-05
30,39,4.4791867590616975e-05
30,40,4.539870348545477e-05
30,41,4.5347321487175136e-05
30,42,4.469257932915821e-05
30,43,4.35119548922409e-05
30,44,4.190386609904765e-05
30,45,3.999096196803642e-05
30,46,3.742549637746271e-05
30,47,3.433428404976777e-05
30,48,3.109749704488805e-05
30,49,2.781536972147097e-05
30,50,2.4659491130927545e-05
30,51,2.1688826182365488e-05
30,52,1.8944373068190452e-05
30,53,1.6453352054961016e-05
30,54,1.4236004547818226e-05
30,55,1.2308792007533472e-05
30,56,1.068420080418233e-05
30,57,9.37027317255112e-06
30,58,8.245202730394441e-06
30,59,7.379354582997757e-06
30,60,6.833749189934563e-06
30,61,6.4979390610731025e-06
30,62,6.2533026448479085e-06
30,63,5.990100613020889e-06
30,64,5.637590654813428e-06
30,65,5.1765666593388614e-06
30,66,4.6377097652109834e-06
30,67,4.086573950420204e-06
30,68,3.5930713737250807e-06
30,69,3.2279093796352466e-06
30,70,3.0213303275101508e-06
30,71,2.9964940897294403e-06
30,72,3.0965885394961925e-06
30,73,3.198677493538696e-06
30,74,3.1873844164054103e-06
30,75,2.9892120102433406e-06
30,76,2.590060853439073e-06
30,77,2.0333067121094357e-06
30,78,1.4038511981210889e-06
30,79,8.032008033634975e-07
30,80,3.0434026423765557e-07
30,81,-1.5879553090117718e-08
30,82,-1.3026137783774263e-07
30,83,-8.092340024021112e-08
30,84,3.616432760682863e-08
30,85,1.1478750267348764e-07
30,86,5.997420506910518e-08
30,87,-2.112058544054511e-07
30,88,-7.400397163257927e-07
30,89,-1.4703743800398012e-06
30,90,-2.2273276799117242e-06
30,91,-2.7862185788416873e-06
30,92,-2.9900361950436606e-06
30,93,-2.797846604915596e-06
30,94,-2.515084836859964e-06
30,95,-2.4480823686628557e-06
30,96,-2.601320337860486e-06
30,97,-2.8305883321308535e-06
30,98,-3.128105091187221e-06
30,99,-3.604034314119823e-06
30,100,-4.213785253388346e-06
30,101,-4.669332613465032e-06
30,102,-4.67498041917995e-06
30,103,-4.29592715547202e-06
30,104,-4.142519434808039e-06
30,105,-4.473246159715917e-06
30,106,-4.9502638426901055e-06
30,107,-5.254954272687643e-06
30,108,-5.4185681203790935e-06
30,109,-5.57414861662225e-06
30,110,-5.7515302816516495e-06
30,111,-5.906465807421917e-06
30,112,-6.0115500086719674e-06
30,113,-6.119822024688483e-06
30,114,-6.332765822264095e-06
30,115,-6.645498281732394e-06
30,116,-6.889923060853532e-06
30,117,-6.958700596791983e-06
30,118,-6.970224567248373e-06
30,119,-7.078998915888396e-06
30,120,-7.228845736296227e-06
30,121,-7.332066929091874e-06
30,122,-7.425016465266328e-06
30,123,-7.516419046360829e-06
30,124,-7.6130057472856004e-06
30,125,-7.706083381464263e-06
30,126,-7.679424386723275e-06
30,127,-7.567218427219802e-06
31,0,3.0258537148089585e-09
31,1,3.774607596910199e-09
31,2,4.8666031768837255e-09
31,3,6.3683902682398005e-09
31,4,8.396847629827142e-09
31,5,1.1032935283647499e-08
31,6,1.4446172889861156e-08
31,7,1.81356731408947e-08
31,8,2.5823387953402885e-08
31,9,3.894647095525051e-08
31,10,6.212700212702066e-08
31,11,1.0740871885852977e-07
31,12,1.813824428390754e-07
31,13,3.0947674325841194e-07
31,14,5.293129231311712e-07
31,15,8.612109600796215e-07
31,16,1.1992247441387678e-06
31,17,1.3970956693678054e-06
31,18,1.53930134235809e-06
31,19,1.7560814666720784e-06
31,20,2.287259765689549e-06
31,21,3.1100968934752737e-06
31,22,5.389301069959117e-06
31,23,7.66720679978228e-06
31,24,8.738876908622163e-06
31,25,1.0153769087342413e-05
31,26,1.218191346187224e-05
31,27,1.4672322547485075e-05
31,28,1.7421183977940617e-05
31,29,2.0276528264917663e-05
31,30,2.3156899898197392e-05
31,31,2.6027077235641622e-05
31,32,2.8885688908482278e-05
31,33,3.179108059939509e-05
31,34,3.4810863238004265e-05
31,35,3.794835035785392e-05
31,36,4.075197386946069e-05
31,37,4.299516101538438e-05
31,38,4.456801368706531e-05
31,39,4.543248850472254e-05
31,40,4.55981807834672e-05
31,41,4.510821611973453e-05
31,42,4.403342546704093e-05
31,43,4.246434712329898e-05
31,44,4.0508914692712603e-05
31,45,3.829483410896988e-05
31,46,3.545600234319132e-05
31,47,3.213867045994449e-05
31,48,2.875089350134499e-05
31,49,2.5389103139366006e-05
31,50,2.2215427258630405e-05
31,51,1.927485635451793e-05
31,52,1.659460967819344e-05
31,53,1.4189814287683937e-05
31,54,1.2070992245544035e-05
31,55,1.0247296518625912e-05
31,56,8.72585508045039e-06
31,57,7.510212312317745e-06
31,58,6.49013562938463e-06
31,59,5.729374189003243e-06
31,60,5.275101549606519e-06
31,61,5.016152132904926e-06
31,62,4.8326747983842435e-06
31,63,4.615725967869411e-06
31,64,4.296270869410208e-06
31,65,3.857498332451817e-06
31,66,3.3327903707759966e-06
31,67,2.7901899173007587e-06
31,68,2.3019531421898614e-06
31,69,1.9395626612223525e-06
31,70,1.7357268239018952e-06
31,71,1.713330344969454e-06
31,72,1.815251224617546e-06
31,73,1.9204396495132486e-06
31,74,1.9156552647531174e-06
31,75,1.72950058049491e-06
31,76,1.3489291258363794e-06
31,77,8.168531391479716e-07
31,78,2.162284030021265e-07
31,79,-3.5439478167887845e-07
31,80,-8.229884650678574e-07
31,81,-1.1159012783724249e-06
31,82,-1.2072173696732062e-06
31,83,-1.1384265521557039e-06
31,84,-1.002131279418853e-06
31,85,-8.971602595681628e-07
31,86,-9.1187836959891e-07
31,87,-1.1264793270185255e-06
31,88,-1.5851152945066694e-06
31,89,-2.2386079727334765e-06
31,90,-2.920206551538966e-06
31,91,-3.4119846596659623e-06
31,92,-3.5540827532639545e-06
31,93,-3.311814994712937e-06
31,94,-2.9934086756193228e-06
31,95,-2.8921493635418375e-06
31,96,-2.9967416927257942e-06
31,97,-3.1531174947370445e-06
31,98,-3.3555801223687535e-06
31,99,-3.726472018053215e-06
31,100,-4.235790427125695e-06
31,101,-4.604994015999355e-06
31,102,-4.5336611491527335e-06
31,103,-4.085999478941033e-06
31,104,-3.8657196525594295e-06
31,105,-4.114649197212171e-06
31,106,-4.489788810972623e-06
31,107,-4.68223582186577e-06
31,108,-4.735945817724356e-06
31,109,-4.789323375777605e-06
31,110,-4.867267029097274e-06
31,111,-4.922838051994809e-06
31,112,-4.924913154730694e-06
31,113,-4.921133458588381e-06
31,114,-5.014307680628149e-06
31,115,-5.204396642736e-06
31,116,-5.333634864346562e-06
31,117,-5.301821173337008e-06
31,118,-5.223970659838145e-06
31,119,-5.24496513237006e-06
31,120,-5.301137802551454e-06
31,121,-5.30788940032434e-06
31,122,-5.31413300413661e-06
31,123,-5.331429579413555e-06
31,124,-5.369772665828851e-06
31,125,-5.427085767531264e-06
31,126,-5.388489357977571e-06
31,127,-5.277664962514008e-06
32,0,4.358737027273584e-09
32,1,5.414300837468515e-09
32,2,6.9195448507492525e-09
32,3,8.969519157792018e-09
32,4,1.1717773832540031e-08
32,5,1.5262344180844702e-08
32,6,1.9820425578750095e-08
32,7,2.4690978604027657e-08
32,8,3.4821934406391795e-08
32,9,5.195311646066258e-08
32,10,8.19426608374273e-08
32,11,1.4004345878897265e-07
32,12,2.339628798952931e-07
32,13,3.951629913476749e-07
32,14,6.693840132252606e-07
32,15,1.0791079975440087e-06
32,16,1.4893500943906464e-06
32,17,1.7202442502955614e-06
32,18,1.8796069079555198e-06
32,19,2.127004784461046e-06
32,20,2.7474186853101657e-06
32,21,3.704272960654693e-06
32,22,6.350904743007568e-06
32,23,8.925001894192421e-06
32,24,1.0052819373937816e-05
32,25,1.154797274471624e-05
32,26,1.3703002586205505e-05
32,27,1.633003417979281e-05
32,28,1.9191603004092503e-05
32,29,2.211675355470866e-05
32,30,2.5017463797866406e-05
32,31,2.7858402042818037e-05
32,32,3.0641249892344854e-05
32,33,3.343016431641432e-05
32,34,3.623568371648206e-05
32,35,3.9056157848329405e-05
32,36,4.147683410343332e-05
32,37,4.328235151610831e-05
32,38,4.4388693977683204e-05
32,39,4.477840829625779e-05
32,40,4.4480491729073314e-05
32,41,4.355495719132293e-05
32,42,4.208620795051742e-05
32,43,4.017458136225132e-05
32,44,3.793354804831688e-05
32,45,3.54912528473749e-05
32,46,3.247461411047007e-05
32,47,2.904458613348202e-05
32,48,2.562269328990791e-05
32,49,2.229720591602987e-05
32,50,1.9214463160729146e-05
32,51,1.640319382731608e-05
32,52,1.3875561932520015e-05
32,53,1.1634271484456847e-05
32,54,9.680325535231833e-06
32,55,8.016095769249506e-06
32,56,6.64415992013162e-06
32,57,5.564509958201827e-06
32,58,4.682615208021916e-06
32,59,4.054673766545211e-06
32,60,3.7123584272377866e-06
32,61,3.546000660114718e-06
32,62,3.4365675966465767e-06
32,63,3.2777396352851493e-06
32,64,3.0034357782067454e-06
32,65,2.5998389552866847e-06
32,66,2.102968490326482e-06
32,67,1.5828319565019566e-06
32,68,1.113525714611894e-06
32,69,7.667265650956722e-07
32,70,5.778266782377834e-07
32,71,5.69297767360145e-07
32,72,6.835608002709023e-07
32,73,8.02484038403007e-07
32,74,8.159995406929185e-07
32,75,6.554763755829602e-07
32,76,3.0909500530378145e-07
32,77,-1.8110645562018595e-07
32,78,-7.349994025225507e-07
32,79,-1.2580282543615048e-06
32,80,-1.679595207886212e-06
32,81,-1.930001713478396e-06
32,82,-1.984938813297728e-06
32,83,-1.8848927589259262e-06
32,84,-1.7185627322704935e-06
32,85,-1.5763739875193591e-06
32,86,-1.5391461262822469e-06
32,87,-1.6836334263850607e-06
32,88,-2.0565890869988873e-06
32,89,-2.616436221102368e-06
32,90,-3.2060228492862794e-06
32,91,-3.6157259836534494e-06
32,92,-3.683374470987903e-06
32,93,-3.3806012955985012e-06
32,94,-3.0169318049742713e-06
32,95,-2.870263165395927e-06
32,96,-2.9133383076059757e-06
32,97,-2.9832208468295422e-06
32,98,-3.076469942505275e-06
32,99,-3.3270381045205956e-06
32,100,-3.719886548433732e-06
32,101,-3.987496683044994e-06
32,102,-3.825894573176926e-06
32,103,-3.2975014211340164e-06
32,104,-2.9962821713872014e-06
32,105,-3.1451999875508565e-06
32,106,-3.398271468346598e-06
32,107,-3.459114946102916e-06
32,108,-3.384546002183339e-06
32,109,-3.31741974203993e-06
32,110,-3.276815560209717e-06
32,111,-3.213443523113468e-06
32,112,-3.0933554066384855e-06
32,113,-2.9586646293173897e-06
32,114,-2.9132186176286903e-06
32,115,-2.9614408373784246e-06
32,116,-2.956847088824102e-06
32,117,-2.807878497418396e-06
32,118,-2.62555147648119e-06
32,119,-2.544290574868828e-06
32,120,-2.493971584348425e-06
32,121,-2.393543675650943e-06
32,122,-2.3045362083944376e-06
32,123,-2.2398595963024987e-06
32,124,-2.2120840422175552e-06
32,125,-2.2259616462169712e-06
32,126,-2.1696497876566206e-06
32,127,-2.057484641351376e-06
33,0,6.107104763398811e-09
33,1,7.553688554363709e-09
33,2,9.5680759081678e-09
33,3,1.2283847361754626e-08
33,4,1.589720365771019e-08
33,5,2.052178677409768e-08
33,6,2.6427446456709196e-08
33,7,3.266219293461814e-08
33,8,4.56137836857667e-08
33,9,6.730468849689557e-08
33,10,1.0493323652750169e-07
33,11,1.7723175003061206e-07
33,12,2.928507744596216e-07
33,13,4.89525053445722e-07
33,14,8.211037881493813e-07
33,15,1.3112817839022916e-06
33,16,1.7934521156027297e-06
33,17,2.053410223537715e-06
33,18,2.2246411269774787e-06
33,19,2.496731240462958e-06
33,20,3.197732529642225e-06
33,21,4.274310696672963e-06
33,22,7.2490471343129715e-06
33,23,1.0060248697046328e-05
33,24,1.119529727645784e-05
33,25,1.2711131649386946e-05
33,26,1.4914146459614105e-05
33,27,1.758078773689117e-05
33,28,2.0444980700500124e-05
33,29,2.3322141488214375e-05
33,30,2.6121704815312148e-05
33,31,2.8810973167498118e-05
33,32,3.139616243664064e-05
33,33,3.3946371163657456e-05
33,34,3.6410881538075635e-05
33,35,3.878676001713728e-05
33,36,4.071720410857396e-05
33,37,4.200733951110998e-05
33,38,4.2602966066225636e-05
33,39,4.2507583295062504e-05
33,40,4.1767686788553256e-05
33,41,4.0456661040042576e-05
33,42,3.8667867812179804e-05
33,43,3.650629894978001e-05
33,44,3.4085541413866e-05
33,45,3.152843291184301e-05
33,46,2.8469904885384814e-05
33,47,2.5078211600149606e-05
33,48,2.1769534486684323e-05
33,49,1.8619613637495396e-05
33,50,1.5752684471774125e-05
33,51,1.3180192421648838e-05
33,52,1.0899311007967242e-05
33,53,8.90105486454964e-06
33,54,7.17801527445898e-06
33,55,5.727124122884833e-06
33,56,4.547828487836115e-06
33,57,3.638006486857836e-06
33,58,2.9224931340706106e-06
33,59,2.449348756730667e-06
33,60,2.2340627109189147e-06
33,61,2.1709876196607053e-06
33,62,2.1442093770408877e-06
33,63,2.0520699590980917e-06
33,64,1.8327875267854766e-06
33,65,1.4760264916310916e-06
33,66,1.0201850310699906e-06
33,67,5.364896823313822e-07
33,68,1.0006326606282396e-07
33,69,-2.18053415766057e-07
33,70,-3.79841957137483e-07
33,71,-3.6348049976556906e-07
33,72,-2.2699758165683437e-07
33,73,-8.431683129742619e-08
33,74,-4.109039329930678e-08
33,75,-1.6246035766709513e-07
33,76,-4.590177287887355e-07
33,77,-8.902047622058147e-07
33,78,-1.3796889470709184e-06
33,79,-1.8379539126648196e-06
33,80,-2.1963350233346027e-06
33,81,-2.389804349594934e-06
33,82,-2.3960709694436503e-06
33,83,-2.2542405859454223e-06
33,84,-2.048523082830535e-06
33,85,-1.8599386996288077e-06
33,86,-1.7608576944975001e-06
33,87,-1.8238543875559114e-06
33,88,-2.097902600899142e-06
33,89,-2.5495407105477194e-06
33,90,-3.0326908117308226e-06
33,91,-3.3476817841368684e-06
33,92,-3.3310428485752463e-06
33,93,-2.9606993095124386e-06
33,94,-2.5453806867152527e-06
33,95,-2.3451220420025884e-06
33,96,-2.3168686996506812e-06
33,97,-2.2903520005238633e-06
33,98,-2.2645625894508765e-06
33,99,-2.38386312970277e-06
33,100,-2.6482667362354368e-06
33,101,-2.8034388490267357e-06
33,102,-2.5442336521105427e-06
33,103,-1.9295855954630908e-06
33,104,-1.5386614000010494e-06
33,105,-1.5742073013327592e-06
33,106,-1.6908132716118807e-06
33,107,-1.6075734703932503e-06
33,108,-1.393392665466733e-06
33,109,-1.1942501980466778e-06
33,110,-1.0228375634692333e-06
33,111,-8.280967878511125e-07
33,112,-5.744228248315677e-07
33,113,-2.9800721061857064e-07
33,114,-1.0302868845279655e-07
33,115,2.223496166754472e-09
33,116,1.5138728077824097e-07
33,117,4.267865437377506e-07
33,118,7.216627372309676e-07
33,119,9.129249279240071e-07
33,120,1.0760019638390416e-06
33,121,1.2880901481694467e-06
33,122,1.4755701519781754e-06
33,123,1.6254392681491026e-06
33,124,1.7235062289081303e-06
33,125,1.7580854956577903e-06
33,126,1.836255429027352e-06
33,127,1.951699935073994e-06
34,0,8.221718954984828e-09
34,1,1.0124527844838377e-08
34,2,1.2708895637818504e-08
34,3,1.6156773234802685e-08
34,4,2.0709103574242354e-08
34,5,2.648997664720635e-08
34,6,3.3820279761661735e-08
34,7,4.146119709243169e-08
34,8,5.7321608841799756e-08
34,9,8.362345327067929e-08
34,10,1.2883426624243416e-07
34,11,2.1498033308664962e-07
34,12,3.5123574795739514e-07
34,13,5.809110110521973e-07
34,14,9.646007102082696e-07
34,15,1.525635701665611e-06
34,16,2.067323329124119e-06
34,17,2.3458103420876184e-06
34,18,2.519380074880706e-06
34,19,2.8036750493727046e-06
34,20,3.559763467951347e-06
34,21,4.716253634466562e-06
34,22,7.910005663852768e-06
34,23,1.083717985827254e-05
34,24,1.1910946867486439e-05
34,25,1.3362280693601287e-05
34,26,1.5497208438425754e-05
34,27,1.806409792730336e-05
34,28,2.0779913579697558e-05
34,29,2.3455974136460727e-05
34,30,2.6004985334813125e-05
34,31,2.8399991306269354e-05
34,32,3.0652787157185995e-05
34,33,3.283519540507771e-05
34,34,3.4838937068995615e-05
34,35,3.666412813764365e-05
34,36,3.8030876391003646e-05
34,37,3.8773836306891024e-05
34,38,3.886926079130472e-05
34,39,3.833890456991932e-05
34,40,3.724163394163921e-05
34,41,3.565796514062271e-05
34,42,3.3683284796605e-05
34,43,3.1420161154961636e-05
34,44,2.8975400380013553e-05
34,45,2.646012736375195e-05
34,46,2.3535963607066435e-05
34,47,2.036834538517491e-05
34,48,1.734500263524637e-05
34,49,1.4525480998988241e-05
34,50,1.200691172519105e-05
34,51,9.78422516336723e-06
34,52,7.84117940844873e-06
34,53,6.15924319811648e-06
34,54,4.725003497283509e-06
34,55,3.532235612198431e-06
34,56,2.5792762603679366e-06
34,57,1.8637534743006387e-06
34,58,1.3326285311608933e-06
34,59,1.0259181686987133e-06
34,60,9.435219543709933e-07
34,61,9.864688400311997e-07
34,62,1.0445339738626463e-06
34,63,1.022726521412133e-06
34,64,8.647178189631211e-07
34,65,5.638956947890567e-07
34,66,1.6048920727056436e-07
34,67,-2.7410844568510167e-07
34,68,-6.648387755207149e-07
34,69,-9.42248565434165e-07
34,70,-1.0660180849472693e-06
34,71,-1.0152409759407308e-06
34,72,-8.482841941588115e-07
34,73,-6.735522680620814e-07
34,74,-5.909617840461863e-07
34,75,-6.613954011320776e-07
34,76,-8.94159448205192e-07
34,77,-1.250810714774994e-06
34,78,-1.6598949218775074e-06
34,79,-2.038064282420012e-06
34,80,-2.3192554421790474e-06
34,81,-2.443836404559675e-06
34,82,-2.391928424519165e-06
34,83,-2.200822548231023e-06
34,84,-1.9495309891309655e-06
34,85,-1.7087949785521266e-06
34,86,-1.5417140759415018e-06
34,87,-1.5159170083872764e-06
34,88,-1.6820316159293162e-06
34,89,-2.0150498530225396e-06
34,90,-2.381444300709854e-06
34,91,-2.5932844671478935e-06
34,92,-2.487465434714602e-06
34,93,-2.047979237760675e-06
34,94,-1.5798039953844548e-06
34,95,-1.3226803388161697e-06
34,96,-1.2183331732751623e-06
34,97,-1.0911166055791228e-06
34,98,-9.428256064358552e-07
34,99,-9.271196266766901e-07
34,100,-1.0588409672535748e-06
34,101,-1.0981538899865734e-06
34,102,-7.412600473188988e-07
34,103,-4.239987915488528e-08
34,104,4.3888522398181756e-07
34,105,5.212586445636261e-07
34,106,5.46066689322008e-07
34,107,7.760921728247772e-07
34,108,1.1313213111749957e-06
34,109,1.464301893265196e-06
34,110,1.7687418182215444e-06
34,111,2.0968312711728104e-06
34,112,2.484798991256259e-06
34,113,2.902511461473692e-06
34,114,3.246708048807846e-06
34,115,3.505588679681445e-06
34,116,3.7995866345236044e-06
34,117,4.200727405385613e-06
34,118,4.606946850560299e-06
34,119,4.9074439034270346e-06
34,120,5.181050736383336e-06
34,121,5.500588589201732e-06
34,122,5.7817521954406144e-06
34,123,6.013281043063612e-06
34,124,6.180555633527108e-06
34,125,6.26505749071473e-06
34,126,6.367040824208634e-06
34,127,6.486619255972505e-06
35,0,1.0387346908505727e-08
35,1,1.2731049999252875e-08
35,2,1.5833333491726055e-08
35,3,1.9927673287445345e-08
35,4,2.5291749734312868e-08
35,5,3.2049315600056406e-08
35,6,4.05569867873035e-08
35,7,4.9306478471217424e-08
35,8,6.746544645611858e-08
35,9,9.727628475877703e-08
35,10,1.480460033618261e-07
35,11,2.439784820049162e-07
35,12,3.9401058153955656e-07
35,13,6.445742001097183e-07
35,14,1.0592690745738816e-06
35,15,1.658831277393397e-06
35,16,2.2264668467039373e-06
35,17,2.503204737817176e-06
35,18,2.664490673655527e-06
35,19,2.9395002060243303e-06
35,20,3.6990515410141465e-06
35,21,4.85641006730318e-06
35,22,8.052496867103004e-06
35,23,1.0887442353466309e-05
35,24,1.1814194394903126e-05
35,25,1.3090924826908275e-05
35,26,1.5002035436624434e-05
35,27,1.728573436028823e-05
35,28,1.9663086320457833e-05
35,29,2.1956034146782628e-05
35,30,2.408797121355274e-05
35,31,2.6040544051534148e-05
35,32,2.7831008381122177e-05
35,33,2.9529518112813908e-05
35,34,3.098640299990147e-05
35,35,3.2208630657539416e-05
35,36,3.300488631788338e-05
35,37,3.324643919184804e-05
35,38,3.2935334974626415e-05
35,39,3.21048801501173e-05
35,40,3.081753748561855e-05
35,41,2.9151401985482857e-05
35,42,2.719453474290671e-05
35,43,2.5038576054375936e-05
35,44,2.2776087059196552e-05
35,45,2.049989908061811e-05
35,46,1.7919462945763497e-05
35,47,1.5184592263464458e-05
35,48,1.2629227402845178e-05
35,49,1.0294952746429239e-05
35,50,8.249098817401066e-06
35,51,6.473292134592746e-06
35,52,4.941914966529288e-06
35,53,3.6309970345115936e-06
35,54,2.524755786480519e-06
35,55,1.6168709064231256e-06
35,56,9.07097324294002e-07
35,57,3.950411571465247e-07
35,58,5.0795235688947646e-08
35,59,-9.300168544573508e-08
35,60,-4.981982779298786e-08
35,61,9.064549627310465e-08
35,62,2.2647668080141332e-07
35,63,2.7126795069308656e-07
35,64,1.7514159868726418e-07
35,65,-6.482448987073886e-08
35,66,-4.0752017875835373e-07
35,67,-7.828766884854387e-07
35,68,-1.117403691234944e-06
35,69,-1.3444405711390226e-06
35,70,-1.4221229081812034e-06
35,71,-1.3307525604280565e-06
35,72,-1.1285395541474093e-06
35,73,-9.169630108598177e-07
35,74,-7.888542362945698e-07
35,75,-8.000854211075053e-07
35,76,-9.586795275604508e-07
35,77,-1.2290057065106806e-06
35,78,-1.5455860817738481e-06
35,79,-1.832370242920475e-06
35,80,-2.026763216513968e-06
35,81,-2.075215119585948e-06
35,82,-1.960628287588866e-06
35,83,-1.7179858710929725e-06
35,84,-1.4202325495791636e-06
35,85,-1.1271150681903328e-06
35,86,-8.918406381844952e-07
35,87,-7.763382869618642e-07
35,88,-8.321248626192165e-07
35,89,-1.0427224992392222e-06
35,90,-1.2885026128325864e-06
35,91,-1.39516832020759e-06
35,92,-1.202499659379957e-06
35,93,-7.001024670424404e-07
35,94,-1.8498350599638004e-07
35,95,1.256667136058401e-07
35,96,3.0341861899790435e-07
35,97,5.261643256140323e-07
35,98,7.895924019407815e-07
35,99,9.338304240355594e-07
35,100,9.305119707990546e-07
35,101,1.0025631429480203e-06
35,102,1.4475444493176883e-06
35,103,2.2167159994688607e-06
35,104,2.7771597782451824e-06
35,105,2.9704774221139067e-06
35,106,3.129523204334878e-06
35,107,3.496073182213688e-06
35,108,3.980582161837181e-06
35,109,4.436103755316737e-06
35,110,4.862615662807653e-06
35,111,5.312537967112712e-06
35,112,5.821388862733635e-06
35,113,6.365308606916753e-06
35,114,6.8433953919202745e-06
35,115,7.242093739643223e-06
35,116,7.667867471675079e-06
35,117,8.1813026321254e-06
35,118,8.685442621102302e-06
35,119,9.082476528665674e-06
35,120,9.453116553519141e-06
35,121,9.86540390105453e-06
35,122,1.0226596112176428e-05
35,123,1.0528496131988448e-05
35,124,1.075731631504492e-05
35,125,1.0888242059520245e-05
35,126,1.10128061849442e-05
35,127,1.1135806169094403e-05
36,0,1.167321635237243e-08
36,1,1.4226092671194938e-08
36,2,1.7522646704305616e-08
36,3,2.1825967133325516e-08
36,4,2.7420353144893794e-08
36,5,3.441136769470601e-08
36,6,4.314967338005783e-08
36,7,5.200851298371516e-08
36,8,7.040698900929088e-08
36,9,1.0030083240383969e-07
36,10,1.5074049718872938e-07
36,11,2.452597106540853e-07
36,12,3.913914884127669e-07
36,13,6.331674589599758e-07
36,14,1.029551045289473e-06
36,15,1.596053684489179e-06
36,16,2.1214727679403954e-06
36,17,2.362866151619953e-06
36,18,2.4923266401022745e-06
36,19,2.725363841100882e-06
36,20,3.3985991693668375e-06
36,21,4.420879904265309e-06
36,22,7.2457090359750135e-06
36,23,9.665863695976934e-06
36,24,1.0353346842309875e-05
36,25,1.1329220122165246e-05
36,26,1.2826839318942088e-05
36,27,1.4607667951652154e-05
36,28,1.643048504326687e-05
36,29,1.8148445139269666e-05
36,30,1.9703941906567527e-05
36,31,2.1088692569718855e-05
36,32,2.2322891431735747e-05
36,33,2.346754596796075e-05
36,34,2.436572295346918e-05
36,35,2.5032250328573954e-05
36,36,2.536099439389084e-05
36,37,2.5262894443885412e-05
36,38,2.4753399126706476e-05
36,39,2.3865345060925826e-05
36,40,2.2652000912420648e-05
36,41,2.1177058198812944e-05
36,42,1.9510538690860946e-05
36,43,1.7724032418709144e-05
36,44,1.5888543873842976e-05
36,45,1.40735357645825e-05
36,46,1.2058250869002064e-05
36,47,9.96306735748961e-06
36,48,8.04367121131906e-06
36,49,6.324628882217004e-06
36,50,4.8447668108706705e-06
36,51,3.57884526835443e-06
36,52,2.498259855642986e-06
36,53,1.5793474090982353e-06
36,54,8.087585228027709e-07
36,55,1.838023586880472e-07
36,56,-2.915474195076394e-07
36,57,-6.134298005075249e-07
36,58,-7.90106454092634e-07
36,59,-7.948166707844297e-07
36,60,-6.502523127644112e-07
36,61,-4.346979830319664e-07
36,62,-2.394068906374331e-07
36,63,-1.407049038606753e-07
36,64,-1.814511150870474e-07
36,65,-3.6136601193733867e-07
36,66,-6.398272996807209e-07
36,67,-9.499574899959993e-07
36,68,-1.2217597430233242e-06
36,69,-1.392827730862451e-06
36,70,-1.4210175350423832e-06
36,71,-1.2881860197840751e-06
36,72,-1.0514969649330557e-06
36,73,-8.040119907091437e-07
36,74,-6.300752072204664e-07
36,75,-5.798136910188069e-07
36,76,-6.600209357401823e-07
36,77,-8.38592083604374e-07
36,78,-1.057108803926816e-06
36,79,-1.2479074786501638e-06
36,80,-1.3529409312224096e-06
36,81,-1.3253451890037305e-06
36,82,-1.1511383757561218e-06
36,83,-8.624502629538694e-07
36,84,-5.250991230138175e-07
36,85,-1.8740134783983834e-07
36,86,1.0771857910528593e-07
36,87,3.047810380131919e-07
36,88,3.5239949520880053e-07
36,89,2.5883142690082725e-07
36,90,1.2873154694170498e-07
36,91,1.2077905838678738e-07
36,92,3.8876291168485946e-07
36,93,9.375162425583943e-07
36,94,1.4828083548003797e-06
36,95,1.832585466801454e-06
36,96,2.0701947340227943e-06
36,97,2.3727506261373004e-06
36,98,2.733330582234101e-06
36,99,2.988522613799286e-06
36,100,3.0976468674951895e-06
36,101,3.2643941749962813e-06
36,102,3.774482049792632e-06
36,103,4.585826717877522e-06
36,104,5.200487744366154e-06
36,105,5.483993223831026e-06
36,106,5.755355086071399e-06
36,107,6.232234763030271e-06
36,108,6.81794276595296e-06
36,109,7.3688879463314465e-06
36,110,7.890409975565678e-06
36,111,8.434134515160284e-06
36,112,9.033681339661807e-06
36,113,9.670950888206771e-06
36,114,1.025063533149236e-05
36,115,1.0758665217844218e-05
36,116,1.1286790851483588e-05
36,117,1.18834966577822e-05
36,118,1.2457758782310888e-05
36,119,1.2925774519670186e-05
36,120,1.3367657123085776e-05
36,121,1.384569650780357e-05
36,122,1.42623136513624e-05
36,123,1.4614175134359712e-05
36,124,1.4889417208607679e-05
36,125,1.5057706482776553e-05
36,126,1.5199791160964988e-05
36,127,1.5323488749991412e-05
37,0,9.82820757604417e-09
37,1,1.186088742229525e-08
37,2,1.445032406118646e-08
37,3,1.779802774033514e-08
37,4,2.211923032566658e-08
37,5,2.7476984096346067e-08
37,6,3.412698936620789e-08
37,7,4.076735498753027e-08
37,8,5.4586136194654054e-08
37,9,7.681123603280456e-08
37,10,1.1397908890191394e-07
37,11,1.8308741368688455e-07
37,12,2.8874926182036e-07
37,13,4.620208755689938e-07
37,14,7.435564422899682e-07
37,15,1.1414919594811115e-06
37,16,1.5032043009113606e-06
37,17,1.6593584176123e-06
37,18,1.7352799572786666e-06
37,19,1.8818182980198828e-06
37,20,2.3268278268779114e-06
37,21,3.000769341392887e-06
37,22,4.865588166809551e-06
37,23,6.411208699011646e-06
37,24,6.786649216088233e-06
37,25,7.343216991780525e-06
37,26,8.225547242455163e-06
37,27,9.273600597659596e-06
37,28,1.0332898738322213e-05
37,29,1.131392995867796e-05
37,30,1.2185417014809143e-05
37,31,1.2946979408223383e-05
37,32,1.3615115742444289e-05
37,33,1.4230005576580894e-05
37,34,1.4685092176069063e-05
37,35,1.4997608390205148e-05
37,36,1.5117885432602398e-05
37,37,1.4992227439959769e-05
37,38,1.462842463513355e-05
37,39,1.4042592687261357e-05
37,40,1.3263296680512517e-05
37,41,1.2326438591692067e-05
37,42,1.1273303644510064e-05
37,43,1.0147772932525825e-05
37,44,8.994598199161235e-06
37,45,7.857895903609167e-06
37,46,6.60558445338277e-06
37,47,5.31541129249063e-06
37,48,4.146421541635062e-06
37,49,3.1115098520508533e-06
37,50,2.2280903035746707e-06
37,51,1.4738937879040105e-06
37,52,8.261710029412797e-07
37,53,2.687848210030498e-07
37,54,-2.0377228175712082e-07
37,55,-5.868021374471678e-07
37,56,-8.696800062271566e-07
37,57,-1.042600815389671e-06
37,58,-1.09697627573548e-06
37,59,-1.0097812554817357e-06
37,60,-8.069260152634515e-07
37,61,-5.539591332576008e-07
37,62,-3.296846254960602e-07
37,63,-1.9951892964661e-07
37,64,-1.993301851949869e-07
37,65,-3.266612083517929e-07
37,66,-5.432539105490001e-07
37,67,-7.877330387594927e-07
37,68,-9.959167366019973e-07
37,69,-1.1113257084021517e-06
37,70,-1.093339380163978e-06
37,71,-9.257626470716122e-07
37,72,-6.632610873125541e-07
37,73,-3.889104663218341e-07
37,74,-1.7716485575845764e-07
37,75,-7.172590231496418e-08
37,76,-7.825938427183196e-08
37,77,-1.6889580723372508e-07
37,78,-2.932728563174943e-07
37,79,-3.9309449449861513e-07
37,80,-4.1619271726783243e-07
37,81,-3.2289539203357583e-07
37,82,-1.0252653255626686e-07
37,83,2.1626221228466258e-07
37,84,5.760784518023366e-07
37,85,9.402156875362133e-07
37,86,1.27613050522419e-06
37,87,1.5354499771189288e-06
37,88,1.6681078407767182e-06
37,89,1.6746376890081142e-06
37,90,1.6435211914296438e-06
37,91,1.7156570303598845e-06
37,92,2.0340459049142175e-06
37,93,2.5990860175919805e-06
37,94,3.146591018743174e-06
37,95,3.511541372776334e-06
37,96,3.7852518321326375e-06
37,97,4.139231946926527e-06
37,98,4.564101224454943e-06
37,99,4.897427586879092e-06
37,100,5.08891194993444e-06
37,101,5.3206738798720394e-06
37,102,5.8592434773019e-06
37,103,6.669745880577721e-06
37,104,7.298868980315561e-06
37,105,7.636457892972693e-06
37,106,7.981529235966614e-06
37,107,8.525047325568649e-06
37,108,9.166229446358258e-06
37,109,9.768083511479833e-06
37,110,1.0340029011717563e-05
37,111,1.0931541576885334e-05
37,112,1.157324225629378e-05
37,113,1.2252922089125892e-05
37,114,1.2883721640505526e-05
37,115,1.3452556211076675e-05
37,116,1.4036438110232001e-05
37,117,1.4671299223451324e-05
37,118,1.5272791597427556e-05
37,119,1.577188701288455e-05
37,120,1.6246077343345094e-05
37,121,1.6750711151200272e-05
37,122,1.7187787172084155e-05
37,123,1.7559975099028912e-05
37,124,1.7858530991237132e-05
37,125,1.8048964224370935e-05
37,126,1.819923614621733e-05
37,127,1.8318676120500112e-05
38,0,-8.336454042000457e-11
38,1,-3.543665641714178e-10
38,2,-5.134461729713942e-10
38,3,-6.848136144429888e-10
38,4,-8.863392351194473e-10
38,5,-1.1223490306451332e-09
38,6,-1.4015256038737636e-09
38,7,-1.6670807753133234e-09
38,8,-2.1923624300060946e-09
38,9,-2.9737537875401767e-09
38,10,-4.165403151091169e-09
38,11,-6.160323145192068e-09
38,12,-8.770745636751767e-09
38,13,-1.2387997664185065e-08
38,14,-1.712465234793297e-08
38,15,-2.1782548059247432e-08
38,16,-2.2564203226421986e-08
38,17,-1.7998552791294898e-08
38,18,-1.1484229039491911e-08
38,19,-4.416451581513857e-09
38,20,5.079370528636185e-09
38,21,2.0868163129717833e-08
38,22,6.384329078240398e-08
38,23,1.3254482493512834e-07
38,24,1.9243968043531935e-07
38,25,2.6646550917069396e-07
38,26,3.6688924600999164e-07
38,27,4.956282192237922e-07
38,28,6.504237993201725e-07
38,29,8.285109230704251e-07
38,30,1.0282534081365514e-06
38,31,1.2489280487586871e-06
38,32,1.490590420218392e-06
38,33,1.7558633147223646e-06
38,34,2.072653480676251e-06
38,35,2.4432491107828116e-06
38,36,2.8097884963728956e-06
38,37,3.140235337961603e-06
38,38,3.4046497016046716e-06
38,39,3.582991489969334e-06
38,40,3.66340965117055e-06
38,41,3.642935136124736e-06
38,42,3.527439059268241e-06
38,43,3.330269170752225e-06
38,44,3.0703769544194663e-06
38,45,2.7701393236362005e-06
38,46,2.3965636922500027e-06
38,47,1.9761237560246946e-06
38,48,1.5664968752376645e-06
38,49,1.179437155974927e-06
38,50,8.246162761989324e-07
38,51,4.951493320470493e-07
38,52,1.8440900050581673e-07
38,53,-1.0858617894070917e-07
38,54,-3.7645369536616686e-07
38,55,-6.043089907927834e-07
38,56,-7.737286000484234e-07
38,57,-8.686334487524895e-07
38,58,-8.720259631976104e-07
38,59,-7.621689728024825e-07
38,60,-5.610023417810395e-07
38,61,-3.2137722021673674e-07
38,62,-1.0884169055242618e-07
38,63,2.2038870694449178e-08
38,64,4.1645779232431036e-08
38,65,-4.699337222603737e-08
38,66,-2.1030731832085962e-07
38,67,-3.9505322711550124e-07
38,68,-5.454579516442736e-07
38,69,-6.127964517561889e-07
38,70,-5.602322840537919e-07
38,71,-3.739648887951424e-07
38,72,-1.0407839668495659e-07
38,73,1.7798388936526944e-07
38,74,4.089889378526225e-07
38,75,5.522240562776074e-07
38,76,6.030080874221635e-07
38,77,5.843784698506864e-07
38,78,5.378558929103427e-07
38,79,5.116016626932804e-07
38,80,5.504592315432189e-07
38,81,6.866467267633012e-07
38,82,9.275518631472736e-07
38,83,1.248617614573397e-06
38,84,1.6021965482053327e-06
38,85,1.962599900413308e-06
38,86,2.307088177486692e-06
38,87,2.5950694357794343e-06
38,88,2.7796151462752227e-06
38,89,2.855069060972709e-06
38,90,2.893435430028058e-06
38,91,3.0156303939363754e-06
38,92,3.348294051512174e-06
38,93,3.887737667281839e-06
38,94,4.397518459584739e-06
38,95,4.741453489373523e-06
38,96,5.014688039161296e-06
38,97,5.377992372863986e-06
38,98,5.820116123975504e-06
38,99,6.184964499429858e-06
38,100,6.415971200500156e-06
38,101,6.670892098490777e-06
38,102,7.188596639566236e-06
38,103,7.941438593867653e-06
38,104,8.531574452869262e-06
38,105,8.873240518982438e-06
38,106,9.238256555897788e-06
38,107,9.788377643198617e-06
38,108,1.0422779001060298e-05
38,109,1.1015052466563951e-05
38,110,1.1576759160261202e-05
38,111,1.215408915920862e-05
38,112,1.2773895671504996e-05
38,113,1.342880421962023e-05
38,114,1.4044066012697285e-05
38,115,1.4609485341621664e-05
38,116,1.5187430763585508e-05
38,117,1.580097413714179e-05
38,118,1.6373682544373153e-05
38,119,1.6852221215461013e-05
38,120,1.730906326721692e-05
38,121,1.779092461575863e-05
38,122,1.820509373360011e-05
38,123,1.8560590320275327e-05
38,124,1.8852635651308796e-05
38,125,1.9044479793098303e-05
38,126,1.9189564997015474e-05
38,127,1.9297631231734497e-05
39,0,-2.8205667738345383e-08
39,1,-3.4671427968366056e-08
39,2,-4.174484290188073e-08
39,3,-5.0537667589029235e-08
39,4,-6.163396365976845e-08
39,5,-7.511013687147622e-08
39,6,-9.154024802278145e-08
39,7,-1.073497480730071e-07
39,8,-1.4036518705099865e-07
39,9,-1.9207147045782428e-07
39,10,-2.7649530826186695e-07
39,11,-4.3008144405050783e-07
39,12,-6.575470437030813e-07
39,13,-1.0208528053828304e-06
39,14,-1.5951697162895824e-06
39,15,-2.3789573132093574e-06
39,16,-3.044607699711471e-06
39,17,-3.2673580572673787e-06
39,18,-3.3226752300800032e-06
39,19,-3.5047690793806736e-06
39,20,-4.209635598060254e-06
39,21,-5.267350399821323e-06
39,22,-8.215768922219474e-06
39,23,-1.0332638718555956e-05
39,24,-1.0437974963064948e-05
39,25,-1.0772850524857713e-05
39,26,-1.1500509391890534e-05
39,27,-1.2340738943336916e-05
39,28,-1.3064146971543272e-05
39,29,-1.3559686925065146e-05
39,30,-1.3805370509760016e-05
39,31,-1.3820602842005114e-05
39,32,-1.3642666454768606e-05
39,33,-1.332797443452358e-05
39,34,-1.2605966341920888e-05
39,35,-1.1524356993202381e-05
39,36,-1.0257882413959841e-05
39,37,-8.841448984886774e-06
39,38,-7.377551864494713e-06
39,39,-5.939153705506036e-06
39,40,-4.588170772961162e-06
39,41,-3.3697762313414345e-06
39,42,-2.3116524439239543e-06
39,43,-1.4252118411571138e-06
39,44,-7.084798289165427e-07
39,45,-1.493548298550557e-07
39,46,3.132747537766621e-07
39,47,6.554950197955475e-07
39,48,8.509406913170261e-07
39,49,9.256682587968712e-07
39,50,9.016971764759386e-07
39,51,8.005513057246356e-07
39,52,6.412657022947967e-07
39,53,4.4395595650427446e-07
39,54,2.3170280850598877e-07
39,55,2.992704153395853e-08
39,56,-1.3645165909338053e-07
39,57,-2.471299754299609e-07
39,58,-2.882651915317702e-07
39,59,-2.3744051691464932e-07
39,60,-1.0575026687938087e-07
39,61,6.49112502279996e-08
39,62,2.217013342129363e-07
39,63,3.1979785333027375e-07
39,64,3.3435114292069304e-07
39,65,2.668890148718772e-07
39,66,1.4373753217426515e-07
39,67,7.300013455072828e-09
39,68,-9.766968919003118e-08
39,69,-1.3203678051846858e-07
39,70,-6.521804965410304e-08
39,71,1.137622035073854e-07
39,72,3.6213890907910303e-07
39,73,6.218364665284384e-07
39,74,8.420856870397189e-07
39,75,9.936336877731406e-07
39,76,1.0726311149641718e-06
39,77,1.0968449056492221e-06
39,78,1.098430764633364e-06
39,79,1.114882933427512e-06
39,80,1.182067286039292e-06
39,81,1.3245892611369986e-06
39,82,1.5469021416967687e-06
39,83,1.8293697620644842e-06
39,84,2.1358143321356183e-06
39,85,2.4507650317442135e-06
39,86,2.760282118422224e-06
39,87,3.031816691741281e-06
39,88,3.223316248009073e-06
39,89,3.3247167249678256e-06
39,90,3.3914027208335786e-06
39,91,3.5220611985069325e-06
39,92,3.821231828014618e-06
39,93,4.282100655415668e-06
39,94,4.705150558584852e-06
39,95,4.984303664724657e-06
39,96,5.212773797055698e-06
39,97,5.534272580389492e-06
39,98,5.9363535514121825e-06
39,99,6.27591012234194e-06
39,100,6.494576794256338e-06
39,101,6.722853616730127e-06
39,102,7.163113409094859e-06
39,103,7.79439393428921e-06
39,104,8.285284336225156e-06
39,105,8.573516931877431e-06
39,106,8.895735656010891e-06
39,107,9.382621732175381e-06
39,108,9.938262533010812e-06
39,109,1.0451407573085794e-05
39,110,1.0933705613998863e-05
39,111,1.1426452393823995e-05
39,112,1.1952171576884287e-05
39,113,1.2507148491861223e-05
39,114,1.3032362437230596e-05
39,115,1.3522239626897147e-05
39,116,1.4024765516098956e-05
39,117,1.4550368874001747e-05
39,118,1.5032077696928765e-05
39,119,1.543293729773846e-05
39,120,1.581848787041457e-05
39,121,1.6224833600583888e-05
39,122,1.6570346686389485e-05
39,123,1.6869708354748353e-05
39,124,1.712255084650521e-05
39,125,1.729217562198922e-05
39,126,1.741623540158089e-05
39,127,1.750438456459681e-05
40,0,-9.42208873828961e-08
40,1,-1.1476877114146856e-07
40,2,-1.3665252556176114e-07
40,3,-1.6349994809616e-07
40,4,-1.971058707849751e-07
40,5,-2.3755632076376072e-07
40,6,-2.8649227191294984e-07
40,7,-3.326405997328073e-07
40,8,-4.295992096387412e-07
40,9,-5.796505495395701e-07
40,10,-8.222655125180387e-07
40,11,-1.2599820773223196e-06
40,12,-1.8996394968710164e-06
40,13,-2.9107013631788145e-06
40,14,-4.491832631000428e-06
40,15,-6.6194590230661245e-06
40,16,-8.37490593123341e-06
40,17,-8.888260721434683e-06
40,18,-8.941555303012889e-06
40,19,-9.332608080534232e-06
40,20,-1.1088261094176925e-05
40,21,-1.3720403316174443e-05
40,22,-2.1101267992903144e-05
40,23,-2.6104310668680112e-05
40,24,-2.5949272714064393e-05
40,25,-2.6364237805751152e-05
40,26,-2.7717496770884298e-05
40,27,-2.9303785972065596e-05
40,28,-3.057915753463013e-05
40,29,-3.1304057557598096e-05
40,30,-3.145439390827222e-05
40,31,-3.109934458698767e-05
40,32,-3.0342810975039854e-05
40,33,-2.9324016561793785e-05
40,34,-2.7412681126374887e-05
40,35,-2.4764652349768963e-05
40,36,-2.18210555171047e-05
40,37,-1.8651324638365437e-05
40,38,-1.5459523233471997e-05
40,39,-1.2376325085834084e-05
40,40,-9.508485050211011e-06
40,41,-6.931173043752609e-06
40,42,-4.688968996535136e-06
40,43,-2.7992082229475976e-06
40,44,-1.2571683118788729e-06
40,45,-4.086788393588623e-08
40,46,9.769171942312002e-07
40,47,1.7375693758660783e-06
40,48,2.177265135861726e-06
40,49,2.3542465818398236e-06
40,50,2.326043981683619e-06
40,51,2.1520658207805055e-06
40,52,1.882187846598739e-06
40,53,1.558895909054439e-06
40,54,1.2191699679187253e-06
40,55,8.950477782624046e-07
40,56,6.128587850077557e-07
40,57,3.917011264172436e-07
40,58,2.2982461884096258e-07
40,59,1.5055730395525772e-07
40,60,1.5741895108953535e-07
40,61,2.159314358384767e-07
40,62,2.8387799017151775e-07
40,63,3.2420399972171914e-07
40,64,3.1491604396769513e-07
40,65,2.539153972953555e-07
40,66,1.5796711463494203e-07
40,67,5.634867304409131e-08
40,68,-1.9290485121697e-08
40,69,-4.0928625714593984e-08
40,70,1.3681205142707131e-08
40,71,1.5231762769804784e-07
40,72,3.42638171350713e-07
40,73,5.416687470883128e-07
40,74,7.12069497287983e-07
40,75,8.32290885930603e-07
40,76,8.991719126682695e-07
40,77,9.251058143653239e-07
40,78,9.329325406005344e-07
40,79,9.49518581667015e-07
40,80,1.0005324521747903e-06
40,81,1.1032135626067116e-06
40,82,1.2598042270102895e-06
40,83,1.4562249253865617e-06
40,84,1.6689605704305536e-06
40,85,1.891039571445277e-06
40,86,2.1155473608217064e-06
40,87,2.3181840457368553e-06
40,88,2.4640521965622123e-06
40,89,2.5413728592158793e-06
40,90,2.589535163097407e-06
40,91,2.6828515681054186e-06
40,92,2.898586293466547e-06
40,93,3.2276159865843617e-06
40,94,3.516149151649967e-06
40,95,3.6888048177015353e-06
40,96,3.8299675619567925e-06
40,97,4.059299247038921e-06
40,98,4.3642329200999e-06
40,99,4.62235235539788e-06
40,100,4.778941282260162e-06
40,101,4.934362806024045e-06
40,102,5.246650216791574e-06
40,103,5.70018945596648e-06
40,104,6.039571359023634e-06
40,105,6.224344174996242e-06
40,106,6.447362787808156e-06
40,107,6.806974832747592e-06
40,108,7.217934463865706e-06
40,109,7.588988555949115e-06
40,110,7.930001682024788e-06
40,111,8.275835944306274e-06
40,112,8.644587357330759e-06
40,113,9.03444671876646e-06
40,114,9.404643843411172e-06
40,115,9.755486369970586e-06
40,116,1.0121209128159177e-05
40,117,1.0500116117812518e-05
40,118,1.0836674765616474e-05
40,119,1.1111100393842493e-05
40,120,1.138066049554276e-05
40,121,1.1668037848397855e-05
40,122,1.1907978264353164e-05
40,123,1.2118942477640603e-05
40,124,1.2304554202860925e-05
40,125,1.2430672396573334e-05
40,126,1.2518880262169733e-05
40,127,1.2578996907738208e-05
41,0,-2.3386258272441588e-07
41,1,-2.834890879358611e-07
41,2,-3.341487954549791e-07
41,3,-3.9528834875879173e-07
41,4,-4.711029874360766e-07
41,5,-5.614663121449643e-07
41,6,-6.698769998789934e-07
41,7,-7.698009650986875e-07
41,8,-9.813894378490041e-07
41,9,-1.304550903894671e-06
41,10,-1.8215290145931732e-06
41,11,-2.7458388018596208e-06
41,12,-4.076284360005898e-06
41,13,-6.1544929823069405e-06
41,14,-9.364238377933936e-06
41,15,-1.3612123653008364e-05
41,16,-1.6994012188060264e-05
41,17,-1.780209440649701e-05
41,18,-1.7680979634225086e-05
41,19,-1.8222888947793644e-05
41,20,-2.1368379941764434e-05
41,21,-2.6083157989959945e-05
41,22,-3.942255519740075e-05
41,23,-4.776652861896707e-05
41,24,-4.650872458387867e-05
41,25,-4.6282200057399854e-05
41,26,-4.7654453092604514e-05
41,27,-4.93350039857829e-05
41,28,-5.040091667387852e-05
41,29,-5.049627133797272e-05
41,30,-4.963749219261974e-05
41,31,-4.798713168621749e-05
41,32,-4.574969824098725e-05
41,33,-4.3166649848744606e-05
41,34,-3.915635508095937e-05
41,35,-3.4062228809700604e-05
41,36,-2.875536796777056e-05
41,37,-2.336777620418433e-05
41,38,-1.8209053569787584e-05
41,39,-1.3446454057263996e-05
41,40,-9.200476210738294e-06
41,41,-5.540840105636128e-06
41,42,-2.4930704341092584e-06
41,43,-4.679752192390463e-08
41,44,1.8355046677943182e-06
41,45,3.211886509896231e-06
41,46,4.22079156814342e-06
41,47,4.802550977013641e-06
41,48,4.931432315258967e-06
41,49,4.712056332778675e-06
41,50,4.256103784850578e-06
41,51,3.6605488749378014e-06
41,52,3.001902125225748e-06
41,53,2.3379527127486068e-06
41,54,1.7107561751840032e-06
41,55,1.1493542077233142e-06
41,56,6.719020087837444e-07
41,57,2.8715651579080933e-07
41,58,-3.087029069886564e-08
41,59,-2.611361223155277e-07
41,60,-3.887448938146152e-07
41,61,-4.453705889996395e-07
41,62,-4.65823602274788e-07
41,63,-4.815350954076687e-07
41,64,-5.13276261865446e-07
41,65,-5.681960406725438e-07
41,66,-6.404052562467976e-07
41,67,-7.14916720823351e-07
41,68,-7.740206386231468e-07
41,69,-8.015780725758159e-07
41,70,-7.844259571219197e-07
41,71,-7.18075984265366e-07
41,72,-6.214952416547856e-07
41,73,-5.208625754383198e-07
41,74,-4.394694532048357e-07
41,75,-3.911530898945716e-07
41,76,-3.785070602920232e-07
41,77,-3.9424721786546226e-07
41,78,-4.2423533670572743e-07
41,79,-4.516761001564689e-07
41,80,-4.615744080046886e-07
41,81,-4.4341372792023914e-07
41,82,-3.9576326706987607e-07
41,83,-3.264444040576647e-07
41,84,-2.4586411753881445e-07
41,85,-1.5493116972948823e-07
41,86,-5.611648152945444e-08
41,87,3.421506074852056e-08
41,88,9.055545868467194e-08
41,89,1.0268933206380397e-07
41,90,9.542010629624685e-08
41,91,1.1698882235695887e-07
41,92,2.1483869692727793e-07
41,93,3.7849841640201113e-07
41,94,5.064640806300976e-07
41,95,5.534700731750458e-07
41,96,5.871873705960821e-07
41,97,6.960941195824809e-07
41,98,8.688290482814078e-07
41,99,1.011950516904116e-06
41,100,1.0806165099499993e-06
41,101,1.1427168366367206e-06
41,102,1.307854006574635e-06
41,103,1.5637666871135193e-06
41,104,1.7356117280011163e-06
41,105,1.8014627185000028e-06
41,106,1.9022175351898465e-06
41,107,2.104084675831423e-06
41,108,2.3389120795096877e-06
41,109,2.539856832977411e-06
41,110,2.7140047525731513e-06
41,111,2.8883921060234028e-06
41,112,3.0768507476887956e-06
41,113,3.2770693769474434e-06
41,114,3.4668129041789804e-06
41,115,3.6526701100336983e-06
41,116,3.855744694276348e-06
41,117,4.063298340198665e-06
41,118,4.233883914686261e-06
41,119,4.365222459398191e-06
41,120,4.505035751328867e-06
41,121,4.660130808867431e-06
41,122,4.785009224606979e-06
41,123,4.898456640160721e-06
41,124,5.006141475873696e-06
41,125,5.079166828433473e-06
41,126,5.124094172468086e-06
41,127,5.151866108820802e-06
42,0,-5.058596025800922e-07
42,1,-6.110156186199658e-07
42,2,-7.131281483613602e-07
42,3,-8.340923451503492e-07
42,4,-9.825832616566516e-07
42,5,-1.1577290224756346e-06
42,6,-1.3660224828806258e-06
42,7,-1.5530728626038068e-06
42,8,-1.953348101963903e-06
42,9,-2.5561054860943914e-06
42,10,-3.5097489300529504e-06
42,11,-5.199045834707824e-06
42,12,-7.590936606591281e-06
42,13,-1.1279880819283649e-05
42,14,-1.690054113496446e-05
42,15,-2.4201962115428364e-05
42,16,-2.9775161389074243e-05
42,17,-3.07443784931407e-05
42,18,-3.0103287046367496e-05
42,19,-3.059095117538582e-05
42,20,-3.5344530274210744e-05
42,21,-4.248182279182221e-05
42,22,-6.294343452439755e-05
42,23,-7.44530103118994e-05
42,24,-7.075005985842931e-05
42,25,-6.868510230840254e-05
42,26,-6.895498949738616e-05
42,27,-6.955322393233398e-05
42,28,-6.91681952593692e-05
42,29,-6.738229233647665e-05
42,30,-6.431531026627233e-05
42,31,-6.02707545281835e-05
42,32,-5.5581072915259444e-05
42,33,-5.059247114849686e-05
42,34,-4.376435402444223e-05
42,35,-3.5711502327968085e-05
42,36,-2.7845987990881414e-05
42,37,-2.036553727291075e-05
42,38,-1.363869768066579e-05
42,39,-7.80880825794727e-06
42,40,-2.9453652422148555e-06
42,41,9.482406874702762e-07
42,42,3.918588726352703e-06
42,43,6.046752803202254e-06
42,44,7.435778350658097e-06
42,45,8.20277310697417e-06
42,46,8.421911127259565e-06
42,47,8.080375041214192e-06
42,48,7.278699509938114e-06
42,49,6.168042463266629e-06
42,50,4.915680406590351e-06
42,51,3.639307566107123e-06
42,52,2.424111322605468e-06
42,53,1.3254531771078105e-06
42,54,3.7379876643091514e-07
42,55,-4.1984258904986e-07
42,56,-1.0586186985274603e-06
42,57,-1.555744847993735e-06
42,58,-1.9590041367724737e-06
42,59,-2.257709293801644e-06
42,60,-2.44008930963025e-06
42,61,-2.538935918956888e-06
42,62,-2.5849047618734293e-06
42,63,-2.6048348960577236e-06
42,64,-2.618446482555288e-06
42,65,-2.6375133965171336e-06
42,66,-2.6661642306609924e-06
42,67,-2.7026338625772716e-06
42,68,-2.7416557292349553e-06
42,69,-2.7782821653377304e-06
42,70,-2.8064480262596654e-06
42,71,-2.8245318184779144e-06
42,72,-2.8366996757748192e-06
42,73,-2.8510881716886637e-06
42,74,-2.8769664216822933e-06
42,75,-2.920870492505731e-06
42,76,-2.9848974238328812e-06
42,77,-3.066114453198709e-06
42,78,-3.1577724674089503e-06
42,79,-3.2518590864839978e-06
42,80,-3.342718486372788e-06
42,81,-3.425412001051167e-06
42,82,-3.4973687118856118e-06
42,83,-3.5596115432691767e-06
42,84,-3.6110727756047045e-06
42,85,-3.6498827295210315e-06
42,86,-3.6773886942343e-06
42,87,-3.7028119497660816e-06
42,88,-3.7401772250109924e-06
42,89,-3.7946798385095583e-06
42,90,-3.85401869159827e-06
42,91,-3.896587610695654e-06
42,92,-3.901306946627769e-06
42,93,-3.878699848711344e-06
42,94,-3.877991815090843e-06
42,95,-3.9163603520292e-06
42,96,-3.950768265739057e-06
42,97,-3.93030777186491e-06
42,98,-3.863642131067029e-06
42,99,-3.80744278809781e-06
42,100,-3.790625748808328e-06
42,101,-3.7790295961614864e-06
42,102,-3.7085436647130473e-06
42,103,-3.590026559298431e-06
42,104,-3.52222065122136e-06
42,105,-3.5130915593788785e-06
42,106,-3.4803125098784578e-06
42,107,-3.3883242978557876e-06
42,108,-3.2817863133550464e-06
42,109,-3.1999523308527563e-06
42,110,-3.1372770675794357e-06
42,111,-3.075841407112725e-06
42,112,-3.0060255689898983e-06
42,113,-2.9333792696615164e-06
42,114,-2.8658253634288417e-06
42,115,-2.791172244051721e-06
42,116,-2.7006997536713355e-06
42,117,-2.6162638437335204e-06
42,118,-2.5632330911902806e-06
42,119,-2.5268423693182213e-06
42,120,-2.469050902356638e-06
42,121,-2.3998624243640172e-06
42,122,-2.346413113800422e-06
42,123,-2.2948414023885057e-06
42,124,-2.241010992028306e-06
42,125,-2.2058328639688443e-06
42,126,-2.194803005332712e-06
42,127,-2.1946742308989487e-06
43,0,-9.900404940200363e-07
43,1,-1.1923960968309345e-06
43,2,-1.378169455157573e-06
43,3,-1.593689633364274e-06
43,4,-1.8554266772654e-06
43,5,-2.1607372262185104e-06
43,6,-2.520542614632134e-06
43,7,-2.8341142224359702e-06
43,8,-3.514746344505528e-06
43,9,-4.524283506247957e-06
43,10,-6.103472315757612e-06
43,11,-8.875048635399855e-06
43,12,-1.2730329609471671e-05
43,13,-1.859619871366887e-05
43,14,-2.7403669036065357e-05
43,15,-3.8610485551500656e-05
43,16,-4.674855054612237e-05
43,17,-4.751323993646985e-05
43,18,-4.5797645487385556e-05
43,19,-4.5816568983596854e-05
43,20,-5.206922487721199e-05
43,21,-6.150622602929834e-05
43,22,-8.909834158496011e-05
43,23,-0.00010251449833571296
43,24,-9.4685474332281e-05
43,25,-8.925549756001259e-05
43,26,-8.689408700532822e-05
43,27,-8.48555730181548e-05
43,28,-8.152901157365214e-05
43,29,-7.653668074823617e-05
43,30,-7.016764469419238e-05
43,31,-6.289487613751914e-05
43,32,-5.5177925425889807e-05
43,33,-4.743656911462763e-05
43,34,-3.781948377900777e-05
43,35,-2.7258169527698634e-05
43,36,-1.7655144951407894e-05
43,37,-9.225061750187988e-06
43,38,-2.2786912918442498e-06
43,39,3.1650624337906858e-06
43,40,7.177951794806224e-06
43,41,9.895736461751596e-06
43,42,1.1490575993851629e-05
43,43,1.2148882067531523e-05
43,44,1.2057105096376266e-05
43,45,1.1394359986347887e-05
43,46,1.0100024970802596e-05
43,47,8.253226432230957e-06
43,48,6.140443590346179e-06
43,49,3.934190394759909e-06
43,50,1.8275218557819332e-06
43,51,-7.749675623065707e-08
43,52,-1.7189844472398719e-06
43,53,-3.070618443362036e-06
43,54,-4.134892029250694e-06
43,55,-4.935382859696273e-06
43,56,-5.509003742306982e-06
43,57,-5.900776144048846e-06
43,58,-6.1587718246279865e-06
43,59,-6.295231101818733e-06
43,60,-6.328837537405657e-06
43,61,-6.293824025161705e-06
43,62,-6.2178339649071655e-06
43,63,-6.121134056992799e-06
43,64,-6.019591341799522e-06
43,65,-5.926058264747285e-06
43,66,-5.85064029043128e-06
43,67,-5.800644670703401e-06
43,68,-5.778577909122419e-06
43,69,-5.787884484434292e-06
43,70,-5.823268318551701e-06
43,71,-5.884532598775719e-06
43,72,-5.963433090908983e-06
43,73,-6.050144160508664e-06
43,74,-6.1410797813478355e-06
43,75,-6.236487106483698e-06
43,76,-6.33811965565744e-06
43,77,-6.446357944039665e-06
43,78,-6.559910287229309e-06
43,79,-6.677442412068207e-06
43,80,-6.798003727482777e-06
43,81,-6.920337687031812e-06
43,82,-7.03836443581493e-06
43,83,-7.146334047181842e-06
43,84,-7.23741586730497e-06
43,85,-7.3108494082264196e-06
43,86,-7.370529541486119e-06
43,87,-7.420221156613158e-06
43,88,-7.4613296422736905e-06
43,89,-7.490982660132386e-06
43,90,-7.506389696940303e-06
43,91,-7.510710823740304e-06
43,92,-7.495079785811676e-06
43,93,-7.468171386811543e-06
43,94,-7.4398308152335795e-06
43,95,-7.403819285321007e-06
43,96,-7.348865073222546e-06
43,97,-7.265984653050428e-06
43,98,-7.159769681854976e-06
43,99,-7.044494998729993e-06
43,100,-6.928114195900723e-06
43,101,-6.808006867576259e-06
43,102,-6.650289927402476e-06
43,103,-6.465670449156274e-06
43,104,-6.2978783621512466e-06
43,105,-6.147596895507114e-06
43,106,-5.993458747472703e-06
43,107,-5.826745530577103e-06
43,108,-5.663064543526263e-06
43,109,-5.514245424784864e-06
43,110,-5.371422783477516e-06
43,111,-5.226159721631882e-06
43,112,-5.0740651069989005e-06
43,113,-4.9257847424750096e-06
43,114,-4.785669533714316e-06
43,115,-4.638563330775267e-06
43,116,-4.487787157642481e-06
43,117,-4.362167777562917e-06
43,118,-4.269034722535714e-06
43,119,-4.1771699211393505e-06
43,120,-4.05865710855566e-06
43,121,-3.938189241816084e-06
43,122,-3.834139613518178e-06
43,123,-3.7429694421554207e-06
43,124,-3.6659827257296393e-06
43,125,-3.6142410931675553e-06
43,126,-3.60002878693175e-06
43,127,-3.607510552232899e-06
44,0,-1.7499070424025703e-06
44,1,-2.1017662527777074e-06
44,2,-2.4051674911845157e-06
44,3,-2.7492090806808495e-06
44,4,-3.162616844045167e-06
44,5,-3.639424425771414e-06
44,6,-4.196116283814355e-06
44,7,-4.664534662940568e-06
44,8,-5.700660475001963e-06
44,9,-7.212373666165196e-06
44,10,-9.54985169460244e-06
44,11,-1.3616014926459889e-05
44,12,-1.9166490441062554e-05
44,13,-2.7493301030872836e-05
44,14,-3.980185761170229e-05
44,15,-5.5108122806393074e-05
44,16,-6.557907573707743e-05
44,17,-6.551341197386885e-05
44,18,-6.206930612337198e-05
44,19,-6.1030358351489924e-05
44,20,-6.809700398826645e-05
44,21,-7.88870107874897e-05
44,22,-0.00011139379386963074
44,23,-0.00012415004803132177
44,24,-0.00011090767434340298
44,25,-0.00010091844167194076
44,26,-9.459518596744351e-05
44,27,-8.864639961187758e-05
44,28,-8.138041707842362e-05
44,29,-7.258258960926793e-05
44,30,-6.273725977334068e-05
44,31,-5.245740986977868e-05
44,32,-4.227246342772646e-05
44,33,-3.2597827199765e-05
44,34,-2.161700972997594e-05
44,35,-1.051493688042745e-05
44,36,-1.3592492781238816e-06
44,37,5.731986934183025e-06
44,38,1.0675533314538861e-05
44,39,1.3683903097385566e-05
44,40,1.5046329239837521e-05
44,41,1.5082144907318989e-05
44,42,1.4105503055402064e-05
44,43,1.2402283705297377e-05
44,44,1.021914189112283e-05
44,45,7.760167912788202e-06
44,46,4.813828768876511e-06
44,47,1.5610706323297465e-06
44,48,-1.5571379743538228e-06
44,49,-4.4010739840763886e-06
44,50,-6.817824631164802e-06
44,51,-8.76773769535112e-06
44,52,-1.0247802850895649e-05
44,53,-1.1285496480401695e-05
44,54,-1.1931906055217043e-05
44,55,-1.2253556641383546e-05
44,56,-1.2324437829870459e-05
44,57,-1.2221851898684933e-05
44,58,-1.1951664337785527e-05
44,59,-1.1561381552109831e-05
44,60,-1.1134157860678363e-05
44,61,-1.0699383145504954e-05
44,62,-1.0278434120299488e-05
44,63,-9.878952551531038e-06
44,64,-9.50658630014297e-06
44,65,-9.16834735905809e-06
44,66,-8.872935675846001e-06
44,67,-8.629479801630762e-06
44,68,-8.440358925377796e-06
44,69,-8.311975828551616e-06
44,70,-8.227858745116538e-06
44,71,-8.186186728467716e-06
44,72,-8.176195557992865e-06
44,73,-8.17312803013617e-06
44,74,-8.163713121099669e-06
44,75,-8.144067622971848e-06
44,76,-8.116018364842756e-06
44,77,-8.082161461650934e-06
44,78,-8.044561337407003e-06
44,79,-8.005751955787397e-06
44,80,-7.959812251929353e-06
44,81,-7.906210498014612e-06
44,82,-7.833153410987651e-06
44,83,-7.728933894322472e-06
44,84,-7.593604565543873e-06
44,85,-7.43204080430889e-06
44,86,-7.254245150027713e-06
44,87,-7.061080110822097e-06
44,88,-6.841810668587544e-06
44,89,-6.58442549139063e-06
44,90,-6.292327845861594e-06
44,91,-5.987164171567767e-06
44,92,-5.641823780841956e-06
44,93,-5.2597810772052055e-06
44,94,-4.846695528276484e-06
44,95,-4.3815988425526275e-06
44,96,-3.888725192212995e-06
44,97,-3.400744372060742e-06
44,98,-2.9174815109861328e-06
44,99,-2.4105254321786875e-06
44,100,-1.8649237802426154e-06
44,101,-1.3011269041773796e-06
44,102,-6.83962503525865e-07
44,103,-2.270205935758336e-08
44,104,6.491353995968494e-07
44,105,1.3291828746756678e-06
44,106,1.982199902928512e-06
44,107,2.596569340644513e-06
44,108,3.189905753489608e-06
44,109,3.7731289054366574e-06
44,110,4.369640832367471e-06
44,111,4.979701198475249e-06
44,112,5.5978271855021015e-06
44,113,6.2065200839183225e-06
44,114,6.785855663043675e-06
44,115,7.349310735586598e-06
44,116,7.884174621282253e-06
44,117,8.359225932354164e-06
44,118,8.78610597839552e-06
44,119,9.21218249084966e-06
44,120,9.653318950776886e-06
44,121,1.007381096056648e-05
44,122,1.0442451227263261e-05
44,123,1.075008674739803e-05
44,124,1.0983654627226241e-05
44,125,1.1135241850621862e-05
44,126,1.1191589475631558e-05
44,127,1.1187576850521973e-05
45,0,-8.335558715617682e-07
45,1,-8.163212652187466e-07
45,2,-9.176730210379701e-07
45,3,-1.0414967340178854e-06
45,4,-1.1623442876368738e-06
45,5,-1.3208096071727877e-06
45,6,-1.4985036909171914e-06
45,7,-1.6494500902104289e-06
45,8,-1.993740591439988e-06
45,9,-2.480101482413195e-06
45,10,-3.2246527222690753e-06
45,11,-4.518394032871101e-06
45,12,-6.253008206777197e-06
45,13,-8.82307752368605e-06
45,14,-1.2566946769535618e-05
45,15,-1.7141352717246236e-05
45,16,-2.0163144658952623e-05
45,17,-2.0008248288083336e-05
45,18,-1.8973501496940823e-05
45,19,-1.8843322171047905e-05
45,20,-2.1417645411044397e-05
45,21,-2.5427650642823353e-05
45,22,-3.706684277291015e-05
45,23,-4.269462436699823e-05
45,24,-3.91800726995784e-05
45,25,-3.651929930645644e-05
45,26,-3.513108368300099e-05
45,27,-3.400782553496697e-05
45,28,-3.259474067201866e-05
45,29,-3.079197595042512e-05
45,30,-2.8710267974134366e-05
45,31,-2.648999951893817e-05
45,32,-2.4242374283032128e-05
45,33,-2.2059545667151197e-05
45,34,-1.9228200132690706e-05
45,35,-1.5949877662833793e-05
45,36,-1.2673618644398313e-05
45,37,-9.37454062475262e-06
45,38,-6.178434958513322e-06
45,39,-3.1970761430136824e-06
45,40,-5.757347055977395e-07
45,41,1.5295070095899011e-06
45,42,2.975834633933773e-06
45,43,3.656046887796595e-06
45,44,3.5158324236355443e-06
45,45,2.5622318298040278e-06
45,46,5.619033797898625e-07
45,47,-2.5473112547651614e-06
45,48,-6.357096227348628e-06
45,49,-1.0465374982536193e-05
45,50,-1.4356705231524159e-05
45,51,-1.7657691797328526e-05
45,52,-2.010738029938691e-05
45,53,-2.157463965157102e-05
45,54,-2.2054007416805078e-05
45,55,-2.16443813241518e-05
45,56,-2.0517883087385932e-05
45,57,-1.8890504335835044e-05
45,58,-1.6701411536790697e-05
45,59,-1.4167954820566539e-05
45,60,-1.174364328113969e-05
45,61,-9.596644041839053e-06
45,62,-7.830411067934208e-06
45,63,-6.452252410056527e-06
45,64,-5.421967302052057e-06
45,65,-4.675787042160846e-06
45,66,-4.1454646836412855e-06
45,67,-3.7703578401814432e-06
45,68,-3.498676774534707e-06
45,69,-3.2987156729404623e-06
45,70,-3.132301687922634e-06
45,71,-2.9837632957597043e-06
45,72,-2.8440149073345083e-06
45,73,-2.692825657105261e-06
45,74,-2.5192635323597557e-06
45,75,-2.320446199396502e-06
45,76,-2.098504212206902e-06
45,77,-1.8571095836750242e-06
45,78,-1.6009384642687263e-06
45,79,-1.3367063642238476e-06
45,80,-1.0601660328885164e-06
45,81,-7.801987045069569e-07
45,82,-4.97866074237584e-07
45,83,-2.0740234481745937e-07
45,84,9.032620188762973e-08
45,85,4.0051741843837755e-07
45,86,7.193560746228934e-07
45,87,1.0411217855498828e-06
45,88,1.365063644470336e-06
45,89,1.693239965860048e-06
45,90,2.0240757446293403e-06
45,91,2.3520805293165005e-06
45,92,2.707727105498913e-06
45,93,3.092748046683394e-06
45,94,3.48262841231027e-06
45,95,3.875831190038528e-06
45,96,4.255990288568901e-06
45,97,4.61252349332442e-06
45,98,4.951499093625533e-06
45,99,5.287764008905678e-06
45,100,5.6302109456251934e-06
45,101,5.978002880954611e-06
45,102,6.3535431278242415e-06
45,103,6.756985815524025e-06
45,104,7.158042517661767e-06
45,105,7.5433110171769036e-06
45,106,7.890768815816376e-06
45,107,8.191714333279421e-06
45,108,8.460206209048711e-06
45,109,8.720881258869956e-06
45,110,9.006637615288025e-06
45,111,9.31850628268758e-06
45,112,9.626257671492276e-06
45,113,9.917452618259794e-06
45,114,1.0195042477492426e-05
45,115,1.0458161569002972e-05
45,116,1.0684267797704284e-05
45,117,1.086340197941933e-05
45,118,1.1014518695360163e-05
45,119,1.1182400609429848e-05
45,120,1.1381752317625665e-05
45,121,1.1590987104392073e-05
45,122,1.1763823771961925e-05
45,123,1.1875006208133124e-05
45,124,1.1900682542374902e-05
45,125,1.1821842029952616e-05
45,126,1.1684922554850913e-05
45,127,1.1599494379593446e-05
46,0,7.73794992437945e-18
46,1,0.0
46,2,-7.801677093819572e-18
46,3,1.200450648142795e-17
46,4,0.0
46,5,-1.894429171032682e-17
46,6,1.8016774433767663e-17
46,7,3.38956142382359e-17
46,8,-3.422892830394533e-17
46,9,-1.7581928549369301e-16
46,10,-3.052593429195704e-14
46,11,-2.3159238904698946e-12
46,12,-7.204721140363835e-11
46,13,-1.1974458987303902e-09
46,14,-1.2177472928481345e-08
46,15,-7.938139889184621e-08
46,16,-3.211210940755583e-07
46,17,-8.355068996979542e-07
46,18,-1.6602774874349133e-06
46,19,-2.878701152544917e-06
46,20,-5.039147925829339e-06
46,21,-8.267038136058482e-06
46,22,-1.5912431515616374e-05
46,23,-2.253843813922467e-05
46,24,-2.352230803536044e-05
46,25,-2.389826957599018e-05
46,26,-2.4525117717370777e-05
46,27,-2.5077430198029368e-05
46,28,-2.5292518204918552e-05
46,29,-2.5118035284617925e-05
46,30,-2.462033509354057e-05
46,31,-2.3888011227388586e-05
46,32,-2.3002980210533493e-05
46,33,-2.20578097896739e-05
46,34,-2.0557558088081794e-05
46,35,-1.8685387515374717e-05
46,36,-1.676364101396922e-05
46,37,-1.4823820848728661e-05
46,38,-1.2987365148101639e-05
46,39,-1.1324049553949455e-05
46,40,-9.888437150681227e-06
46,41,-8.720437185463044e-06
46,42,-7.853106653361304e-06
46,43,-7.31907291033523e-06
46,44,-7.1535655461214685e-06
46,45,-7.393064226599619e-06
46,46,-8.161637050731332e-06
46,47,-9.61516286225008e-06
46,48,-1.1668137251170392e-05
46,49,-1.4121020725370387e-05
46,50,-1.661103608033086e-05
46,51,-1.8767779771335882e-05
46,52,-2.0257282743345985e-05
46,53,-2.0847865706686674e-05
46,54,-2.0451278722827226e-05
46,55,-1.9128144086679857e-05
46,56,-1.7061283266699466e-05
46,57,-1.451167823036625e-05
46,58,-1.140528205377448e-05
46,59,-8.077349153446184e-06
46,60,-5.138290403776592e-06
46,61,-2.7697585127626193e-06
46,62,-1.0335414404514852e-06
46,63,1.4016083655232779e-07
46,64,8.741424003600093e-07
46,65,1.3027193952753238e-06
46,66,1.5442972932891713e-06
46,67,1.6884095133828257e-06
46,68,1.7949998588861041e-06
46,69,1.8988768372945253e-06
46,70,2.0258131141055594e-06
46,71,2.1909950854932948e-06
46,72,2.3936940570699603e-06
46,73,2.6359864129453774e-06
46,74,2.9158193502170736e-06
46,75,3.2266002460257595e-06
46,76,3.5599501081572975e-06
46,77,3.908322255108155e-06
46,78,4.265839693600299e-06
46,79,4.6275235542402506e-06
46,80,5.000164978782162e-06
46,81,5.378077395458734e-06
46,82,5.759491820709927e-06
46,83,6.150484215705312e-06
46,84,6.547025941836646e-06
46,85,6.952350416839565e-06
46,86,7.361247298013412e-06
46,87,7.766232012553319e-06
46,88,8.166083434791243e-06
46,89,8.562732406388342e-06
46,90,8.956409227588003e-06
46,91,9.3478449122512e-06
46,92,9.769367074314459e-06
46,93,1.0230974350732918e-05
46,94,1.0703100363097226e-05
46,95,1.1176086278169589e-05
46,96,1.1628458120754281e-05
46,97,1.2047990152044396e-05
46,98,1.2442941820651215e-05
46,99,1.2832969470556595e-05
46,100,1.323126171190165e-05
46,101,1.3641863039474349e-05
46,102,1.4082392831404473e-05
46,103,1.4555776570228008e-05
46,104,1.5029899306540718e-05
46,105,1.5492219551112496e-05
46,106,1.592185073461597e-05
46,107,1.6306498256873453e-05
46,108,1.6660609514644607e-05
46,109,1.701022889111027e-05
46,110,1.739163444468649e-05
46,111,1.7802379892308837e-05
46,112,1.820543599757938e-05
46,113,1.859552139104047e-05
46,114,1.898156502833014e-05
46,115,1.936020509932275e-05
46,116,1.969950779692278e-05
46,117,1.9982293928283384e-05
46,118,2.022120795076937e-05
46,119,2.045928354287438e-05
46,120,2.0710107024636576e-05
46,121,2.096886612086155e-05
46,122,2.1200205150370023e-05
46,123,2.1392153226461343e-05
46,124,2.1534094209935576e-05
46,125,2.1613077557012344e-05
46,126,2.163154395755193e-05
46,127,2.1625533770237717e-05
47,0,0.0
47,1,0.0
47,2,3.900838546909786e-18
47,3,-6.002253240713975e-18
47,4,0.0
47,5,9.47214585516341e-18
47,6,-1.8016774433767663e-17
47,7,-1.694780711911795e-17
47,8,-1.7114464151972665e-17
47,9,-5.520725564501961e-15
47,10,-4.767399178320379e-13
47,11,-1.971650214569701e-11
47,12,-3.873538687755482e-10
47,13,-4.4964823985019454e-09
47,14,-3.4465739878027006e-08
47,15,-1.7965786906604174e-07
47,16,-6.088118048234827e-07
47,17,-1.3764099624431081e-06
47,18,-2.445705671793538e-06
47,19,-3.876918421470011e-06
47,20,-6.288369117245396e-06
47,21,-9.672276743355049e-06
47,22,-1.7427792152661278e-05
47,23,-2.3192040500933832e-05
47,24,-2.302023490892039e-05
47,25,-2.2430467577002924e-05
47,26,-2.220996989237988e-05
47,27,-2.201720409322915e-05
47,28,-2.161878439827653e-05
47,29,-2.098514883181345e-05
47,30,-2.0185424038201397e-05
47,31,-1.929866825789254e-05
47,32,-1.8391238449104826e-05
47,33,-1.7533348704503887e-05
47,34,-1.633776988735132e-05
47,35,-1.499205868315069e-05
47,36,-1.374855936088514e-05
47,37,-1.2606555358079449e-05
47,38,-1.1625380130034544e-05
47,39,-1.0827255841266063e-05
47,40,-1.0225267606393453e-05
47,41,-9.823721092522811e-06
47,42,-9.622896670240911e-06
47,43,-9.621966996069478e-06
47,44,-9.820203433208803e-06
47,45,-1.0216931536819169e-05
47,46,-1.084830649192689e-05
47,47,-1.1726324294819742e-05
47,48,-1.2699006756248022e-05
47,49,-1.357326804724222e-05
47,50,-1.4113483503468294e-05
47,51,-1.412392993081224e-05
47,52,-1.347998414693617e-05
47,53,-1.215577882222134e-05
47,54,-1.022940456059979e-05
47,55,-7.863657796110609e-06
47,56,-5.2700594517699455e-06
47,57,-2.6673537399680546e-06
47,58,1.3236566903121027e-08
47,59,2.492606095989834e-06
47,60,4.377171637483909e-06
47,61,5.659181845235109e-06
47,62,6.415026909983282e-06
47,63,6.784283596689318e-06
47,64,6.910729571382179e-06
47,65,6.916545547484949e-06
47,66,6.890569129447389e-06
47,67,6.887803471290808e-06
47,68,6.934688608749206e-06
47,69,7.0434703396378705e-06
47,70,7.219507232023568e-06
47,71,7.46813481192367e-06
47,72,7.772190912985002e-06
47,73,8.119844356401876e-06
47,74,8.501212416021013e-06
47,75,8.905544449367126e-06
47,76,9.323254827624197e-06
47,77,9.747434157636385e-06
47,78,1.0174893527918926e-05
47,79,1.0605973400705754e-05
47,80,1.1052959656293413e-05
47,81,1.1517660010375216e-05
47,82,1.200090804963806e-05
47,83,1.250928659228182e-05
47,84,1.3032825119195411e-05
47,85,1.357079560451327e-05
47,86,1.4117140900848674e-05
47,87,1.4664026160233673e-05
47,88,1.5209880963748316e-05
47,89,1.575511253581792e-05
47,90,1.630031575175586e-05
47,91,1.685175629321169e-05
47,92,1.7454933061689902e-05
47,93,1.812708570829459e-05
47,94,1.8820302790946663e-05
47,95,1.9518924544161273e-05
47,96,2.0200398961412175e-05
47,97,2.085278293461187e-05
47,98,2.1483749531829192e-05
47,99,2.211137710732325e-05
47,100,2.2747487487799762e-05
47,101,2.3400360929201568e-05
47,102,2.410152085520801e-05
47,103,2.4856499477232507e-05
47,104,2.5608902017775163e-05
47,105,2.634747726792051e-05
47,106,2.705828242217854e-05
47,107,2.7729674882790103e-05
47,108,2.8374883895661073e-05
47,109,2.9011523263217407e-05
47,110,2.9677191507393647e-05
47,111,3.0367228181482355e-05
47,112,3.104293441160207e-05
47,113,3.170700993735947e-05
47,114,3.235791245468355e-05
47,115,3.2988697153019724e-05
47,116,3.356804427992926e-05
47,117,3.408182636188283e-05
47,118,3.453947038253488e-05
47,119,3.497690080230823e-05
47,120,3.539906849050333e-05
47,121,3.581544988744136e-05
47,122,3.6183374701636413e-05
47,123,3.649306534490239e-05
47,124,3.6730034103975e-05
47,125,3.6882553430228386e-05
47,126,3.6960381209565425e-05
47,127,3.699057006067627e-05
48,0,9.672437405474312e-19
48,1,-1.631948645482929e-18
48,2,3.900838546909786e-18
48,3,-3.0011266203569874e-18
48,4,1.2940864254124573e-17
48,5,0.0
48,6,0.0
48,7,-3.38956142382359e-17
48,8,-3.0207029228231756e-15
48,9,-1.5814944730157687e-13
48,10,-6.230764629126045e-12
48,11,-1.3994434466290736e-10
48,12,-1.7164993232729857e-09
48,13,-1.377259949952997e-08
48,14,-7.882584591002969e-08
48,15,-3.2579333563795576e-07
48,16,-9.177625841262706e-07
48,17,-1.7904312453125702e-06
48,18,-2.826897691979791e-06
48,19,-4.073808539342602e-06
48,20,-6.0904889001241474e-06
48,21,-8.739279747538894e-06
48,22,-1.4660992250834773e-05
48,23,-1.8225212661753915e-05
48,24,-1.7119112950553858e-05
48,25,-1.5925103374313196e-05
48,26,-1.5149020908867809e-05
48,27,-1.4496821653905375e-05
48,28,-1.3796226229632703e-05
48,29,-1.3027020258507148e-05
48,30,-1.2231924781206766e-05
48,31,-1.145516342798441e-05
48,32,-1.072941781302484e-05
48,33,-1.0087111571684786e-05
48,34,-9.283608373122322e-06
48,35,-8.441740370232005e-06
48,36,-7.709284333434859e-06
48,37,-7.065451812203696e-06
48,38,-6.522936190086222e-06
48,39,-6.075110533183076e-06
48,40,-5.7132883060398696e-06
48,41,-5.426801901631253e-06
48,42,-5.204928177951873e-06
48,43,-5.037523630136796e-06
48,44,-4.91483512450816e-06
48,45,-4.826776987733288e-06
48,46,-4.7276351849381136e-06
48,47,-4.58497930433153e-06
48,48,-4.338315897921375e-06
48,49,-3.8954953860331234e-06
48,50,-3.184529605461833e-06
48,51,-2.1597603497410138e-06
48,52,-8.230140118780105e-07
48,53,7.730882061494274e-07
48,54,2.533997480216963e-06
48,55,4.341920566087112e-06
48,56,6.0787705472135736e-06
48,57,7.649569642873247e-06
48,58,9.102064985172998e-06
48,59,1.0316303655097809e-05
48,60,1.115288435405066e-05
48,61,1.1671707144678182e-05
48,62,1.1963477018969578e-05
48,63,1.2127594718835608e-05
48,64,1.2246801679784176e-05
48,65,1.2379361890412412e-05
48,66,1.2558962003966307e-05
48,67,1.27998710493323e-05
48,68,1.3104606878970405e-05
48,69,1.347312589285402e-05
48,70,1.3913132959279114e-05
48,71,1.4425590602227238e-05
48,72,1.4974689472925697e-05
48,73,1.554702233050282e-05
48,74,1.6135001875491777e-05
48,75,1.6731940431819508e-05
48,76,1.733323012662037e-05
48,77,1.7936190908331402e-05
48,78,1.8541625866081967e-05
48,79,1.9155413538784595e-05
48,80,1.9798554459923506e-05
48,81,2.048041212282956e-05
48,82,2.1203306877284506e-05
48,83,2.1972480178027127e-05
48,84,2.276533522627417e-05
48,85,2.3576754239540415e-05
48,86,2.440128092753847e-05
48,87,2.5231815051818747e-05
48,88,2.6066407961012232e-05
48,89,2.690253672495372e-05
48,90,2.7740582699101605e-05
48,91,2.8594388740667065e-05
48,92,2.9533248529523672e-05
48,93,3.0579507287744295e-05
48,94,3.1648574279674385e-05
48,95,3.27184650534026e-05
48,96,3.377034481920961e-05
48,97,3.4795447626730626e-05
48,98,3.5798507248459814e-05
48,99,3.6790695889604084e-05
48,100,3.777952275972015e-05
48,101,3.878343372685879e-05
48,102,3.985884320746252e-05
48,103,4.10186086324759e-05
48,104,4.2165102791397166e-05
48,105,4.3281012312166106e-05
48,106,4.436137963278056e-05
48,107,4.5397615440573476e-05
48,108,4.640240525639423e-05
48,109,4.738124826647573e-05
48,110,4.8374039957412705e-05
48,111,4.9381342086834995e-05
48,112,5.036780679813967e-05
48,113,5.134344382294794e-05
48,114,5.22867255107265e-05
48,115,5.3188426421688026e-05
48,116,5.4025936976190956e-05
48,117,5.479337092618324e-05
48,118,5.549561334290361e-05
48,119,5.6159116061028615e-05
48,120,5.6775246328054015e-05
48,121,5.7372455419514355e-05
48,122,5.789484119919406e-05
48,123,5.833909345084444e-05
48,124,5.869014410618751e-05
48,125,5.893743829001345e-05
48,126,5.9096773821413e-05
48,127,5.9177828706945744e-05
49,0,0.0
49,1,0.0
49,2,0.0
49,3,0.0
49,4,-3.882259276237372e-18
49,5,2.3680364637908526e-18
49,6,-1.0472250139627453e-16
49,7,-2.2879539610809234e-15
49,8,-8.678744771465339e-14
49,9,-2.093572537498287e-12
49,10,-3.98293012649204e-11
49,11,-5.109350618459653e-10
49,12,-4.05650735935642e-09
49,13,-2.3087881153603287e-08
49,14,-1.0049047152905674e-07
49,15,-3.3346726696840913e-07
49,16,-7.872439593325528e-07
49,17,-1.3314968206439477e-06
49,18,-1.871965326233153e-06
49,19,-2.4526340625838214e-06
49,20,-3.3744148169000612e-06
49,21,-4.502449779809417e-06
49,22,-6.988766898366822e-06
49,23,-8.033569817060408e-06
49,24,-7.047657410589522e-06
49,25,-6.156788641830664e-06
49,26,-5.512880920303278e-06
49,27,-4.9662344846505104e-06
49,28,-4.441716107746351e-06
49,29,-3.928730525182621e-06
49,30,-3.438329929949431e-06
49,31,-2.9799144696208166e-06
49,32,-2.5574547775639662e-06
49,33,-2.1727538347002843e-06
49,34,-1.7241221222375296e-06
49,35,-1.2471629850159475e-06
49,36,-8.044328990731747e-07
49,37,-3.864029094935945e-07
49,38,6.157742406644084e-09
49,39,3.8018520200148747e-07
49,40,7.424483359933541e-07
49,41,1.0991382488385446e-06
49,42,1.4555308018976255e-06
49,43,1.8161662448796694e-06
49,44,2.1858805091389715e-06
49,45,2.571875335764707e-06
49,46,3.028964150242939e-06
49,47,3.5809594192169653e-06
49,48,4.214471008726876e-06
49,49,4.949421046658582e-06
49,50,5.784419837217642e-06
49,51,6.7149606472680895e-06
49,52,7.720844672314585e-06
49,53,8.767845418837693e-06
49,54,9.813889959402003e-06
49,55,1.0817211948031406e-05
49,56,1.1744600248152267e-05
49,57,1.2581312154761494e-05
49,58,1.3370221884361739e-05
49,59,1.4095233094830795e-05
49,60,1.4711616659836337e-05
49,61,1.52517924469967e-05
49,62,1.575174220373705e-05
49,63,1.6244911323015063e-05
49,64,1.6754463576355684e-05
49,65,1.7292867960058074e-05
49,66,1.7863965935353647e-05
49,67,1.8466969509353393e-05
49,68,1.9103413579722603e-05
49,69,1.9777273955112644e-05
49,70,2.0512253133456778e-05
49,71,2.1312346486915584e-05
49,72,2.2127206708790625e-05
49,73,2.2945654726561346e-05
49,74,2.376388937441723e-05
49,75,2.4579244239918024e-05
49,76,2.5390794648029083e-05
49,77,2.619763507739607e-05
49,78,2.700116467593838e-05
49,79,2.7808868089129777e-05
49,80,2.864590839396466e-05
49,81,2.9523975073466155e-05
49,82,3.044139015145984e-05
49,83,3.139883752996406e-05
49,84,3.2363037887299114e-05
49,85,3.3325701149882136e-05
49,86,3.428322994695e-05
49,87,3.523065329863126e-05
49,88,3.616741786355652e-05
49,89,3.7090296961078936e-05
49,90,3.80015240419529e-05
49,91,3.892329753756955e-05
49,92,3.991950404808697e-05
49,93,4.1014011714446244e-05
49,94,4.21140476716539e-05
49,95,4.3194959352125694e-05
49,96,4.424567948481559e-05
49,97,4.526259508496096e-05
49,98,4.624858247974844e-05
49,99,4.7208857745829326e-05
49,100,4.8148362100953694e-05
49,101,4.909621192648604e-05
49,102,5.009711315448561e-05
49,103,5.117339763824405e-05
49,104,5.2229583512119e-05
49,105,5.3242342503052696e-05
49,106,5.421472811620276e-05
49,107,5.5143513734041036e-05
49,108,5.6042460619364865e-05
49,109,5.690968554213743e-05
49,110,5.777502966289051e-05
49,111,5.864719110050245e-05
49,112,5.949711962823022e-05
49,113,6.033650466299853e-05
49,114,6.11362305548481e-05
49,115,6.188633598408121e-05
49,116,6.257521140934189e-05
49,117,6.320528912556419e-05
49,118,6.377644400741152e-05
49,119,6.430731322103126e-05
49,120,6.47761787295974e-05
49,121,6.522465253350494e-05
49,122,6.560465117278252e-05
49,123,6.592327222939214e-05
49,124,6.617312774424027e-05
49,125,6.634966066029161e-05
49,126,6.647291988069757e-05
49,127,6.654152253532612e-05
50,0,6.045273378421445e-20
50,1,-1.0199679034268306e-19
50,2,0.0
50,3,9.378520688615585e-19
50,4,3.1381595816252085e-17
50,5,9.35078398639413e-16
50,6,1.4834561649403447e-14
50,7,1.3549930677426543e-13
50,8,1.684502900352014e-12
50,9,1.6148043706925032e-11
50,10,1.259515117269446e-10
50,11,7.64566983434894e-10
50,12,3.2682742864919107e-09
50,13,1.1077717809538092e-08
50,14,3.1194830258859073e-08
50,15,7.196051818265073e-08
50,16,1.2607942884886208e-07
50,17,1.6836000627943678e-07
50,18,1.9833433970382164e-07
50,19,2.3042724153883922e-07
50,20,2.9591437048467133e-07
50,21,3.8753142618079036e-07
50,22,6.321229179633987e-07
50,23,8.202283985099709e-07
50,24,8.481167133049524e-07
50,25,8.93927155319207e-07
50,26,9.769985845826296e-07
50,27,1.08031603670949e-06
50,28,1.18988449023829e-06
50,29,1.3000861717830603e-06
50,30,1.411376778192424e-06
50,31,1.5266428800758508e-06
50,32,1.6498118023387953e-06
50,33,1.7873298199870973e-06
50,34,1.947102843604797e-06
50,35,2.1427323055650286e-06
50,36,2.3604873922723818e-06
50,37,2.594059532075859e-06
50,38,2.8401940428418183e-06
50,39,3.098409493781878e-06
50,40,3.3689850145074734e-06
50,41,3.6521744505432694e-06
50,42,3.948195022533387e-06
50,43,4.257342289618529e-06
50,44,4.580919557343834e-06
50,45,4.923311816537863e-06
50,46,5.3184456162287515e-06
50,47,5.780247602486157e-06
50,48,6.283261656762596e-06
50,49,6.826424992507748e-06
50,50,7.398774399189523e-06
50,51,7.994211950325492e-06
50,52,8.604539898941563e-06
50,53,9.219733410454434e-06
50,54,9.829813219054576e-06
50,55,1.042681480970874e-05
50,56,1.1006781920979975e-05
50,57,1.1574622357789652e-05
50,58,1.2171068815495654e-05
50,59,1.2805026365132191e-05
50,60,1.3437415727334295e-05
50,61,1.4070839157904996e-05
50,62,1.4706828927426763e-05
50,63,1.5349008491269785e-05
50,64,1.5998922365749135e-05
50,65,1.665612706060986e-05
50,66,1.7318969010750085e-05
50,67,1.798648597634209e-05
50,68,1.866366050770818e-05
50,69,1.9357880997324604e-05
50,70,2.0096281582918717e-05
50,71,2.0883202884328823e-05
50,72,2.1669499843383137e-05
50,73,2.2445556515396042e-05
50,74,2.3208617270165143e-05
50,75,2.3957044405193614e-05
50,76,2.469061505462628e-05
50,77,2.5408391903450957e-05
50,78,2.6110944960664336e-05
50,79,2.68044551069644e-05
50,80,2.7507502387427286e-05
50,81,2.822929064166575e-05
50,82,2.896424892361494e-05
50,83,2.9710211143253623e-05
50,84,3.0440226540015455e-05
50,85,3.114731187825623e-05
50,86,3.183041582958074e-05
50,87,3.248750908571257e-05
50,88,3.311990944522608e-05
50,89,3.3726008584967076e-05
50,90,3.4309594975663904e-05
50,91,3.48926310513663e-05
50,92,3.5501420685245826e-05
50,93,3.615497724141618e-05
50,94,3.679763723857913e-05
50,95,3.7410409316737394e-05
50,96,3.799006524291479e-05
50,97,3.8537176054709284e-05
50,98,3.905448759847874e-05
50,99,3.954496068651197e-05
50,100,4.0012780925748115e-05
50,101,4.048528419002062e-05
50,102,4.096850662144101e-05
50,103,4.148521508508811e-05
50,104,4.198822915078701e-05
50,105,4.245727335351418e-05
50,106,4.289705111687372e-05
50,107,4.3307245466858344e-05
50,108,4.369837505446858e-05
50,109,4.406650872965162e-05
50,110,4.442102268256356e-05
50,111,4.477087714847584e-05
50,112,4.509568715178381e-05
50,113,4.5402515063583415e-05
50,114,4.5675045041170865e-05
50,115,4.590672538449901e-05
50,116,4.6094747218555344e-05
50,117,4.62454626818678e-05
50,118,4.635666306619713e-05
50,119,4.6441697142474125e-05
50,120,4.6477966852952865e-05
50,121,4.650339435178799e-05
50,122,4.65022943720683e-05
50,123,4.648861175949519e-05
50,124,4.6465757122020294e-05
50,125,4.643765244856226e-05
50,126,4.642308123251509e-05
50,127,4.6421053492675914e-05
51,0,0.0
51,1,0.0
51,2,3.0475301147732705e-19
51,3,3.620108985805616e-17
51,4,1.497257994202213e-15
51,5,2.757289857640423e-14
51,6,2.854368014771255e-13
51,7,1.8623217017111562e-12
51,8,1.5888464164176056e-11
51,9,1.1370827132400936e-10
51,10,6.965483337141838e-10
51,11,3.567458597478222e-09
51,12,1.3655269690358344e-08
51,13,4.325289263583971e-08
51,14,1.1721242142789032e-07
51,15,2.650249463049686e-07
51,16,4.587033091477047e-07
51,17,6.039208964622013e-07
51,18,6.948221913247221e-07
51,19,7.759604679336034e-07
51,20,9.361176410920166e-07
51,21,1.1244356648597206e-06
51,22,1.5914249412840375e-06
51,23,1.7117740540853388e-06
51,24,1.4611893564641885e-06
51,25,1.281924750317551e-06
51,26,1.1861107079908182e-06
51,27,1.1270209625331452e-06
51,28,1.089287852533993e-06
51,29,1.0552633316545351e-06
51,30,1.0355847846288304e-06
51,31,1.026742805389823e-06
51,32,1.029642477929685e-06
51,33,1.0463375475947423e-06
51,34,1.0685557862169717e-06
51,35,1.11569611041615e-06
51,36,1.1615626077728278e-06
51,37,1.2265753231706214e-06
51,38,1.3004213869087037e-06
51,39,1.3816071425898105e-06
51,40,1.4757798865512133e-06
51,41,1.5684155585475536e-06
51,42,1.6639207782945477e-06
51,43,1.775414186452819e-06
51,44,1.8961269415282827e-06
51,45,2.0068973253216533e-06
51,46,2.1406590379881178e-06
51,47,2.300980628013216e-06
51,48,2.4722543608530944e-06
51,49,2.655855212802083e-06
51,50,2.846996451696861e-06
51,51,3.0435025181699912e-06
51,52,3.243943069520711e-06
51,53,3.4476126799939696e-06
51,54,3.662339105083215e-06
51,55,3.863567065523336e-06
51,56,4.070800148462715e-06
51,57,4.27477553060946e-06
51,58,4.503149441828484e-06
51,59,4.755723728410996e-06
51,60,5.013323709850742e-06
51,61,5.274573594815992e-06
51,62,5.539482376890789e-06
51,63,5.800680302643434e-06
51,64,6.064345743294706e-06
51,65,6.328100126219081e-06
51,66,6.589752559492003e-06
51,67,6.8520567632315635e-06
51,68,7.116829719506501e-06
51,69,7.38463194986364e-06
51,70,7.654230007611737e-06
51,71,7.961275626283767e-06
51,72,8.253964680194781e-06
51,73,8.557670518186979e-06
51,74,8.844540910692661e-06
51,75,9.142603484498796e-06
51,76,9.41647781957413e-06
51,77,9.691588048079268e-06
51,78,9.956289807295225e-06
51,79,1.0221264232630719e-05
51,80,1.0480596176774277e-05
51,81,1.07436260245965e-05
51,82,1.1002345086062562e-05
51,83,1.1252559705616915e-05
51,84,1.150464567037646e-05
51,85,1.1758796323976434e-05
51,86,1.1992400717500738e-05
51,87,1.2209251919775553e-05
51,88,1.2410237597017473e-05
51,89,1.2594679325680063e-05
51,90,1.2763560236698575e-05
51,91,1.2922834543318593e-05
51,92,1.3084483245324597e-05
51,93,1.3285537196043478e-05
51,94,1.3464344507924904e-05
51,95,1.3620525947398236e-05
51,96,1.3748480410071646e-05
51,97,1.3871199256742414e-05
51,98,1.400668432428894e-05
51,99,1.411425573550046e-05
51,100,1.419430645175606e-05
51,101,1.430640397427157e-05
51,102,1.4405949203109523e-05
51,103,1.4506920132843253e-05
51,104,1.4625805434449914e-05
51,105,1.4737042193405596e-05
51,106,1.4854123362389387e-05
51,107,1.4969256172542355e-05
51,108,1.5064559976826205e-05
51,109,1.5144833519130674e-05
51,110,1.520881499625624e-05
51,111,1.5266895458040883e-05
51,112,1.5305213804088773e-05
51,113,1.533269997611678e-05
51,114,1.534274065199645e-05
51,115,1.5334546952382944e-05
51,116,1.53089745565226e-05
51,117,1.526976859115889e-05
51,118,1.5214188772636129e-05
51,119,1.5149466733619132e-05
51,120,1.5057864357668973e-05
51,121,1.4956354069931222e-05
51,122,1.4834592915989454e-05
51,123,1.4693806036005271e-05
51,124,1.452407407789359e-05
51,125,1.4312668181371492e-05
51,126,1.4079515238100068e-05
51,127,1.3621890370342964e-05
52,0,0.0
52,1,0.0
52,2,0.0
52,3,0.0
52,4,0.0
52,5,0.0
52,6,0.0
52,7,0.0
52,8,0.0
52,9,0.0
52,10,0.0
52,11,0.0
52,12,0.0
52,13,0.0
52,14,0.0
52,15,0.0
52,16,0.0
52,17,0.0
52,18,0.0
52,19,0.0
52,20,0.0
52,21,0.0
52,22,0.0
52,23,0.0
52,24,0.0
52,25,0.0
52,26,0.0
52,27,0.0
52,28,0.0
52,29,0.0
52,30,0.0
52,31,0.0
52,32,0.0
52,33,0.0
52,34,0.0
52,35,0.0
52,36,0.0
52,37,0.0
52,38,0.0
52,39,0.0
52,40,0.0
52,41,0.0
52,42,0.0
52,43,0.0
52,44,0.0
52,45,0.0
52,46,0.0
52,47,0.0
52,48,0.0
52,49,0.0
52,50,0.0
52,51,0.0
52,52,0.0
52,53,0.0
52,54,0.0
52,55,0.0
52,56,0.0
52,57,0.0
52,58,0.0
52,59,0.0
52,60,0.0
52,61,0.0
52,62,0.0
52,63,0.0
52,64,0.0
52,65,0.0
52,66,0.0
52,67,0.0
52,68,0.0
52,69,0.0
52,70,0.0
52,71,0.0
52,72,-2.428726831828584e-15
52,73,0.0
52,74,0.0
52,75,0.0
52,76,0.0
52,77,0.0
52,78,0.0
52,79,0.0
52,80,0.0
52,81,0.0
52,82,0.0
52,83,0.0
52,84,0.0
52,85,0.0
52,86,0.0
52,87,0.0
52,88,0.0
52,89,0.0
52,90,0.0
52,91,0.0
52,92,0.0
52,93,0.0
52,94,0.0
52,95,0.0
52,96,0.0
52,97,0.0
52,98,0.0
52,99,0.0
52,100,0.0
52,101,0.0
52,102,0.0
52,103,0.0
52,104,0.0
52,105,0.0
52,106,0.0
52,107,0.0
52,108,0.0
52,109,0.0
52,110,0.0
52,111,0.0
52,112,0.0
52,113,0.0
52,114,0.0
52,115,0.0
52,116,0.0
52,117,0.0
52,118,0.0
52,119,0.0
52,120,0.0
52,121,0.0
52,122,0.0
52,123,0.0
52,124,0.0
52,125,0.0
52,126,0.0
52,127,0.0
53,0,0.0
53,1,0.0
53,2,0.0
53,3,0.0
53,4,0.0
53,5,0.0
53,6,0.0
53,7,0.0
53,8,0.0
53,9,0.0
53,10,0.0
53,11,0.0
53,12,0.0
53,13,0.0
53,14,0.0
53,15,0.0
53,16,0.0
53,17,0.0
53,18,0.0
53,19,0.0
53,20,0.0
53,21,0.0
53,22,0.0
53,23,0.0
53,24,0.0
53,25,0.0
53,26,0.0
53,27,0.0
53,28,0.0
53,29,0.0
53,30,0.0
53,31,0.0
53,32,0.0
53,33,0.0
53,34,0.0
53,35,0.0
53,36,0.0
53,37,0.0
53,38,0.0
53,39,0.0
53,40,0.0
53,41,0.0
53,42,0.0
53,43,0.0
53,44,0.0
53,45,0.0
53,46,0.0
53,47,0.0
53,48,0.0
53,49,0.0
53,50,0.0
53,51,0.0
53,52,0.0
53,53,0.0
53,54,0.0
53,55,0.0
53,56,0.0
53,57,0.0
53,58,0.0
53,59,0.0
53,60,0.0
53,61,0.0
53,62,0.0
53,63,0.0
53,64,0.0
53,65,0.0
53,66,0.0
53,67,0.0
53,68,0.0
53,69,0.0
53,70,0.0
53,71,0.0
53,72,0.0
53,73,0.0
53,74,0.0
53,75,0.0
53,76,0.0
53,77,0.0
53,78,0.0
53,79,0.0
53,80,0.0
53,81,0.0
53,82,0.0
53,83,0.0
53,84,0.0
53,85,0.0
53,86,0.0
53,87,0.0
53,88,0.0
53,89,0.0
53,90,0.0
53,91,0.0
53,92,0.0
53,93,0.0
53,94,0.0
53,95,0.0
53,96,0.0
53,97,0.0
53,98,0.0
53,99,0.0
53,100,0.0
53,101,0.0
53,102,0.0
53,103,0.0
53,104,0.0
53,105,0.0
53,106,0.0
53,107,0.0
53,108,0.0
53,109,0.0
53,110,0.0
53,111,0.0
53,112,0.0
53,113,0.0
53,114,0.0
53,115,0.0
53,116,0.0
53,117,0.0
53,118,0.0
53,119,0.0
53,120,-2.9534647539152217e-16
53,121,-5.885132174460193e-16
53,122,-2.933354466486161e-16
53,123,0.0
53,124,-2.9206360637571065e-16
53,125,0.0
53,126,-8.743415790435219e-16
53,127,-2.9139155148964234e-16
54,0,0.0
54,1,0.0
54,2,0.0
54,3,0.0
54,4,0.0
54,5,0.0
54,6,0.0
54,7,0.0
54,8,0.0
54,9,0.0
54,10,0.0
54,11,0.0
54,12,0.0
54,13,0.0
54,14,0.0
54,15,0.0
54,16,0.0
54,17,0.0
54,18,0.0
54,19,0.0
54,20,0.0
54,21,0.0
54,22,0.0
54,23,0.0
54,24,0.0
54,25,0.0
54,26,0.0
54,27,0.0
54,28,0.0
54,29,0.0
54,30,0.0
54,31,0.0
54,32,0.0
54,33,0.0
54,34,0.0
54,35,0.0
54,36,0.0
54,37,0.0
54,38,0.0
54,39,0.0
54,40,0.0
54,41,0.0
54,42,0.0
54,43,0.0
54,44,0.0
54,45,0.0
54,46,0.0
54,47,0.0
54,48,0.0
54,49,0.0
54,50,0.0
54,51,0.0
54,52,0.0
54,53,0.0
54,54,0.0
54,55,0.0
54,56,0.0
54,57,0.0
54,58,0.0
54,59,0.0
54,60,0.0
54,61,0.0
54,62,0.0
54,63,0.0
54,64,0.0
54,65,0.0
54,66,0.0
54,67,0.0
54,68,0.0
54,69,0.0
54,70,0.0
54,71,0.0
54,72,0.0
54,73,0.0
54,74,0.0
54,75,0.0
54,76,0.0
54,77,0.0
54,78,0.0
54,79,0.0
54,80,0.0
54,81,0.0
54,82,0.0
54,83,0.0
54,84,0.0
54,85,0.0
54,86,0.0
54,87,0.0
54,88,0.0
54,89,0.0
54,90,0.0
54,91,0.0
54,92,0.0
54,93,0.0
54,94,0.0
54,95,0.0
54,96,0.0
54,97,0.0
54,98,0.0
54,99,0.0
54,100,0.0
54,101,0.0
54,102,0.0
54,103,-2.1439511886943337e-17
54,104,-4.231044909984738e-17
54,105,-2.0885852748104696e-17
54,106,-1.6505975510155318e-16
54,107,-3.87490412434956e-16
54,108,-6.859505325404219e-16
54,109,-1.2382606799430535e-15
54,110,-2.432304291023231e-15
54,111,-4.290318130421028e-15
54,112,-7.338454427756988e-15
54,113,-1.2396257172453053e-14
54,114,-2.0302467792137452e-14
54,115,-3.0680292900672857e-14
54,116,-4.524565715665417e-14
54,117,-6.438129145795154e-14
54,118,-8.963390830383011e-14
54,119,-1.181900332598954e-13
54,120,-1.5123585455517132e-13
54,121,-1.9021850650138055e-13
54,122,-2.3002999056876164e-13
54,123,-2.6818146359244054e-13
54,124,-3.044763096466783e-13
54,125,-3.3465255932937557e-13
54,126,-3.586986328026049e-13
54,127,-3.714878042053578e-13
55,0,0.0
55,1,0.0
55,2,0.0
55,3,0.0
55,4,0.0
55,5,0.0
55,6,0.0
55,7,0.0
55,8,0.0
55,9,0.0
55,10,0.0
55,11,0.0
55,12,0.0
55,13,0.0
55,14,0.0
55,15,0.0
55,16,0.0
55,17,0.0
55,18,0.0
55,19,0.0
55,20,0.0
55,21,0.0
55,22,0.0
55,23,0.0
55,24,0.0
55,25,0.0
55,26,0.0
55,27,0.0
55,28,0.0
55,29,0.0
55,30,0.0
55,31,0.0
55,32,0.0
55,33,0.0
55,34,0.0
55,35,0.0
55,36,0.0
55,37,0.0
55,38,0.0
55,39,0.0
55,40,0.0
55,41,0.0
55,42,0.0
55,43,0.0
55,44,0.0
55,45,0.0
55,46,0.0
55,47,0.0
55,48,0.0
55,49,0.0
55,50,0.0
55,51,0.0
55,52,0.0
55,53,0.0
55,54,0.0
55,55,0.0
55,56,0.0
55,57,0.0
55,58,0.0
55,59,0.0
55,60,0.0
55,61,0.0
55,62,0.0
55,63,0.0
55,64,0.0
55,65,0.0
55,66,0.0
55,67,0.0
55,68,0.0
55,69,0.0
55,70,0.0
55,71,0.0
55,72,0.0
55,73,0.0
55,74,0.0
55,75,0.0
55,76,0.0
55,77,0.0
55,78,0.0
55,79,0.0
55,80,0.0
55,81,0.0
55,82,0.0
55,83,0.0
55,84,0.0
55,85,0.0
55,86,0.0
55,87,0.0
55,88,0.0
55,89,0.0
55,90,0.0
55,91,0.0
55,92,-9.947440541125587e-19
55,93,-2.5380755486107253e-18
55,94,-3.836427814428611e-18
55,95,-1.5462776978674872e-17
55,96,-2.5596744981400604e-17
55,97,-6.024180585524156e-17
55,98,-1.013879530526651e-16
55,99,-1.7428623265594178e-16
55,100,-2.8217972221699717e-16
55,101,-4.892014037831502e-16
55,102,-9.517240859751124e-16
55,103,-1.8588726790726337e-15
55,104,-3.0883322339052664e-15
55,105,-4.39222956463658e-15
55,106,-5.230330989780467e-15
55,107,-4.234352467463565e-15
55,108,1.460797227845733e-15
55,109,1.6746477098907265e-14
55,110,5.094305610749036e-14
55,111,1.196109839733732e-13
55,112,2.469551292988985e-13
55,113,4.661914235370501e-13
55,114,8.09797852873801e-13
55,115,1.3160658167773757e-12
55,116,2.0251087066920795e-12
55,117,2.972803324114043e-12
55,118,4.190001610066249e-12
55,119,5.677556156428196e-12
55,120,7.45601600277313e-12
55,121,9.490771046251258e-12
55,122,1.1635261637951437e-11
55,123,1.3767600605536355e-11
55,124,1.5750059909533482e-11
55,125,1.7451740086853662e-11
55,126,1.8746901242937464e-11
55,127,1.9469527413596226e-11
56,0,0.0
56,1,0.0
56,2,0.0
56,3,0.0
56,4,0.0
56,5,0.0
56,6,0.0
56,7,0.0
56,8,0.0
56,9,0.0
56,10,0.0
56,11,0.0
56,12,0.0
56,13,0.0
56,14,0.0
56,15,0.0
56,16,0.0
56,17,0.0
56,18,0.0
56,19,0.0
56,20,0.0
56,21,0.0
56,22,0.0
56,23,0.0
56,24,0.0
56,25,0.0
56,26,0.0
56,27,0.0
56,28,0.0
56,29,0.0
56,30,0.0
56,31,0.0
56,32,0.0
56,33,0.0
56,34,0.0
56,35,0.0
56,36,0.0
56,37,0.0
56,38,0.0
56,39,0.0
56,40,0.0
56,41,0.0
56,42,0.0
56,43,0.0
56,44,0.0
56,45,0.0
56,46,0.0
56,47,0.0
56,48,0.0
56,49,0.0
56,50,0.0
56,51,0.0
56,52,0.0
56,53,0.0
56,54,0.0
56,55,0.0
56,56,0.0
56,57,0.0
56,58,0.0
56,59,0.0
56,60,0.0
56,61,0.0
56,62,0.0
56,63,0.0
56,64,0.0
56,65,0.0
56,66,0.0
56,67,0.0
56,68,0.0
56,69,0.0
56,70,0.0
56,71,0.0
56,72,0.0
56,73,0.0
56,74,0.0
56,75,0.0
56,76,0.0
56,77,0.0
56,78,0.0
56,79,0.0
56,80,-4.8724608001494124e-21
56,81,-9.547837480300325e-22
56,82,-3.740621061940297e-20
56,83,-6.134866357584347e-20
56,84,-2.0817814109699958e-19
56,85,-4.821646936331374e-19
56,86,-9.926978021147241e-19
56,87,-1.9741943555528208e-18
56,88,-3.484821885291757e-18
56,89,-5.2012285190850256e-18
56,90,-6.945597007138157e-18
56,91,-8.360181834922775e-18
56,92,-8.144466943046573e-18
56,93,9.57879473874721e-19
56,94,4.0192575774599747e-17
56,95,1.4972199164850677e-16
56,96,3.944223069241115e-16
56,97,8.761189450413152e-16
56,98,1.7617055672271594e-15
56,99,3.3802634382461867e-15
56,100,6.427631937524941e-15
56,101,1.2192683498672389e-14
56,102,2.4328170777803155e-14
56,103,4.9038596585856657e-14
56,104,9.265657802482984e-14
56,105,1.649817615659282e-13
56,106,2.8061913839818145e-13
56,107,4.594028104694136e-13
56,108,7.262106284144273e-13
56,109,1.111032189005984e-12
56,110,1.6698824709871988e-12
56,111,2.4587635551805283e-12
56,112,3.5395778014934028e-12
56,113,4.9681571430020586e-12
56,114,6.724589888901692e-12
56,115,8.802399172100355e-12
56,116,1.1207810268164723e-11
56,117,1.3941995995049837e-11
56,118,1.695845877950438e-11
56,119,2.0108014972720272e-11
56,120,2.3326068574802696e-11
56,121,2.655492131641632e-11
56,122,2.958113729172481e-11
56,123,3.23218106725139e-11
56,124,3.468147716387452e-11
56,125,3.661940412174812e-11
56,126,3.815802865853078e-11
56,127,3.908754248579039e-11
57,0,0.0
57,1,0.0
57,2,0.0
57,3,0.0
57,4,0.0
57,5,0.0
57,6,0.0
57,7,0.0
57,8,0.0
57,9,0.0
57,10,0.0
57,11,0.0
57,12,0.0
57,13,0.0
57,14,0.0
57,15,0.0
57,16,0.0
57,17,0.0
57,18,0.0
57,19,0.0
57,20,0.0
57,21,0.0
57,22,0.0
57,23,0.0
57,24,0.0
57,25,0.0
57,26,0.0
57,27,0.0
57,28,0.0
57,29,0.0
57,30,0.0
57,31,0.0
57,32,0.0
57,33,0.0
57,34,0.0
57,35,0.0
57,36,0.0
57,37,0.0
57,38,0.0
57,39,0.0
57,40,0.0
57,41,0.0
57,42,0.0
57,43,0.0
57,44,0.0
57,45,0.0
57,46,0.0
57,47,0.0
57,48,0.0
57,49,0.0
57,50,0.0
57,51,0.0
57,52,0.0
57,53,0.0
57,54,0.0
57,55,0.0
57,56,0.0
57,57,0.0
57,58,0.0
57,59,0.0
57,60,0.0
57,61,0.0
57,62,0.0
57,63,0.0
57,64,0.0
57,65,0.0
57,66,0.0
57,67,0.0
57,68,0.0
57,69,0.0
57,70,0.0
57,71,-2.3172030700522796e-24
57,72,-9.047712504225165e-24
57,73,-3.645655579719796e-23
57,74,-1.511667441452964e-22
57,75,-3.6323673357471683e-22
57,76,-1.0207868064045213e-21
57,77,-2.308193777011127e-21
57,78,-4.474341620498315e-21
57,79,-7.31946766739737e-21
57,80,-8.582002245263164e-21
57,81,2.4130667381852773e-21
57,82,6.184444783071213e-20
57,83,2.7333991482798117e-19
57,84,8.6349483195120305e-19
57,85,2.2752009002285608e-18
57,86,5.272048081483655e-18
57,87,1.1085527601079364e-17
57,88,2.1727259624348096e-17
57,89,4.066016528334844e-17
57,90,7.38243819908123e-17
57,91,1.3072744984383963e-16
57,92,2.396830576949356e-16
57,93,4.4227732429491484e-16
57,94,7.69408640726948e-16
57,95,1.2605586946851397e-15
57,96,1.9544583220696737e-15
57,97,2.8746986256851724e-15
57,98,3.996907962640581e-15
57,99,5.274357837424838e-15
57,100,6.799186893116935e-15
57,101,8.94287405133211e-15
57,102,1.2454959859184498e-14
57,103,1.7165226058067413e-14
57,104,2.063215693421167e-14
57,105,1.9721916013459153e-14
57,106,1.0798117439089093e-14
57,107,-1.1457182932282219e-14
57,108,-5.5039259522006804e-14
57,109,-1.3021716407416684e-13
57,110,-2.5533024578666727e-13
57,111,-4.525891376604917e-13
57,112,-7.50426213314623e-13
57,113,-1.1793880569589327e-12
57,114,-1.7541877110132292e-12
57,115,-2.49309771343841e-12
57,116,-3.4057054613965845e-12
57,117,-4.4899023887178395e-12
57,118,-5.74517904022402e-12
57,119,-7.151091674142419e-12
57,120,-8.704903511541966e-12
57,121,-1.0357748206219226e-11
57,122,-1.1985937366020864e-11
57,123,-1.3519799463594164e-11
57,124,-1.4891198660826442e-11
57,125,-1.603306870165993e-11
57,126,-1.6867616118940852e-11
57,127,-1.73129667295475e-11
58,0,0.0
58,1,0.0
58,2,0.0
58,3,0.0
58,4,0.0
58,5,0.0
58,6,0.0
58,7,0.0
58,8,0.0
58,9,0.0
58,10,0.0
58,11,0.0
58,12,0.0
58,13,0.0
58,14,0.0
58,15,0.0
58,16,0.0
58,17,0.0
58,18,0.0
58,19,0.0
58,20,0.0
58,21,0.0
58,22,0.0
58,23,0.0
58,24,0.0
58,25,0.0
58,26,0.0
58,27,0.0
58,28,0.0
58,29,0.0
58,30,0.0
58,31,0.0
58,32,0.0
58,33,0.0
58,34,0.0
58,35,0.0
58,36,0.0
58,37,0.0
58,38,0.0
58,39,0.0
58,40,0.0
58,41,0.0
58,42,0.0
58,43,0.0
58,44,0.0
58,45,0.0
58,46,0.0
58,47,0.0
58,48,0.0
58,49,0.0
58,50,0.0
58,51,0.0
58,52,0.0
58,53,0.0
58,54,0.0
58,55,0.0
58,56,0.0
58,57,0.0
58,58,0.0
58,59,0.0
58,60,0.0
58,61,0.0
58,62,-8.780836163736263e-29
58,63,-1.7119124824399666e-28
58,64,-6.678785842722513e-28
58,65,-2.932948545562872e-27
58,66,-8.909578646805648e-27
58,67,-3.513159781092376e-26
58,68,-9.418879376486402e-26
58,69,-1.8513509195293884e-25
58,70,-9.167598289770939e-26
58,71,1.8844246646348006e-24
58,72,1.333355825283915e-23
58,73,6.127823570676329e-23
58,74,2.2903564856961124e-22
58,75,7.445870449507301e-22
58,76,2.1744196152931992e-21
58,77,5.8056175136160615e-21
58,78,1.4329883309301796e-20
58,79,3.295658025174686e-20
58,80,7.34797957890501e-20
58,81,1.572433596473468e-19
58,82,3.2471114599592435e-19
58,83,6.400417364874303e-19
58,84,1.1730565777076602e-18
58,85,1.9971617809095388e-18
58,86,3.1448343409386116e-18
58,87,4.541266424177596e-18
58,88,5.94473800924753e-18
58,89,6.946394479422505e-18
58,90,7.022297648134307e-18
58,91,5.479468173631915e-18
58,92,1.0806243960121395e-19
58,93,-1.4180895154797984e-17
58,94,-4.5050828744169466e-17
58,95,-1.0346993717173314e-16
58,96,-2.026132759630711e-16
58,97,-3.59893723737234e-16
58,98,-6.020119083849764e-16
58,99,-9.704193507262262e-16
58,100,-1.5217983235078289e-15
58,101,-2.3260705957302985e-15
58,102,-3.619252464469481e-15
58,103,-5.6731993780369245e-15
58,104,-8.600214636649828e-15
58,105,-1.2605282651389978e-14
58,106,-1.7923936966603554e-14
58,107,-2.483576719305892e-14
58,108,-3.365027442393894e-14
58,109,-4.4648191196951004e-14
58,110,-5.86087091227315e-14
58,111,-7.599158400076066e-14
58,112,-9.715734766659215e-14
58,113,-1.2229071883714718e-13
58,114,-1.5050248173936276e-13
58,115,-1.8155626871522757e-13
58,116,-2.1530384008656267e-13
58,117,-2.513814433645966e-13
58,118,-2.891463162792854e-13
58,119,-3.2724011815960635e-13
58,120,-3.650950878482558e-13
58,121,-4.0200987391541173e-13
58,122,-4.358200574864631e-13
58,123,-4.660304235303302e-13
58,124,-4.920383717055717e-13
58,125,-5.133452582383289e-13
58,126,-5.292796943127502e-13
58,127,-5.381010479463029e-13
59,0,0.0
59,1,0.0
59,2,0.0
59,3,0.0
59,4,0.0
59,5,0.0
59,6,0.0
59,7,0.0
59,8,0.0
59,9,0.0
59,10,0.0
59,11,0.0
59,12,0.0
59,13,0.0
59,14,0.0
59,15,0.0
59,16,0.0
59,17,0.0
59,18,0.0
59,19,0.0
59,20,0.0
59,21,0.0
59,22,0.0
59,23,0.0
59,24,0.0
59,25,0.0
59,26,0.0
59,27,0.0
59,28,0.0
59,29,0.0
59,30,0.0
59,31,0.0
59,32,0.0
59,33,0.0
59,34,0.0
59,35,0.0
59,36,0.0
59,37,0.0
59,38,0.0
59,39,0.0
59,40,0.0
59,41,0.0
59,42,0.0
59,43,0.0
59,44,0.0
59,45,0.0
59,46,0.0
59,47,0.0
59,48,0.0
59,49,0.0
59,50,0.0
59,51,0.0
59,52,0.0
59,53,0.0
59,54,0.0
59,55,0.0
59,56,-1.569017201306459e-33
59,57,3.833036661456636e-33
59,58,7.467325995577285e-34
59,59,7.98419910056784e-32
59,60,5.339667408210793e-31
59,61,5.099549530091968e-30
59,62,3.398661653584809e-29
59,63,1.9381265037096522e-28
59,64,9.47443697538983e-28
59,65,4.052654799794075e-27
59,66,1.538164315258382e-26
59,67,5.242492356485044e-26
59,68,1.649067557744849e-25
59,69,4.788080663599836e-25
59,70,1.3920332455168008e-24
59,71,3.8914555824584035e-24
59,72,9.789898300498525e-24
59,73,2.2201475862642153e-23
59,74,4.5371988149436686e-23
59,75,8.313429038694758e-23
59,76,1.345344782631385e-22
59,77,1.8462528595307024e-22
59,78,1.8777427702153162e-22
59,79,3.9848820372945563e-23
59,80,-5.064940381436882e-22
59,81,-1.9532562179188445e-21
59,82,-5.340937775982383e-21
59,83,-1.2492722645673822e-20
59,84,-2.5866584896037516e-20
59,85,-4.902887430022395e-20
59,86,-8.686895318544169e-20
59,87,-1.4609957490254622e-19
59,88,-2.3591570435104295e-19
59,89,-3.6840155575425314e-19
59,90,-5.585584652612584e-19
59,91,-8.245579846713745e-19
59,92,-1.2385919670401277e-18
59,93,-1.8723780679954067e-18
59,94,-2.7425352183505133e-18
59,95,-3.89368184562261e-18
59,96,-5.35981546414297e-18
59,97,-7.169366972414867e-18
59,98,-9.353956894012409e-18
59,99,-1.1975714987440982e-17
59,100,-1.5147299391291305e-17
59,101,-1.9020625821400574e-17
59,102,-2.4239491105335544e-17
59,103,-3.10652476816897e-17
59,104,-3.890332746518143e-17
59,105,-4.760072543065214e-17
59,106,-5.719401885859512e-17
59,107,-6.776642578341052e-17
59,108,-7.930251767916045e-17
59,109,-9.161836827116316e-17
59,110,-1.0488373112573423e-16
59,111,-1.188267827662323e-16
59,112,-1.3298759152837566e-16
59,113,-1.4697844870345083e-16
59,114,-1.5999361951530116e-16
59,115,-1.7211996558829315e-16
59,116,-1.8394610026659515e-16
59,117,-1.958354275250585e-16
59,118,-2.0711554661074076e-16
59,119,-2.164773958473863e-16
59,120,-2.233116103005476e-16
59,121,-2.2839356709700404e-16
59,122,-2.324234156938028e-16
59,123,-2.361319403052645e-16
59,124,-2.3968147786707287e-16
59,125,-2.4334551621381245e-16
59,126,-2.4737681300210427e-16
59,127,-2.5037024283707826e-16
60,0,0.0
60,1,0.0
60,2,0.0
60,3,0.0
60,4,0.0
60,5,0.0
60,6,0.0
60,7,0.0
60,8,0.0
60,9,0.0
60,10,0.0
60,11,0.0
60,12,0.0
60,13,0.0
60,14,0.0
60,15,0.0
60,16,0.0
60,17,0.0
60,18,0.0
60,19,0.0
60,20,0.0
60,21,0.0
60,22,0.0
60,23,0.0
60,24,0.0
60,25,0.0
60,26,0.0
60,27,0.0
60,28,0.0
60,29,0.0
60,30,0.0
60,31,0.0
60,32,0.0
60,33,0.0
60,34,0.0
60,35,0.0
60,36,0.0
60,37,0.0
60,38,0.0
60,39,0.0
60,40,0.0
60,41,0.0
60,42,0.0
60,43,0.0
60,44,0.0
60,45,0.0
60,46,0.0
60,47,0.0
60,48,1.7422660824689151e-40
60,49,3.944436220833967e-40
60,50,6.021527743054097e-39
60,51,4.91814013847757e-38
60,52,4.247097742638906e-37
60,53,3.168106770711139e-36
60,54,2.0159952173835753e-35
60,55,1.1247849223710122e-34
60,56,5.540077254109465e-34
60,57,2.4229294067993207e-33
60,58,1.128372253531827e-32
60,59,5.051756727609373e-32
60,60,1.9626186664575562e-31
60,61,6.563170461526432e-31
60,62,1.854268505205945e-30
60,63,4.277932430172985e-30
60,64,7.141934017231615e-30
60,65,3.2218529175769556e-30
60,66,-3.631210247986929e-29
60,67,-1.9951329412073428e-28
60,68,-7.294417314596648e-28
60,69,-2.2139493989471178e-27
60,70,-6.45118225749893e-27
60,71,-1.775697111628884e-26
60,72,-4.416757435473614e-26
60,73,-1.0098999562487036e-25
60,74,-2.1497725150279342e-25
60,75,-4.301382540097692e-25
60,76,-8.149877505891092e-25
60,77,-1.4707349857418161e-24
60,78,-2.539835589067675e-24
60,79,-4.214983642257531e-24
60,80,-6.884402379174565e-24
60,81,-1.1024768422172604e-23
60,82,-1.736830415306672e-23
60,83,-2.678216758491314e-23
60,84,-3.9750268002517883e-23
60,85,-5.683955042586717e-23
60,86,-7.844362561429821e-23
60,87,-1.0483035275363621e-22
60,88,-1.36358278270151e-22
60,89,-1.736659209599714e-22
60,90,-2.176609483374655e-22
60,91,-2.692922830531197e-22
60,92,-3.3591792191701446e-22
60,93,-4.1881453494796557e-22
60,94,-5.08922454089659e-22
60,95,-6.025061612112772e-22
60,96,-6.954228750160895e-22
60,97,-7.811053241194008e-22
60,98,-8.493443472549893e-22
60,99,-8.920082470555328e-22
60,100,-9.108676617662655e-22
60,101,-9.165997678414327e-22
60,102,-9.088004455428125e-22
60,103,-8.603259826949826e-22
60,104,-7.288953453010088e-22
60,105,-5.047596492505374e-22
60,106,-2.208332230499021e-22
60,107,8.951693187096227e-23
60,108,4.178017545973787e-22
60,109,7.682667815355024e-22
60,110,1.1587177503842537e-21
60,111,1.5855423832426783e-21
60,112,2.028485156479423e-21
60,113,2.4678733387876213e-21
60,114,2.893966025551192e-21
60,115,3.2993129417517944e-21
60,116,3.611239465570687e-21
60,117,3.755077951547952e-21
60,118,3.771696150921666e-21
60,119,3.781337272719766e-21
60,120,3.805109423946983e-21
60,121,3.777654326327074e-21
60,122,3.672546175855639e-21
60,123,3.5311168354533026e-21
60,124,3.4325677284057285e-21
60,125,3.364753030939069e-21
60,126,3.2055953141923056e-21
60,127,3.0143761304898114e-21
61,0,0.0
61,1,0.0
61,2,0.0
61,3,0.0
61,4,0.0
61,5,0.0
61,6,0.0
61,7,0.0
61,8,0.0
61,9,0.0
61,10,0.0
61,11,0.0
61,12,0.0
61,13,0.0
61,14,0.0
61,15,0.0
61,16,0.0
61,17,0.0
61,18,0.0
61,19,0.0
61,20,0.0
61,21,0.0
61,22,0.0
61,23,0.0
61,24,0.0
61,25,0.0
61,26,0.0
61,27,0.0
61,28,0.0
61,29,0.0
61,30,0.0
61,31,0.0
61,32,0.0
61,33,0.0
61,34,0.0
61,35,0.0
61,36,0.0
61,37,0.0
61,38,0.0
61,39,0.0
61,40,0.0
61,41,-6.6415813594118226e-49
61,42,-9.790896955576024e-48
61,43,-1.1811027172561041e-46
61,44,-1.0928772979420015e-45
61,45,-9.149944655332225e-45
61,46,-9.184864143947482e-44
61,47,-9.033406574720882e-43
61,48,-7.967541116896653e-42
61,49,-6.161072351909885e-41
61,50,-4.11525916227434e-40
61,51,-2.4066907853323037e-39
61,52,-1.2463403591008698e-38
61,53,-5.771379067466151e-38
61,54,-2.410679326808821e-37
61,55,-9.155711876219166e-37
61,56,-3.1855801247913305e-36
61,57,-1.0231659857512239e-35
61,58,-3.5083354435000345e-35
61,59,-1.2023119437491072e-34
61,60,-3.797537261379602e-34
61,61,-1.10701622420791e-33
61,62,-2.9759585789088224e-33
61,63,-7.427973031244736e-33
61,64,-1.7321967967916885e-32
61,65,-3.7956657510814647e-32
61,66,-7.855946806370157e-32
61,67,-1.5430724225282413e-31
61,68,-2.9146484063780918e-31
61,69,-5.297367487293608e-31
61,70,-9.668596958776065e-31
61,71,-1.7436603808924455e-30
61,72,-2.9887306052206235e-30
61,73,-4.884161635321564e-30
61,74,-7.638677697592454e-30
61,75,-1.1479219198122495e-29
61,76,-1.6641850860049806e-29
61,77,-2.335756399687389e-29
61,78,-3.183205418085703e-29
61,79,-4.222727044070888e-29
61,80,-5.519789582737122e-29
61,81,-7.100548700210913e-29
61,82,-8.999042219743822e-29
61,83,-1.122251323328458e-28
61,84,-1.36158327222009e-28
61,85,-1.5918259679177847e-28
61,86,-1.761071686512835e-28
61,87,-1.8011609925736428e-28
61,88,-1.6652856524811856e-28
61,89,-1.3728649835856797e-28
61,90,-1.020181073095214e-28
61,91,-7.33006940237496e-29
61,92,-5.858872491357452e-29
61,93,-6.338423740765297e-29
61,94,-9.612547757231309e-29
61,95,-2.019765038334449e-28
61,96,-4.683378668017591e-28
61,97,-9.697768081549126e-28
61,98,-1.72396359988869e-27
61,99,-2.7532010171915806e-27
61,100,-4.2088972479645105e-27
61,101,-6.3845548190412215e-27
61,102,-9.979041919650927e-27
61,103,-1.5393541804472153e-26
61,104,-2.229157716281346e-26
61,105,-3.089069957869275e-26
61,106,-4.170019485658279e-26
61,107,-5.504528040676394e-26
61,108,-7.097010483529877e-26
61,109,-8.945067463523115e-26
61,110,-1.113534267701887e-25
61,111,-1.3701350692721263e-25
61,112,-1.6684861379328985e-25
61,113,-2.0116994715465586e-25
61,114,-2.3812515818494666e-25
61,115,-2.7643013176903074e-25
61,116,-3.155052651738752e-25
61,117,-3.5537444869993306e-25
61,118,-3.9555324150749004e-25
61,119,-4.343778440701819e-25
61,120,-4.716050787551217e-25
61,121,-5.072200926929102e-25
61,122,-5.381549015795727e-25
61,123,-5.630423497765442e-25
61,124,-5.801579867260881e-25
61,125,-5.893429360333866e-25
61,126,-5.936099291925442e-25
61,127,-5.953210221848248e-25
62,0,0.0
62,1,0.0
62,2,0.0
62,3,0.0
62,4,0.0
62,5,0.0
62,6,0.0
62,7,0.0
62,8,0.0
62,9,0.0
62,10,0.0
62,11,0.0
62,12,0.0
62,13,0.0
62,14,0.0
62,15,0.0
62,16,0.0
62,17,0.0
62,18,0.0
62,19,0.0
62,20,0.0
62,21,0.0
62,22,0.0
62,23,0.0
62,24,0.0
62,25,0.0
62,26,0.0
62,27,0.0
62,28,0.0
62,29,0.0
62,30,0.0
62,31,0.0
62,32,0.0
62,33,1.4347818662720897e-61
62,34,7.628943969360607e-60
62,35,1.7964291752698093e-58
62,36,-1.7121646905887896e-57
62,37,-2.6835126225284395e-55
62,38,-8.900582584210515e-54
62,39,-1.713989052033296e-52
62,40,-2.280026936860674e-51
62,41,-2.275807080450504e-50
62,42,-1.7974793191160234e-49
62,43,-1.1674779719511517e-48
62,44,-6.424007536065094e-48
62,45,-3.06900617237969e-47
62,46,-1.6144597831384803e-46
62,47,-8.287984327240908e-46
62,48,-3.826616454195033e-45
62,49,-1.5795454992341411e-44
62,50,-5.777448218666393e-44
62,51,-1.898619797623156e-43
62,52,-5.6718192594248835e-43
62,53,-1.555660063415545e-42
62,54,-3.951488420087243e-42
62,55,-9.366602652628159e-42
62,56,-2.0865393321626507e-41
62,57,-4.399357205921279e-41
62,58,-9.595211280983504e-41
62,59,-2.104158340749672e-40
62,60,-4.399513045780985e-40
62,61,-8.816241001577925e-40
62,62,-1.6973367367762992e-39
62,63,-3.1606037550280815e-39
62,64,-5.7224174798489844e-39
62,65,-1.0114079108059839e-38
62,66,-1.7502630833899684e-38
62,67,-2.972144576954222e-38
62,68,-4.997204096863292e-38
62,69,-8.310873152470407e-38
62,70,-1.4177060192093887e-37
62,71,-2.446724668221203e-37
62,72,-4.112698020984242e-37
62,73,-6.738939198032017e-37
62,74,-1.0805868056878389e-36
62,75,-1.7048431099825127e-36
62,76,-2.658875797611521e-36
62,77,-4.106535231234358e-36
62,78,-6.272169446876387e-36
62,79,-9.44919433711356e-36
62,80,-1.4266566329459224e-35
62,81,-2.1528932711197427e-35
62,82,-3.27036453542724e-35
62,83,-4.997540509194009e-35
62,84,-7.532469971491721e-35
62,85,-1.1077040610915022e-34
62,86,-1.5704798712683893e-34
62,87,-2.1345684815245708e-34
62,88,-2.7942660990893e-34
62,89,-3.567855770127178e-34
62,90,-4.501852954293945e-34
62,91,-5.640823062439715e-34
62,92,-7.1258033591996e-34
62,93,-8.810930154061093e-34
62,94,-1.0174120283094809e-33
62,95,-1.0828154064799484e-33
62,96,-1.0347087368979453e-33
62,97,-7.841602163916077e-34
62,98,-1.5355086320760062e-34
62,99,1.093744497100472e-33
62,100,3.169214400103631e-33
62,101,6.235548142649227e-33
62,102,1.1107224632398098e-32
62,103,1.8781893980675874e-32
62,104,2.976330432670957e-32
62,105,4.4817311976419013e-32
62,106,6.464024374914222e-32
62,107,9.005774790327292e-32
62,108,1.2198324463870037e-31
62,109,1.6113169670236454e-31
62,110,2.100306306822147e-31
62,111,2.6981471174547835e-31
62,112,3.408804419394121e-31
62,113,4.2255311470034274e-31
62,114,5.104243722966068e-31
62,115,6.02185781014382e-31
62,116,6.947124034600426e-31
62,117,7.840726800228832e-31
62,118,8.67390665745148e-31
62,119,9.418108034513866e-31
62,120,1.0041093460885553e-30
62,121,1.0498939571083601e-30
62,122,1.073771799067287e-30
62,123,1.0767656692329767e-30
62,124,1.0637597997046665e-30
62,125,1.0422323611241147e-30
62,126,1.0196827098575803e-30
62,127,1.0044697007108998e-30
63,0,0.0
63,1,0.0
63,2,0.0
63,3,0.0
63,4,0.0
63,5,0.0
63,6,0.0
63,7,0.0
63,8,0.0
63,9,0.0
63,10,0.0
63,11,0.0
63,12,0.0
63,13,0.0
63,14,0.0
63,15,0.0
63,16,0.0
63,17,0.0
63,18,0.0
63,19,0.0
63,20,0.0
63,21,0.0
63,22,0.0
63,23,0.0
63,24,0.0
63,25,0.0
63,26,1.3737333727282416e-73
63,27,1.0596094285962726e-70
63,28,2.528882457257037e-68
63,29,2.5649137278754146e-66
63,30,1.3738031016556102e-64
63,31,4.510692021345982e-63
63,32,1.0023225997304218e-61
63,33,1.6133357329540515e-60
63,34,3.6693837698738192e-59
63,35,7.055707936794012e-58
63,36,9.866226416546632e-57
63,37,1.0194507415219308e-55
63,38,8.034739299710787e-55
63,39,5.062537785398345e-54
63,40,2.6480156617665033e-53
63,41,1.1848606464691556e-52
63,42,4.6456409867342844e-52
63,43,1.6273126958753427e-51
63,44,5.174511055862611e-51
63,45,1.5145687637578024e-50
63,46,4.765738434174539e-50
63,47,1.5119819832074702e-49
63,48,4.5207813021886964e-49
63,49,1.2696683823934187e-48
63,50,3.3180042633161617e-48
63,51,8.136513372633473e-48
63,52,1.885942983408294e-47
63,53,4.157409242836527e-47
63,54,8.762103308904673e-47
63,55,1.7736289970508174e-46
63,56,3.4620892474582984e-46
63,57,6.543499219252274e-46
63,58,1.2919374699623132e-45
63,59,2.6032481937529482e-45
63,60,5.0913692594513774e-45
63,61,9.667713703154312e-45
63,62,1.7785428863601626e-44
63,63,3.178549556932612e-44
63,64,5.532028654550513e-44
63,65,9.39686122042017e-44
63,66,1.5608736728704567e-43
63,67,2.539852790857084e-43
63,68,4.082644721083887e-43
63,69,6.482830542416233e-43
63,70,1.0524349641966124e-42
63,71,1.7299250171980186e-42
63,72,2.7868780968095028e-42
63,73,4.4039652822970726e-42
63,74,6.834374990659433e-42
63,75,1.042706076573711e-41
63,76,1.56566050985789e-41
63,77,2.315934088697138e-41
63,78,3.3780328588545765e-41
63,79,4.864076829069798e-41
63,80,7.029280232314795e-41
63,81,1.0169896402921102e-40
63,82,1.4773952298675998e-40
63,83,2.14798990808281e-40
63,84,3.0811549508337813e-40
63,85,4.363183677199393e-40
63,86,6.10464327453876e-40
63,87,8.44488020367449e-40
63,88,1.1558544620845249e-39
63,89,1.5660132728250782e-39
63,90,2.101155696376315e-39
63,91,2.7946052515354788e-39
63,92,3.811725017430044e-39
63,93,5.3015089838950875e-39
63,94,7.295716121283486e-39
63,95,9.932056250442635e-39
63,96,1.336428572684466e-38
63,97,1.7782147761877668e-38
63,98,2.341194589168253e-38
63,99,3.0517264154734807e-38
63,100,3.9387681928084195e-38
63,101,5.037912603328153e-38
63,102,6.554361047411446e-38
63,103,8.632503447414903e-38
63,104,1.1207376501683069e-37
63,105,1.4326481232145089e-37
63,106,1.8024118850361165e-37
63,107,2.23135736622387e-37
63,108,2.719047761099702e-37
63,109,3.2616149986329104e-37
63,110,3.8756747586405435e-37
63,111,4.556829791297944e-37
63,112,5.28981500162733e-37
63,113,6.055457238561568e-37
63,114,6.79765799704592e-37
63,115,7.485128312269429e-37
63,116,8.088567392382045e-37
63,117,8.58339606746915e-37
63,118,8.951174904913944e-37
63,119,9.178386077183895e-37
63,120,9.245479534750496e-37
63,121,9.154733150956282e-37
63,122,8.9135838995162e-37
63,123,8.559293465004155e-37
63,124,8.140641401220773e-37
63,125,7.717710596723596e-37
63,126,7.361150658161165e-37
63,127,7.147072071838969e-37
64,0,0.0
64,1,0.0
64,2,0.0
64,3,0.0
64,4,0.0
64,5,0.0
64,6,0.0
64,7,0.0
64,8,0.0
64,9,0.0
64,10,0.0
64,11,0.0
64,12,0.0
64,13,0.0
64,14,0.0
64,15,0.0
64,16,0.0
64,17,0.0
64,18,0.0
64,19,0.0
64,20,0.0
64,21,0.0
64,22,0.0
64,23,6.088209361715918e-82
64,24,3.251596319228542e-78
64,25,4.0942728870751936e-75
64,26,1.8513768600232118e-72
64,27,3.42809446543866e-70
64,28,2.8285401195643044e-68
64,29,1.1664431886077211e-66
64,30,2.7212998140818506e-65
64,31,4.012707306062627e-64
64,32,4.0980885438994177e-63
64,33,3.1244609366530046e-62
64,34,2.8163090555614086e-61
64,35,2.265060368596645e-60
64,36,1.4291041510068263e-59
64,37,7.28207023404426e-59
64,38,3.072090564218099e-58
64,39,1.1112214692998944e-57
64,40,3.540028290665113e-57
64,41,1.0140864620833495e-56
64,42,2.655313950112415e-56
64,43,6.438908676569539e-56
64,44,1.4616881723121238e-55
64,45,3.1362744546679925e-55
64,46,7.068787504028971e-55
64,47,1.6130412478006238e-54
64,48,3.534578996221451e-54
64,49,7.425597284587706e-54
64,50,1.4840117471089666e-53
64,51,2.8373683563716128e-53
64,52,5.215765100771681e-53
64,53,9.257598303562157e-53
64,54,1.5924150836776961e-52
64,55,2.6630935144789573e-52
64,56,4.342516246993057e-52
64,57,6.925480413166556e-52
64,58,1.1402633477547017e-51
64,59,1.9113714330360334e-51
64,60,3.139709736786481e-51
64,61,5.0548473207922746e-51
64,62,7.961912014184985e-51
64,63,1.2292635567028158e-50
64,64,1.8636147873513775e-50
64,65,2.7786912565477e-50
64,66,4.0803694743840803e-50
64,67,5.908248313273131e-50
64,68,8.488139305185225e-50
64,69,1.210182472867136e-49
64,70,1.7567408458319985e-49
64,71,2.5806264100739632e-49
64,72,3.7390806314189265e-49
64,73,5.346122355625829e-49
64,74,7.548513308695706e-49
64,75,1.0532987435625923e-48
64,76,1.4535491611478696e-48
64,77,1.9851388730372817e-48
64,78,2.6849507426799816e-48
64,79,3.599545148430118e-48
64,80,4.846346613256456e-48
64,81,6.543068829859457e-48
64,82,8.875521467562902e-48
64,83,1.2068458217774653e-47
64,84,1.6254339488094569e-47
64,85,2.1691933479401803e-47
64,86,2.870078405322122e-47
64,87,3.766966023751155e-47
64,88,4.907514224804286e-47
64,89,6.349035954270399e-47
64,90,8.159513864485385e-47
64,91,1.0425007845296144e-46
64,92,1.3630729575794288e-46
64,93,1.817016986713353e-46
64,94,2.4053662923866037e-46
64,95,3.161519045730826e-46
64,96,4.121190043927865e-46
64,97,5.328312505039227e-46
64,98,6.835253431503269e-46
64,99,8.702959060661559e-46
64,100,1.0995574084804052e-45
64,101,1.3794094120916574e-45
64,102,1.7596434828362732e-45
64,103,2.2728847738702684e-45
64,104,2.897833676831449e-45
64,105,3.640107621740998e-45
64,106,4.4997088974797937e-45
64,107,5.4696185567339216e-45
64,108,6.53722652620989e-45
64,109,7.680849349354515e-45
64,110,8.916562803748478e-45
64,111,1.0213530424234353e-44
64,112,1.1511410190288454e-44
64,113,1.2748419666658135e-44
64,114,1.3805172720534098e-44
64,115,1.4619121413680435e-44
64,116,1.5143171589094223e-44
64,117,1.535135235486111e-44
64,118,1.5229846974000836e-44
64,119,1.4791694257654329e-44
64,120,1.4022858691525449e-44
64,121,1.2985170392555174e-44
64,122,1.1784731968068597e-44
64,123,1.0528698863045245e-44
64,124,9.322850737172121e-45
64,125,8.269549948302426e-45
64,126,7.469559244884919e-45
64,127,7.022452939435626e-45
65,0,0.0
65,1,0.0
65,2,0.0
65,3,0.0
65,4,0.0
65,5,0.0
65,6,0.0
65,7,0.0
65,8,0.0
65,9,0.0
65,10,0.0
65,11,0.0
65,12,0.0
65,13,0.0
65,14,0.0
65,15,0.0
65,16,0.0
65,17,0.0
65,18,0.0
65,19,4.609217023283749e-98
65,20,9.109183091703036e-94
65,21,2.5271821157750496e-90
65,22,9.499015669794812e-86
65,23,7.075098165211715e-82
65,24,7.036389368284186e-79
65,25,1.6365570292538577e-76
65,26,1.2861916664384647e-74
65,27,4.413450245299976e-73
65,28,8.010822589650566e-72
65,29,8.909241809825916e-71
65,30,6.791198099372676e-70
65,31,3.860539043400478e-69
65,32,1.7441994812548999e-68
65,33,6.5845834684810834e-68
65,34,2.742815318011787e-67
65,35,1.1003231081944344e-66
65,36,3.795151061703781e-66
65,37,1.1459690150141928e-65
65,38,3.0664244698538894e-65
65,39,7.428764856259528e-65
65,40,1.656708315526548e-64
65,41,3.445723688649973e-64
65,42,6.753697085323912e-64
65,43,1.2580001213770534e-63
65,44,2.242727036684585e-63
65,45,3.851855588282378e-63
65,46,6.850011344702897e-63
65,47,1.2347014415799034e-62
65,48,2.167742630146509e-62
65,49,3.7039404714284673e-62
65,50,6.120995435854423e-62
65,51,9.819173517255329e-62
65,52,1.5340407041919525e-61
65,53,2.340812337344772e-61
65,54,3.497577750283124e-61
65,55,5.128765906115092e-61
65,56,7.395956907820988e-61
65,57,1.0512793303142362e-60
65,58,1.5330192265396047e-60
65,59,2.2742207223924347e-60
65,60,3.3320699102171814e-60
65,61,4.8210422827296724e-60
65,62,6.876872363287988e-60
65,63,9.683459449382226e-60
65,64,1.3477200197530062e-59
65,65,1.8560634157037931e-59
65,66,2.531768344371396e-59
65,67,3.422984986655145e-59
65,68,4.60945563130736e-59
65,69,6.1834734027247605e-59
65,70,8.437807357004885e-59
65,71,1.166227259151978e-58
65,72,1.5973222690937602e-58
65,73,2.168261832667855e-58
65,74,2.9179660475958785e-58
65,75,3.8946180071541865e-58
65,76,5.1576919600658096e-58
65,77,6.780267489773639e-58
65,78,8.85240971888117e-58
65,79,1.1487258364287556e-57
65,80,1.4988305377389618e-57
65,81,1.9643544838261727e-57
65,82,2.589735141391127e-57
65,83,3.4278434777000656e-57
65,84,4.505410763521632e-57
65,85,5.881611218870998e-57
65,86,7.630023451433787e-57
65,87,9.840902807652771e-57
65,88,1.2626416849991727e-56
65,89,1.6123264956879724e-56
65,90,2.0492564751385837e-56
65,91,2.593875767984486e-56
65,92,3.362299595628801e-56
65,93,4.45027018179481e-56
65,94,5.86329643160739e-56
65,95,7.688279726563856e-56
65,96,1.0018664095848928e-55
65,97,1.2971601985504977e-55
65,98,1.6691812644125575e-55
65,99,2.135329251320855e-55
65,100,2.7138718701023816e-55
65,101,3.42816411678714e-55
65,102,4.411169120348549e-55
65,103,5.755491881331225e-55
65,104,7.411413448372241e-55
65,105,9.394525470699457e-55
65,106,1.1698868968088826e-54
65,107,1.42944135654026e-54
65,108,1.7131232706778075e-54
65,109,2.0130740880573568e-54
65,110,2.3304005190258257e-54
65,111,2.653370062169028e-54
65,112,2.961244256090831e-54
65,113,3.233949124787953e-54
65,114,3.4394144430376276e-54
65,115,3.562142340930795e-54
65,116,3.593125262627475e-54
65,117,3.5311153124730313e-54
65,118,3.3784855773217406e-54
65,119,3.1470518663254053e-54
65,120,2.839702031259665e-54
65,121,2.481792349823295e-54
65,122,2.1113983349658216e-54
65,123,1.75693300416909e-54
65,124,1.4418217293969108e-54
65,125,1.1844043955086965e-54
65,126,9.9934156129995e-55
65,127,8.999246459728402e-55
66,0,0.0
66,1,0.0
66,2,0.0
66,3,0.0
66,4,0.0
66,5,0.0
66,6,0.0
66,7,0.0
66,8,0.0
66,9,0.0
66,10,0.0
66,11,0.0
66,12,0.0
66,13,5.76888837880868e-120
66,14,8.923047216151872e-116
66,15,9.052681006667523e-112
66,16,6.326420340622422e-108
66,17,3.0030980711772955e-104
66,18,9.065853237890272e-101
66,19,1.4018850472243457e-97
66,20,1.7075624051411303e-94
66,21,7.959306299570021e-92
66,22,1.2281983608677238e-88
66,23,3.847931582028103e-86
66,24,2.648480950252086e-84
66,25,7.33544988362923e-83
66,26,1.0713413497586805e-81
66,27,9.612302783338487e-81
66,28,5.910880090089508e-80
66,29,2.712561206187537e-79
66,30,9.92340901574693e-79
66,31,3.042734403103062e-78
66,32,8.123513981918617e-78
66,33,1.9473284739677512e-77
66,34,4.967382949117512e-77
66,35,1.2593817623796967e-76
66,36,2.9083089313235655e-76
66,37,6.178321586506006e-76
66,38,1.2145292015485532e-75
66,39,2.238778723494538e-75
66,40,3.910260366701701e-75
66,41,6.525323039835381e-75
66,42,1.0474524475733203e-74
66,43,1.6262670342321958e-74
66,44,2.4538173985185264e-74
66,45,3.614789328076931e-74
66,46,5.466596487531249e-74
66,47,8.382523332496385e-74
66,48,1.2654885911055827e-73
66,49,1.8800164427544564e-73
66,50,2.734728615934469e-73
66,51,3.9037549378900676e-73
66,52,5.4793713532458815e-73
66,53,7.576731601645163e-73
66,54,1.0339042269602945e-72
66,55,1.3944295630216977e-72
66,56,1.8614961047604754e-72
66,57,2.464068668769669e-72
66,58,3.338049072736479e-72
66,59,4.604316821679801e-72
66,60,6.311582540908979e-72
66,61,8.594028846877146e-72
66,62,1.1603661309750077e-71
66,63,1.5548873334331524e-71
66,64,2.0695737587013025e-71
66,65,2.738377146260363e-71
66,66,3.604163692471018e-71
66,67,4.7199436337254e-71
66,68,6.1757452045122e-71
66,69,8.073460334290447e-71
66,70,1.0746737582841397e-70
66,71,1.4515271950418867e-70
66,72,1.948843362782388e-70
66,73,2.600495466150496e-70
66,74,3.44867070244078e-70
66,75,4.545745563859019e-70
66,76,5.956667792289468e-70
66,77,7.761990750540153e-70
66,78,1.0062138696459599e-69
66,79,1.2984930999884896e-69
66,80,1.687249772351273e-69
66,81,2.2056230913551823e-69
66,82,2.9042694784951485e-69
66,83,3.8447197016231714e-69
66,84,5.060581908226413e-69
66,85,6.624147682721181e-69
66,86,8.627266242726673e-69
66,87,1.1185449435802172e-68
66,88,1.444602764918172e-68
66,89,1.8593713005679304e-68
66,90,2.384848844173508e-68
66,91,3.0490669018845664e-68
66,92,4.001585955770738e-68
66,93,5.376056519090045e-68
66,94,7.200002543543799e-68
66,95,9.611833695304484e-68
66,96,1.2765682451176598e-67
66,97,1.685977728331519e-67
66,98,2.2149173013585266e-67
66,99,2.8953151977335815e-67
66,100,3.761670249778482e-67
66,101,4.858590128259582e-67
66,102,6.410292075800591e-67
66,103,8.591749637053738e-67
66,104,1.1350700079383467e-66
66,105,1.47298929664961e-66
66,106,1.8723201427031834e-66
66,107,2.3271321973933157e-66
66,108,2.8267416238689486e-66
66,109,3.354225602895414e-66
66,110,3.9067839039955564e-66
66,111,4.4577591944944704e-66
66,112,4.962583988349524e-66
66,113,5.379234979324353e-66
66,114,5.64938911630042e-66
66,115,5.747955269931854e-66
66,116,5.666099571500768e-66
66,117,5.412691721863818e-66
66,118,5.004167815627671e-66
66,119,4.4759736239699714e-66
66,120,3.8456133631028937e-66
66,121,3.1695765844610034e-66
66,122,2.5216278780951715e-66
66,123,1.9445306659957652e-66
66,124,1.4655788952133417e-66
66,125,1.0986849656527653e-66
66,126,8.491640711471873e-67
66,127,7.204403251417603e-67
67,0,1.169536172863419e-145
67,1,5.954829798696711e-145
67,2,9.66042789731197e-144
67,3,1.780280354485855e-142
67,4,3.5232108549433095e-141
67,5,7.327470031315258e-140
67,6,1.60049374719908e-138
67,7,3.546732115861641e-137
67,8,4.18262711762009e-135
67,9,9.447039004885094e-133
67,10,9.263919836721735e-130
67,11,1.809686438275336e-126
67,12,5.074325673723567e-123
67,13,1.7685257805259203e-119
67,14,5.620707528925406e-116
67,15,1.1491847509569973e-112
67,16,1.1053612469946214e-109
67,17,4.376597880922721e-107
67,18,7.807657479542024e-105
67,19,7.045430997763937e-103
67,20,4.944037543363008e-101
67,21,1.9765716588658098e-99
67,22,1.5185553508944145e-97
67,23,4.940720470164361e-96
67,24,6.139841205267109e-95
67,25,4.565629079433707e-94
67,26,2.385151975581776e-93
67,27,9.442875455398893e-93
67,28,2.993093257192345e-92
67,29,7.955496074205548e-92
67,30,1.8416789384201914e-91
67,31,3.8258895319961113e-91
67,32,7.300755252048065e-91
67,33,1.3051362374087537e-90
67,34,2.4284399307296455e-90
67,35,4.539818679785739e-90
67,36,8.015501509676294e-90
67,37,1.343184271165401e-89
67,38,2.1427231213822596e-89
67,39,3.281294483263938e-89
67,40,4.8553627799947306e-89
67,41,6.979358166594119e-89
67,42,9.78928705210848e-89
67,43,1.3446223500069636e-88
67,44,1.8145549437589123e-88
67,45,2.4138036511086285e-88
67,46,3.2818017045569815e-88
67,47,4.528869222334524e-88
67,48,6.204785905500809e-88
67,49,8.436792197936057e-88
67,50,1.1337117855289957e-87
67,51,1.5072312416973978e-87
67,52,1.9843974394635211e-87
67,53,2.5901997687749837e-87
67,54,3.355569461963721e-87
67,55,4.318901513276743e-87
67,56,5.528353287451657e-87
67,57,7.047640723555164e-87
67,58,9.196303614982421e-87
67,59,1.2243772410122424e-86
67,60,1.6277230698616616e-86
67,61,2.1587560384168414e-86
67,62,2.8506667948616278e-86
67,63,3.7499670407750385e-86
67,64,4.917037223543482e-86
67,65,6.43034235371439e-86
67,66,8.390381251335271e-86
67,67,1.0921888148447078e-85
67,68,1.4238325097591368e-85
67,69,1.8584489532747283e-85
67,70,2.4749225064592486e-85
67,71,3.3513991543370273e-85
67,72,4.5190461376385664e-85
67,73,6.065356151902066e-85
67,74,8.100655206397588e-85
67,75,1.0764253444056387e-84
67,76,1.423188978895859e-84
67,77,1.872617455122464e-84
67,78,2.45305679951687e-84
67,79,3.20128317487985e-84
67,80,4.212420086907526e-84
67,81,5.584028921030248e-84
67,82,7.465619158568773e-84
67,83,1.0045435171025785e-83
67,84,1.3444931279058438e-83
67,85,1.790372426635276e-83
67,86,2.3734494191621533e-83
67,87,3.134280401600279e-83
67,88,4.126191531274605e-83
67,89,5.418352322140919e-83
67,90,7.09497566664536e-83
67,91,9.264538535365448e-83
67,92,1.2458990282415399e-82
67,93,1.7204972494785346e-82
67,94,2.3707728368228442e-82
67,95,3.2600890628210536e-82
67,96,4.462512963353145e-82
67,97,6.076405699730898e-82
67,98,8.23383976559284e-82
67,99,1.110755542715501e-81
67,100,1.4892535532162174e-81
67,101,1.9845948223350841e-81
67,102,2.7109041448231852e-81
67,103,3.7692255124794586e-81
67,104,5.154815709993304e-81
67,105,6.90345060470145e-81
67,106,9.01874166770623e-81
67,107,1.1468360430726157e-80
67,108,1.4185047687283974e-80
67,109,1.705842410364225e-80
67,110,2.0043903102771344e-80
67,111,2.2957930180247205e-80
67,112,2.5508000002776216e-80
67,113,2.74264430981888e-80
67,114,2.839140529981833e-80
67,115,2.8293528845135218e-80
67,116,2.7144670628016024e-80
67,117,2.507563283808675e-80
67,118,2.2260987870132858e-80
67,119,1.8978297478539678e-80
67,120,1.5389926044249196e-80
67,121,1.1839099126458133e-80
67,122,8.704655201686763e-81
67,123,6.134868662549094e-81
67,124,4.172926718583565e-81
67,125,2.7877632239737947e-81
67,126,1.9125294254098971e-81
67,127,1.4852994422026945e-81
68,0,8.056007019834775e-145
68,1,2.5234795574420736e-144
68,2,2.6165535693164903e-143
68,3,3.1187274208932873e-142
68,4,4.003876732650706e-141
68,5,5.369389671535734e-140
68,6,7.4430646733502e-139
68,7,1.0190345092782314e-137
68,8,5.1444697255167325e-136
68,9,4.134887676657275e-134
68,10,8.122079205526625e-132
68,11,2.014319916396487e-129
68,12,4.421193114170671e-127
68,13,8.22052349759251e-125
68,14,1.1835861512826057e-122
68,15,1.161880142801223e-120
68,16,6.60977703100953e-119
68,17,2.0651076597096197e-117
68,18,3.9912635567319494e-116
68,19,5.330329203097975e-115
68,20,6.434826984200514e-114
68,21,5.90743336490122e-113
68,22,8.222391285114965e-112
68,23,7.045238554932977e-111
68,24,3.1691152198987416e-110
68,25,1.0719567454507969e-109
68,26,3.005126885000845e-109
68,27,7.20394018933012e-109
68,28,1.5120897016851278e-108
68,29,2.847438784284997e-108
68,30,4.918544640423564e-108
68,31,7.939524110301013e-108
68,32,1.2159207251536423e-107
68,33,1.7906260617003816e-107
68,34,2.7064389552205664e-107
68,35,4.125042767928018e-107
68,36,6.08189772692536e-107
68,37,8.691192947559064e-107
68,38,1.2057618181941984e-106
68,39,1.6324702508464103e-106
68,40,2.16546244081085e-106
68,41,2.8237038321526574e-106
68,42,3.6298248052845133e-106
68,43,4.610560315278718e-106
68,44,5.799233305396869e-106
68,45,7.240873103172495e-106
68,46,9.227414650633208e-106
68,47,1.195819402976013e-105
68,48,1.5487320695164527e-105
68,49,2.003842986248169e-105
68,50,2.5799665744437904e-105
68,51,3.305925516245082e-105
68,52,4.216343480980491e-105
68,53,5.354946387580349e-105
68,54,6.776682526667346e-105
68,55,8.550770166270567e-105
68,56,1.07653666398988e-104
68,57,1.3539022945423533e-104
68,58,1.745859693446581e-104
68,59,2.3032883650306674e-104
68,60,3.0446347128960166e-104
68,61,4.0268427733361476e-104
68,62,5.317072453461598e-104
68,63,7.011082137648907e-104
68,64,9.236292976655402e-104
68,65,1.2162648766817096e-103
68,66,1.6012949617971363e-103
68,67,2.106785383048858e-103
68,68,2.780756097302413e-103
68,69,3.680017611081363e-103
68,70,4.981239820048267e-103
68,71,6.870915007805584e-103
68,72,9.443867739629653e-103
68,73,1.292776888083288e-102
68,74,1.7615570524583455e-102
68,75,2.388596889544672e-102
68,76,3.222773414678651e-102
68,77,4.3276075103702175e-102
68,78,5.786037476223961e-102
68,79,7.708104223072242e-102
68,80,1.0367364305931215e-101
68,81,1.4064132311953533e-101
68,82,1.926333509011661e-101
68,83,2.6574340435261427e-101
68,84,3.645872184685158e-101
68,85,4.9764013929248936e-101
68,86,6.76291878931576e-101
68,87,9.15816038271103e-101
68,88,1.236971802786613e-100
68,89,1.6676905547243412e-100
68,90,2.242960354349627e-100
68,91,3.008665064311846e-100
68,92,4.1722035844787956e-100
68,93,5.961581309468067e-100
68,94,8.507524362835325e-100
68,95,1.2129286870414642e-99
68,96,1.7220530606677745e-99
68,97,2.4324410026251094e-99
68,98,3.42041957721638e-99
68,99,4.790640542547853e-99
68,100,6.6672867865720084e-99
68,101,9.219096534263712e-99
68,102,1.311913858745136e-98
68,103,1.9041631043906298e-98
68,104,2.7111032171009216e-98
68,105,3.765051909801509e-98
68,106,5.074398411454257e-98
68,107,6.619199338037702e-98
68,108,8.349783828954695e-98
68,109,1.0181176623488226e-97
68,110,1.2061154856398985e-97
68,111,1.384241794290228e-97
68,112,1.5301977239313295e-97
68,113,1.6246211087641817e-97
68,114,1.6480242844153892e-97
68,115,1.5971496565782508e-97
68,116,1.4787997293992796e-97
68,117,1.3083181180959208e-97
68,118,1.1030554164855633e-97
68,119,8.85323349493904e-98
68,120,6.681716742344431e-98
68,121,4.7218528850255234e-98
68,122,3.154052586263224e-98
68,123,1.994312221671829e-98
68,124,1.1987073711976453e-98
68,125,6.9455802184797e-99
68,126,4.067406953714408e-99
68,127,2.7694675961832347e-99
69,0,1.919534455690438e-150
69,1,2.293156231441437e-150
69,2,9.119711527989929e-150
69,3,4.070214664976251e-149
69,4,1.9118374021358186e-148
69,5,9.186931804327705e-148
69,6,4.480812777699073e-147
69,7,2.1254812723193954e-146
69,8,2.0495385199461526e-145
69,9,2.7924771193683715e-144
69,10,6.066207288670545e-143
69,11,1.631340218227663e-141
69,12,4.060716933981207e-140
69,13,9.286604579236564e-139
69,14,1.85036966677956e-137
69,15,2.9249028333212017e-136
69,16,3.19588432891131e-135
69,17,2.3169023644000598e-134
69,18,1.255736656030907e-133
69,19,5.627717975020013e-133
69,20,2.508584061674262e-132
69,21,9.87259102061688e-132
69,22,5.311859912124975e-131
69,23,2.057315944086129e-130
69,24,5.013346567712949e-130
69,25,1.046774395659752e-129
69,26,1.9918805304017895e-129
69,27,3.476407770274426e-129
69,28,5.6001995982178066e-129
69,29,8.429257825489268e-129
69,30,1.2014118789157931e-128
69,31,1.6413436855939553e-128
69,32,2.171914417174543e-128
69,33,2.8111274996919715e-128
69,34,3.702834250339747e-128
69,35,4.928655656986758e-128
69,36,6.453749121980296e-128
69,37,8.313960869292214e-128
69,38,1.0545927343630897e-127
69,39,1.3211788822383804e-127
69,40,1.638031839131869e-127
69,41,2.0135144926161044e-127
69,42,2.458025056988064e-127
69,43,2.983981256656904e-127
69,44,3.6074009934547293e-127
69,45,4.350672079922274e-127
69,46,5.358213390830397e-127
69,47,6.72766859370594e-127
69,48,8.484303010802898e-127
69,49,1.0742363774792211e-126
69,50,1.360091216989414e-126
69,51,1.7207911754169164e-126
69,52,2.174072398017719e-126
69,53,2.7428788857340958e-126
69,54,3.45661005648051e-126
69,55,4.352986885403221e-126
69,56,5.4809088334554433e-126
69,57,6.906987995336292e-126
69,58,8.946852528882924e-126
69,59,1.189213007971523e-125
69,60,1.5875611241797212e-125
69,61,2.1245848914314655e-125
69,62,2.8431204842116175e-125
69,63,3.8052449807454285e-125
69,64,5.095920034074701e-125
69,65,6.831866662540359e-125
69,66,9.170502134887021e-125
69,67,1.2314504564496039e-124
69,68,1.661101641696023e-124
69,69,2.2486651758352196e-124
69,70,3.121909492340348e-124
69,71,4.425789641946191e-124
69,72,6.251787049325606e-124
69,73,8.794679672018196e-124
69,74,1.231121012140684e-123
69,75,1.714198584803663e-123
69,76,2.373767152778118e-123
69,77,3.26998746639599e-123
69,78,4.483506013413505e-123
69,79,6.123946580082162e-123
69,80,8.454994206317176e-123
69,81,1.1785954121931518e-122
69,82,1.6601951795825855e-122
69,83,2.3564322181190347e-122
69,84,3.324346979316712e-122
69,85,4.664208837322485e-122
69,86,6.514957743407645e-122
69,87,9.06938811326565e-122
69,88,1.2598820948569367e-121
69,89,1.7482429484732772e-121
69,90,2.421006915817549e-121
69,91,3.343889815991122e-121
69,92,4.7943340362978746e-121
69,93,7.109104381768367e-121
69,94,1.053942850805195e-120
69,95,1.5632433463173854e-120
69,96,2.310073404967587e-120
69,97,3.397110574155534e-120
69,98,4.975887939866167e-120
69,99,7.264982117080096e-120
69,100,1.0537938227829029e-119
69,101,1.518097265642195e-119
69,102,2.2610819631158612e-119
69,103,3.442180966391199e-119
69,104,5.123953894458645e-119
69,105,7.404631943596974e-119
69,106,1.0319870934252313e-118
69,107,1.3825220133810786e-118
69,108,1.7786330591167093e-118
69,109,2.196494333968946e-118
69,110,2.6171158918364117e-118
69,111,2.9984109780333407e-118
69,112,3.280414468968029e-118
69,113,3.415564115606155e-118
69,114,3.367104243744486e-118
69,115,3.1425862941268316e-118
69,116,2.7769721862945463e-118
69,117,2.3236207393983713e-118
69,118,1.834595916943923e-118
69,119,1.364818111553522e-118
69,120,9.420788010592839e-119
69,121,5.997329187490184e-119
69,122,3.5653265896848034e-119
69,123,1.9800149633377428e-119
69,124,1.0289270214857329e-119
69,125,5.045371451635345e-120
69,126,2.431656569132279e-120
69,127,1.3766818840624755e-120
70,0,1.0325939497773055e-166
70,1,6.382422268197914e-167
70,2,1.3397333248820414e-166
70,3,3.1655728448588177e-166
70,4,7.881650262083209e-166
70,5,2.0090534046428176e-165
70,6,5.200684262251295e-165
70,7,1.3106803116789887e-164
70,8,5.009172495913041e-164
70,9,2.448831349799128e-163
70,10,1.5612960850005621e-162
70,11,1.1989420416922054e-161
70,12,8.803631180423914e-161
70,13,6.236322798695372e-160
70,14,4.1132098476594175e-159
70,15,2.338449129916437e-158
70,16,1.0111760189438228e-157
70,17,3.2138316251962744e-157
70,18,8.463378931594203e-157
70,19,2.0322273823088867e-156
70,20,5.12941238142746e-156
70,21,1.23158577050374e-155
70,22,3.8469082101981286e-155
70,23,9.17404766486871e-155
70,24,1.5273531984775267e-154
70,25,2.3504763467397894e-154
70,26,3.4869700111664486e-154
70,27,4.9500472479169487e-154
70,28,6.701673612221308e-154
70,29,8.700046412161499e-154
70,30,1.0918743195914661e-153
70,31,1.335826303083238e-153
70,32,1.6052279526940295e-153
70,33,1.9090404716064513e-153
70,34,2.300393255067078e-153
70,35,2.807742664481363e-153
70,36,3.413385567234551e-153
70,37,4.127524577883021e-153
70,38,4.96561866309111e-153
70,39,5.951858719504756e-153
70,40,7.110989594536499e-153
70,41,8.473622799296008e-153
70,42,1.0078723463388035e-152
70,43,1.1972625585190863e-152
70,44,1.4216183614947035e-152
70,45,1.6895230356833759e-152
70,46,2.0535686321209917e-152
70,47,2.551321628156947e-152
70,48,3.1951293414348497e-152
70,49,4.031766385299695e-152
70,50,5.104088374609538e-152
70,51,6.473635585343898e-152
70,52,8.214278743918746e-152
70,53,1.0423901137145762e-151
70,54,1.3230471765297103e-151
70,55,1.6801387005047025e-151
70,56,2.1357735449532396e-151
70,57,2.7204554751044576e-151
70,58,3.5718247706612246e-151
70,59,4.826699563055382e-151
70,60,6.561952078199552e-151
70,61,8.953932956983456e-151
70,62,1.2228593710167115e-150
70,63,1.6719373207857355e-150
70,64,2.2896430270315044e-150
70,65,3.142634649135752e-150
70,66,4.323631819915173e-150
70,67,5.955046870510072e-150
70,68,8.247775244799006e-150
70,69,1.1471285954248841e-149
70,70,1.6407218216285627e-149
70,71,2.40067288306964e-149
70,72,3.4981295380480533e-149
70,73,5.073501294764209e-149
70,74,7.3165012447985465e-149
70,75,1.0485337795537557e-148
70,76,1.4930000031301448e-148
70,77,2.1129934046830574e-148
70,78,2.974455116997014e-148
70,79,4.169239394840988e-148
70,80,5.913295543788768e-148
70,81,8.475380329777503e-148
70,82,1.2282084630887125e-147
70,83,1.7936077332337347e-147
70,84,2.6011532156608057e-147
70,85,3.7496750256828793e-147
70,86,5.380349809901865e-147
70,87,7.695834394588114e-147
70,88,1.0991669507941297e-146
70,89,1.5697074696580522e-146
70,90,2.238381844051689e-146
70,91,3.1838360526987932e-146
70,92,4.721155998600602e-146
70,93,7.269221482029227e-146
70,94,1.1208030134926286e-145
70,95,1.732450520668629e-145
70,96,2.6701670551338538e-145
70,97,4.097620142922679e-145
70,98,6.2694426400493674e-145
70,99,9.573533456984932e-145
70,100,1.452335856780401e-144
70,101,2.1877737340908728e-144
70,102,3.425510155742689e-144
70,103,5.49447744396179e-144
70,104,8.586401085790077e-144
70,105,1.2954057974661081e-143
70,106,1.8708188038247995e-143
70,107,2.5759664223183743e-143
70,108,3.3781192517543987e-143
70,109,4.217628607588396e-143
70,110,5.03819495586258e-143
70,111,5.73527712741166e-143
70,112,6.170584320004938e-143
70,113,6.249670801031495e-143
70,114,5.9294902363975195e-143
70,115,5.269931085189673e-143
70,116,4.38786329168688e-143
70,117,3.4231539587478137e-143
70,118,2.490988043718115e-143
70,119,1.687639127592629e-143
70,120,1.0446434512937355e-143
70,121,5.859494668990618e-144
70,122,3.028619606396477e-144
70,123,1.4423116396229587e-144
70,124,6.329375815855058e-145
70,125,2.568585229883272e-145
70,126,9.915414879191746e-146
70,127,4.430283910087638e-146
71,0,9.576777410366587e-192
71,1,4.138961503913567e-192
71,2,6.106467840224581e-192
71,3,1.0144085227806286e-191
71,4,1.775962047202203e-191
71,5,3.184927880809932e-191
71,6,5.803336223292747e-191
71,7,1.0305662815346837e-190
71,8,2.4070844354992776e-190
71,9,6.675972717430764e-190
71,10,2.1927579745140643e-189
71,11,8.408774799662365e-189
71,12,3.133819528775238e-188
71,13,1.1548312375868628e-187
71,14,4.0993542861222016e-187
71,15,1.3093315711616999e-186
71,16,3.343724036571199e-186
71,17,6.624662543108479e-186
71,18,1.1486661279982315e-185
71,19,1.913961761820493e-185
71,20,3.4547349182093207e-185
71,21,6.158515601714331e-185
71,22,1.3886292070790262e-184
71,23,2.4397937097889567e-184
71,24,3.1819595368703917e-184
71,25,4.0162601380781547e-184
71,26,5.060468570779161e-184
71,27,6.268865753128832e-184
71,28,7.566870997397693e-184
71,29,8.912520971035152e-184
71,30,1.0293366183128475e-183
71,31,1.1724901607846004e-183
71,32,1.324718096051906e-183
71,33,1.4936130753873078e-183
71,34,1.7037437346432093e-183
71,35,1.9743450311455236e-183
71,36,2.3000587427955416e-183
71,37,2.686741676047011e-183
71,38,3.1458705854378575e-183
71,39,3.6927142493096627e-183
71,40,4.3415990793107395e-183
71,41,5.110701874564791e-183
71,42,6.02385812090906e-183
71,43,7.10939537618867e-183
71,44,8.405209081272834e-183
71,45,9.965025550879778e-183
71,46,1.2104431960847467e-182
71,47,1.50636994095343e-182
71,48,1.8942686009645532e-182
71,49,2.4062152555006278e-182
71,50,3.0732774045610625e-182
71,51,3.938595919092836e-182
71,52,5.0540279398279025e-182
71,53,6.489837366756247e-182
71,54,8.339664520557391e-182
71,55,1.0728346713398543e-181
71,56,1.3823885646389753e-181
71,57,1.786132178265272e-181
71,58,2.3855534521216725e-181
71,59,3.2889624270678133e-181
71,60,4.5682273195178087e-181
71,61,6.373588159797255e-181
71,62,8.905268365150716e-181
71,63,1.2464841701733363e-180
71,64,1.7490627109312677e-180
71,65,2.46244868004467e-180
71,66,3.478815517927921e-180
71,67,4.923002113797357e-180
71,68,7.012466024142255e-180
71,69,1.0035492824906064e-179
71,70,1.480839894427232e-179
71,71,2.238974564857273e-179
71,72,3.3681517692161625e-179
71,73,5.038779968085616e-179
71,74,7.486421879063067e-179
71,75,1.1039200298164534e-178
71,76,1.615146164341673e-178
71,77,2.3460223954952198e-178
71,78,3.386238394463639e-178
71,79,4.863658737581575e-178
71,80,7.074902597050831e-178
71,81,1.0408197430723329e-177
71,82,1.5484499622358675e-177
71,83,2.320809686931422e-177
71,84,3.4506542410663857e-177
71,85,5.09663979494073e-177
71,86,7.492099255658975e-177
71,87,1.0983213854866038e-176
71,88,1.609326030102517e-176
71,89,2.361216644629142e-176
71,90,3.462315475939985e-176
71,91,5.065470829561929e-176
71,92,7.760506567414884e-176
71,93,1.2399718610151136e-175
71,94,1.9886944662435916e-175
71,95,3.207010911862196e-175
71,96,5.163892029528491e-175
71,97,8.287450816448704e-175
71,98,1.328278439092862e-174
71,99,2.1289337454027746e-174
71,100,3.390885224621955e-174
71,101,5.363610141796961e-174
71,102,8.87409385627106e-174
71,103,1.5077905817020801e-173
71,104,2.485946421325437e-173
71,105,3.931301225234414e-173
71,106,5.899007135278553e-173
71,107,8.358572338435763e-173
71,108,1.117138508719433e-172
71,109,1.4078963297263145e-172
71,110,1.6809172183778873e-172
71,111,1.8923420962546386e-172
71,112,1.9892379269828002e-172
71,113,1.9434937092995588e-172
71,114,1.756920898702812e-172
71,115,1.4696975723489792e-172
71,116,1.1378224137067104e-172
71,117,8.154188825750984e-173
71,118,5.3791847443842254e-173
71,119,3.2587180352153544e-173
71,120,1.7723792162934956e-173
71,121,8.558816924476768e-174
71,122,3.752677988242778e-174
71,123,1.4936050516182814e-174
71,124,5.394129966642158e-175
71,125,1.7692283660256813e-175
71,126,5.3554631970723584e-176
71,127,1.8078914655382233e-176
72,0,1.4720415633501535e-224
72,1,5.2644141108290065e-225
72,2,6.42707428351205e-225
72,3,8.803338651340355e-225
72,4,1.267670959494208e-224
72,5,1.868147781425068e-224
72,6,2.7960533920061815e-224
72,7,4.0792936417943033e-224
72,8,7.272461700774151e-224
72,9,1.4658618211802186e-223
72,10,3.3306327680072143e-223
72,11,8.624885535294115e-223
72,12,2.186862572654765e-222
72,13,5.547580478872598e-222
72,14,1.3786057301234417e-221
72,15,3.1502934406705356e-221
72,16,5.906306236151717e-221
72,17,8.83843223817405e-221
72,18,1.1919596620246446e-220
72,19,1.589569280503171e-220
72,20,2.3339878079011126e-220
72,21,3.4520588876803728e-220
72,22,6.344582709799046e-220
72,23,9.149363084769226e-220
72,24,1.0171535194574484e-219
72,25,1.1268262458449199e-219
72,26,1.2748860337555338e-219
72,27,1.4440327209431225e-219
72,28,1.6172439300041554e-219
72,29,1.7892085400683233e-219
72,30,1.960443245852641e-219
72,31,2.1360156473189336e-219
72,32,2.324398970099184e-219
72,33,2.5390065981112162e-219
72,34,2.80653325204877e-219
72,35,3.161718105324745e-219
72,36,3.605253952094774e-219
72,37,4.14575636032093e-219
72,38,4.803644077534456e-219
72,39,5.6035033789191924e-219
72,40,6.566620472362048e-219
72,41,7.721121079978199e-219
72,42,9.105348049076756e-219
72,43,1.0764930623045256e-218
72,44,1.276216082306106e-218
72,45,1.5185861686061745e-218
72,46,1.8542817409228027e-218
72,47,2.324067263534714e-218
72,48,2.9481686418450884e-218
72,49,3.784979812906788e-218
72,50,4.893878779790057e-218
72,51,6.355036400638881e-218
72,52,8.264564946535854e-218
72,53,1.0755410482823635e-217
72,54,1.4007913293102955e-217
72,55,1.826683651496131e-217
72,56,2.3867637262261475e-217
72,57,3.1286715093642138e-217
72,58,4.250906393782333e-217
72,59,5.9794708630937115e-217
72,60,8.48462023817805e-217
72,61,1.2100947537132243e-216
72,62,1.729081298499179e-216
72,63,2.4766168906700626e-216
72,64,3.55935110141875e-216
72,65,5.1386294807154075e-216
72,66,7.453690514064168e-216
72,67,1.0836548959746477e-215
72,68,1.5874496076116215e-215
72,69,2.337275000751807e-215
72,70,3.5573760635009976e-215
72,71,5.555271242681469e-215
72,72,8.620613705489452e-215
72,73,1.3288133290735663e-214
72,74,2.0311336327249768e-214
72,75,3.076016926223492e-214
72,76,4.614145882916012e-214
72,77,6.8609058104757725e-214
72,78,1.0125686578385512e-213
72,79,1.4858818122140492e-213
72,80,2.209897599534139e-213
72,81,3.326327860785691e-213
72,82,5.0619924418643004e-213
72,83,7.755214932262461e-213
72,84,1.1771780910515427e-212
72,85,1.7739027122530328e-212
72,86,2.660513489381446e-212
72,87,3.982259026423251e-212
72,88,5.966761400013162e-212
72,89,8.971300330374749e-212
72,90,1.349916715641351e-211
72,91,2.0278758187765257e-211
72,92,3.2051462849583217e-211
72,93,5.309912797131886e-211
72,94,8.860886838407585e-211
72,95,1.4930390113663454e-210
72,96,2.517306726818761e-210
72,97,4.237602194963406e-210
72,98,7.142236254035784e-210
72,99,1.2072824239252462e-209
72,100,2.0293214555337415e-209
72,101,3.3893110688687876e-209
72,102,5.965930333562416e-209
72,103,1.081410651920505e-208
72,104,1.893573699063444e-208
72,105,3.156395371613996e-208
72,106,4.9407951667959595e-208
72,107,7.221902989980934e-208
72,108,9.846013420427029e-208
72,109,1.251838557551908e-207
72,110,1.4906030376431091e-207
72,111,1.6532906346804985e-207
72,112,1.688572710712886e-207
72,113,1.5795377095407175e-207
72,114,1.3480912791443081e-207
72,115,1.0499786434013752e-207
72,116,7.465032424304883e-208
72,117,4.846305331298114e-208
72,118,2.8535147566390816e-208
72,119,1.5192711654953017e-208
72,120,7.123149013471806e-209
72,121,2.897417593813651e-209
72,122,1.0528311493391489e-209
72,123,3.4171362831383925e-210
72,124,9.902425652670074e-211
72,125,2.561956665322296e-211
72,126,5.964409079790749e-212
72,127,1.473066740900886e-212
73,0,4.320976198489811e-265
73,1,1.3950485366287747e-265
73,2,1.5408860087822365e-265
73,3,1.900724401323499e-265
73,4,2.4550044230192053e-265
73,5,3.2374368325336777e-265
73,6,4.3285175185352557e-265
73,7,5.636138142480751e-265
73,8,8.603906017863122e-265
73,9,1.4385195703898619e-264
73,10,2.637109174145459e-264
73,11,5.418689831008311e-264
73,12,1.0937033286392022e-263
73,13,2.2206711399165826e-263
73,14,4.453359009304452e-263
73,15,8.303573682961162e-263
73,16,1.287634767224989e-262
73,17,1.618463152385114e-262
73,18,1.8634983486481577e-262
73,19,2.1566764271285037e-262
73,20,2.7735042660569206e-262
73,21,3.6340818185153913e-262
73,22,5.849230972324381e-262
73,23,7.409258880296194e-262
73,24,7.415144866170972e-262
73,25,7.53941093282176e-262
73,26,7.950055835968837e-262
73,27,8.497161290928045e-262
73,28,9.071717926757246e-262
73,29,9.651683932915432e-262
73,30,1.0241938634838118e-261
73,31,1.0868899534111677e-261
73,32,1.157447786634574e-261
73,33,1.242241967295707e-261
73,34,1.3505410994820081e-261
73,35,1.5009827067430496e-261
73,36,1.6968657398221344e-261
73,37,1.9421480497823695e-261
73,38,2.247924418204747e-261
73,39,2.6267907075589734e-261
73,40,3.0886865786050553e-261
73,41,3.6473195707875488e-261
73,42,4.322166666044267e-261
73,43,5.136308670454304e-261
73,44,6.121931384471863e-261
73,45,7.3252534162097775e-261
73,46,9.004981573613454e-261
73,47,1.1378668175214652e-260
73,48,1.4569137916934262e-260
73,49,1.890978785879418e-260
73,50,2.4753634507454604e-260
73,51,3.256455381378968e-260
73,52,4.289307044339683e-260
73,53,5.6515832950632074e-260
73,54,7.450347279977285e-260
73,55,9.833333995780257e-260
73,56,1.3006575723394708e-259
73,57,1.7267276441972045e-259
73,58,2.382099426871001e-259
73,59,3.412171029671524e-259
73,60,4.937618208778336e-259
73,61,7.185765131605123e-259
73,62,1.0481360427340874e-258
73,63,1.5336121557272732e-258
73,64,2.253980248651074e-258
73,65,3.332684682599285e-258
73,66,4.958716060816245e-258
73,67,7.400355991897144e-258
73,68,1.1141167251995858e-257
73,69,1.6864682521680486e-257
73,70,2.6454487473727297e-257
73,71,4.262316653863712e-257
73,72,6.813423026983909e-257
73,73,1.0803427430791246e-256
73,74,1.6953976699684597e-256
73,75,2.630464955639031e-256
73,76,4.033637169597742e-256
73,77,6.119721156315902e-256
73,78,9.202252140853116e-256
73,79,1.374579745014872e-255
73,80,2.0821853369911058e-255
73,81,3.194229683423888e-255
73,82,4.950665270107174e-255
73,83,7.715615336808168e-255
73,84,1.1896844397419304e-254
73,85,1.8199457945849502e-254
73,86,2.7717211058086418e-254
73,87,4.217948871674585e-254
73,88,6.439844890782112e-254
73,89,9.896797141193078e-254
73,90,1.5252598443507737e-253
73,91,2.3492800446752755e-253
73,92,3.8271162901109684e-253
73,93,6.57397487181919e-253
73,94,1.1430595131772394e-252
73,95,2.0184008347297178e-252
73,96,3.5771238428263625e-252
73,97,6.345840824681116e-252
73,98,1.1311746743398155e-251
73,99,2.030143303231333e-251
73,100,3.62691959730345e-251
73,101,6.444282366065042e-251
73,102,1.2178172741031646e-250
73,103,2.3771419845064593e-250
73,104,4.4595710475760914e-250
73,105,7.894670747230359e-250
73,106,1.296663105926601e-249
73,107,1.9632437624332002e-249
73,108,2.7372672983995643e-249
73,109,3.514577377448607e-249
73,110,4.1716017816181856e-249
73,111,4.54901510186924e-249
73,112,4.496883939759208e-249
73,113,4.0049836254465936e-249
73,114,3.2038290316718925e-249
73,115,2.303045860122007e-249
73,116,1.4883571238247293e-249
73,117,8.651778209246731e-250
73,118,4.48801808708436e-250
73,119,2.0698530507419528e-250
73,120,8.234146250626974e-251
73,121,2.770296220148359e-251
73,122,8.182517365671558e-252
73,123,2.1221351042647543e-252
73,124,4.8319328893104485e-253
73,125,9.65819462247433e-254
73,126,1.7009686817690915e-254
73,127,3.0154871010793034e-255
74,0,3.89851e-318
74,1,1.03638e-318
74,2,9.1084e-319
74,3,8.9752e-319
74,4,9.2891e-319
74,5,9.8212e-319
74,6,1.0517e-318
74,7,1.095754e-318
74,8,1.23731e-318
74,9,1.428413e-318
74,10,1.71286e-318
74,11,2.28873e-318
74,12,3.15058e-318
74,13,4.39754e-318
74,14,6.711783e-318
74,15,9.631513e-318
74,16,1.21892e-317
74,17,1.30515e-317
74,18,1.3842267e-317
74,19,1.484521e-317
74,20,1.815587e-317
74,21,2.3335783e-317
74,22,3.818771e-317
74,23,5.133604e-317
74,24,5.7154304e-317
74,25,6.66776e-317
74,26,8.281211e-317
74,27,1.0610514e-316
74,28,1.37716787e-316
74,29,1.81893237e-316
74,30,2.4289065e-316
74,31,3.26862744e-316
74,32,4.43852015e-316
74,33,6.0975215e-316
74,34,9.0387611e-316
74,35,1.443345003e-315
74,36,2.48121684e-315
74,37,4.372302786e-315
74,38,7.83832476e-315
74,39,1.456056086e-314
74,40,2.79440956e-314
74,41,5.4624885703e-314
74,42,1.09036075386e-313
74,43,2.20318369244e-313
74,44,4.511488696e-313
74,45,9.39411695765e-313
74,46,2.259199692613e-312
74,47,6.257595616334e-312
74,48,2.360952436783e-311
74,49,5.598341912199e-311
74,50,1.34277627813017e-310
74,51,2.5604129862613e-310
74,52,4.10554876528386e-310
74,53,6.30445921713146e-310
74,54,9.19245452823577e-310
74,55,1.315482687403426e-309
74,56,1.81791932548429e-309
74,57,2.507376344236898e-309
74,58,3.543981242217397e-309
74,59,5.23038772903541e-309
74,60,7.737026061887136e-309
74,61,1.1506239420745487e-308
74,62,1.712504309162623e-308
74,63,2.5567707155012776e-308
74,64,3.836296646803966e-308
74,65,5.802097308951933e-308
74,66,8.847309908971417e-308
74,67,1.354289365092322e-307
74,68,2.0942967875563142e-307
74,69,3.257628357325567e-307
74,70,5.26343244658422e-307
74,71,8.742173353984136e-307
74,72,1.4378093832561062e-306
74,73,2.341621770774142e-306
74,74,3.7655257745959165e-306
74,75,5.971070228621882e-306
74,76,9.332940139908315e-306
74,77,1.4399939741417434e-305
74,78,2.198276674128374e-305
74,79,3.3300810664809493e-305
74,80,5.117886788737764e-305
74,81,7.971324951051268e-305
74,82,1.2528280395761106e-304
74,83,1.9767313772773233e-304
74,84,3.080786498097152e-304
74,85,4.761006991619295e-304
74,86,7.329450990654494e-304
74,87,1.1295942253015648e-303
74,88,1.7522343335334713e-303
74,89,2.747660440198367e-303
74,90,4.333505502405697e-303
74,91,6.841827441666459e-303
74,92,1.1494654162726982e-302
74,93,2.051083250171652e-302
74,94,3.7291591156992487e-302
74,95,6.936870757526797e-302
74,96,1.3002261847163615e-301
74,97,2.447817958422585e-301
74,98,4.651990482884356e-301
74,99,8.944770122703591e-301
74,100,1.7142144929678692e-300
74,101,3.271488502848062e-300
74,102,6.713500652757303e-300
74,103,1.4276235191464381e-299
74,104,2.9006358970976967e-299
74,105,5.504795300059395e-299
74,106,9.55880183948735e-299
74,107,1.5079205206244163e-298
74,108,2.1592795762383535e-298
74,109,2.8076813983860514e-298
74,110,3.3266286651721805e-298
74,111,3.5664951657798017e-298
74,112,3.407150409254607e-298
74,113,2.880156600849104e-298
74,114,2.14978196062351e-298
74,115,1.4179088923086259e-298
74,116,8.270239651098164e-299
74,117,4.2693100442795914e-299
74,118,1.933112580433482e-299
74,119,7.64287709869149e-300
74,120,2.5511737196654346e-300
74,121,7.00836515342198e-301
74,122,1.6600504704002903e-301
74,123,3.392664679063976e-302
74,124,5.984595945085143e-303
74,125,9.115375095959417e-304
74,126,1.2014878792099374e-304
74,127,1.5198363631531808e-305
75,0,0.0
75,1,0.0
75,2,0.0
75,3,0.0
75,4,0.0
75,5,0.0
75,6,0.0
75,7,0.0
75,8,0.0
75,9,0.0
75,10,0.0
75,11,0.0
75,12,0.0
75,13,0.0
75,14,0.0
75,15,0.0
75,16,0.0
75,17,0.0
75,18,0.0
75,19,0.0
75,20,0.0
75,21,0.0
75,22,0.0
75,23,0.0
75,24,0.0
75,25,0.0
75,26,0.0
75,27,0.0
75,28,0.0
75,29,0.0
75,30,0.0
75,31,0.0
75,32,0.0
75,33,0.0
75,34,0.0
75,35,0.0
75,36,0.0
75,37,0.0
75,38,0.0
75,39,0.0
75,40,0.0
75,41,0.0
75,42,0.0
75,43,0.0
75,44,0.0
75,45,0.0
75,46,0.0
75,47,0.0
75,48,0.0
75,49,0.0
75,50,0.0
75,51,0.0
75,52,0.0
75,53,0.0
75,54,0.0
75,55,0.0
75,56,0.0
75,57,0.0
75,58,0.0
75,59,0.0
75,60,0.0
75,61,0.0
75,62,0.0
75,63,0.0
75,64,0.0
75,65,0.0
75,66,0.0
75,67,0.0
75,68,0.0
75,69,0.0
75,70,0.0
75,71,0.0
75,72,0.0
75,73,0.0
75,74,0.0
75,75,0.0
75,76,0.0
75,77,0.0
75,78,0.0
75,79,0.0
75,80,0.0
75,81,0.0
75,82,0.0
75,83,0.0
75,84,0.0
75,85,0.0
75,86,0.0
75,87,0.0
75,88,0.0
75,89,0.0
75,90,0.0
75,91,0.0
75,92,0.0
75,93,0.0
75,94,0.0
75,95,0.0
75,96,0.0
75,97,0.0
75,98,0.0
75,99,0.0
75,100,0.0
75,101,0.0
75,102,0.0
75,103,0.0
75,104,0.0
75,105,0.0
75,106,0.0
75,107,0.0
75,108,0.0
75,109,0.0
75,110,0.0
75,111,0.0
75,112,0.0
75,113,0.0
75,114,0.0
75,115,0.0
75,116,0.0
75,117,0.0
75,118,0.0
75,119,0.0
75,120,0.0
75,121,0.0
75,122,0.0
75,123,0.0
75,124,0.0
75,125,0.0
75,126,0.0
75,127,0.0
