block,cell_index,thermal_log_contribution
0,0,0.0
0,1,0.0
0,2,0.0
0,3,0.0
0,4,0.0
0,5,0.0
0,6,0.0
0,7,0.0
0,8,0.0
0,9,0.0
0,10,0.0
0,11,0.0
0,12,0.0
0,13,0.0
0,14,0.0
0,15,0.0
0,16,0.0
0,17,0.0
0,18,0.0
0,19,0.0
0,20,0.0
0,21,0.0
0,22,0.0
0,23,0.0
0,24,0.0
0,25,0.0
0,26,0.0
0,27,0.0
0,28,0.0
0,29,0.0
0,30,0.0
0,31,0.0
0,32,0.0
0,33,0.0
0,34,0.0
0,35,0.0
0,36,0.0
0,37,0.0
0,38,0.0
0,39,0.0
0,40,0.0
0,41,0.0
0,42,0.0
0,43,0.0
0,44,0.0
0,45,0.0
0,46,0.0
0,47,0.0
0,48,0.0
0,49,0.0
0,50,0.0
0,51,0.0
0,52,0.0
0,53,0.0
0,54,0.0
0,55,0.0
0,56,0.0
0,57,0.0
0,58,0.0
0,59,0.0
0,60,0.0
0,61,0.0
0,62,0.0
0,63,0.0
0,64,0.0
0,65,0.0
0,66,0.0
0,67,0.0
0,68,0.0
0,69,0.0
0,70,0.0
0,71,0.0
0,72,0.0
0,73,0.0
0,74,0.0
0,75,0.0
0,76,0.0
0,77,0.0
0,78,0.0
0,79,0.0
0,80,0.0
0,81,0.0
0,82,0.0
0,83,0.0
0,84,0.0
0,85,0.0
0,86,0.0
0,87,0.0
0,88,0.0
0,89,0.0
0,90,0.0
0,91,0.0
0,92,0.0
0,93,0.0
0,94,0.0
0,95,0.0
0,96,0.0
0,97,0.0
0,98,0.0
0,99,0.0
0,100,0.0
0,101,0.0
0,102,0.0
0,103,0.0
0,104,0.0
0,105,0.0
0,106,0.0
0,107,0.0
0,108,0.0
0,109,0.0
0,110,0.0
0,111,0.0
0,112,0.0
0,113,0.0
0,114,0.0
0,115,0.0
0,116,0.0
0,117,0.0
0,118,0.0
0,119,0.0
0,120,0.0
0,121,0.0
0,122,0.0
0,123,0.0
0,124,0.0
0,125,0.0
0,126,0.0
0,127,0.0
1,0,0.0
1,1,0.0
1,2,0.0
1,3,0.0
1,4,0.0
1,5,0.0
1,6,0.0
1,7,0.0
1,8,0.0
1,9,0.0
1,10,0.0
1,11,0.0
1,12,0.0
1,13,0.0
1,14,0.0
1,15,0.0
1,16,0.0
1,17,0.0
1,18,0.0
1,19,0.0
1,20,0.0
1,21,0.0
1,22,0.0
1,23,0.0
1,24,0.0
1,25,0.0
1,26,0.0
1,27,0.0
1,28,0.0
1,29,0.0
1,30,0.0
1,31,0.0
1,32,0.0
1,33,0.0
1,34,0.0
1,35,0.0
1,36,0.0
1,37,0.0
1,38,0.0
1,39,0.0
1,40,0.0
1,41,0.0
1,42,0.0
1,43,0.0
1,44,0.0
1,45,0.0
1,46,0.0
1,47,0.0
1,48,0.0
1,49,0.0
1,50,0.0
1,51,0.0
1,52,0.0
1,53,0.0
1,54,0.0
1,55,0.0
1,56,0.0
1,57,0.0
1,58,0.0
1,59,0.0
1,60,0.0
1,61,0.0
1,62,0.0
1,63,0.0
1,64,0.0
1,65,0.0
1,66,0.0
1,67,0.0
1,68,0.0
1,69,0.0
1,70,0.0
1,71,0.0
1,72,0.0
1,73,0.0
1,74,0.0
1,75,0.0
1,76,0.0
1,77,0.0
1,78,0.0
1,79,0.0
1,80,0.0
1,81,0.0
1,82,0.0
1,83,0.0
1,84,0.0
1,85,0.0
1,86,0.0
1,87,0.0
1,88,0.0
1,89,0.0
1,90,0.0
1,91,0.0
1,92,0.0
1,93,0.0
1,94,0.0
1,95,0.0
1,96,0.0
1,97,0.0
1,98,0.0
1,99,0.0
1,100,0.0
1,101,0.0
1,102,0.0
1,103,0.0
1,104,0.0
1,105,0.0
1,106,0.0
1,107,0.0
1,108,0.0
1,109,0.0
1,110,0.0
1,111,0.0
1,112,0.0
1,113,0.0
1,114,0.0
1,115,0.0
1,116,0.0
1,117,0.0
1,118,0.0
1,119,0.0
1,120,0.0
1,121,0.0
1,122,0.0
1,123,0.0
1,124,0.0
1,125,0.0
1,126,0.0
1,127,0.0
2,0,0.0
2,1,0.0
2,2,0.0
2,3,0.0
2,4,0.0
2,5,0.0
2,6,0.0
2,7,0.0
2,8,0.0
2,9,0.0
2,10,0.0
2,11,0.0
2,12,0.0
2,13,0.0
2,14,0.0
2,15,0.0
2,16,0.0
2,17,0.0
2,18,0.0
2,19,0.0
2,20,0.0
2,21,0.0
2,22,0.0
2,23,0.0
2,24,0.0
2,25,0.0
2,26,0.0
2,27,0.0
2,28,0.0
2,29,0.0
2,30,0.0
2,31,0.0
2,32,0.0
2,33,0.0
2,34,0.0
2,35,0.0
2,36,0.0
2,37,0.0
2,38,0.0
2,39,0.0
2,40,0.0
2,41,0.0
2,42,0.0
2,43,0.0
2,44,0.0
2,45,0.0
2,46,0.0
2,47,0.0
2,48,0.0
2,49,0.0
2,50,0.0
2,51,0.0
2,52,0.0
2,53,0.0
2,54,0.0
2,55,0.0
2,56,0.0
2,57,0.0
2,58,0.0
2,59,0.0
2,60,0.0
2,61,0.0
2,62,0.0
2,63,0.0
2,64,0.0
2,65,0.0
2,66,0.0
2,67,0.0
2,68,0.0
2,69,0.0
2,70,0.0
2,71,0.0
2,72,0.0
2,73,0.0
2,74,0.0
2,75,0.0
2,76,0.0
2,77,0.0
2,78,0.0
2,79,0.0
2,80,0.0
2,81,0.0
2,82,0.0
2,83,0.0
2,84,0.0
2,85,0.0
2,86,0.0
2,87,0.0
2,88,0.0
2,89,0.0
2,90,0.0
2,91,0.0
2,92,0.0
2,93,0.0
2,94,0.0
2,95,0.0
2,96,0.0
2,97,0.0
2,98,0.0
2,99,0.0
2,100,0.0
2,101,0.0
2,102,0.0
2,103,0.0
2,104,0.0
2,105,0.0
2,106,0.0
2,107,0.0
2,108,0.0
2,109,0.0
2,110,0.0
2,111,0.0
2,112,0.0
2,113,0.0
2,114,0.0
2,115,0.0
2,116,0.0
2,117,0.0
2,118,0.0
2,119,0.0
2,120,0.0
2,121,0.0
2,122,0.0
2,123,0.0
2,124,0.0
2,125,0.0
2,126,0.0
2,127,0.0
3,0,0.0
3,1,0.0
3,2,0.0
3,3,0.0
3,4,0.0
3,5,0.0
3,6,0.0
3,7,0.0
3,8,0.0
3,9,0.0
3,10,0.0
3,11,0.0
3,12,0.0
3,13,0.0
3,14,0.0
3,15,0.0
3,16,0.0
3,17,0.0
3,18,0.0
3,19,0.0
3,20,0.0
3,21,0.0
3,22,0.0
3,23,0.0
3,24,0.0
3,25,0.0
3,26,0.0
3,27,0.0
3,28,0.0
3,29,0.0
3,30,0.0
3,31,0.0
3,32,0.0
3,33,0.0
3,34,0.0
3,35,0.0
3,36,0.0
3,37,0.0
3,38,0.0
3,39,0.0
3,40,0.0
3,41,0.0
3,42,0.0
3,43,0.0
3,44,0.0
3,45,0.0
3,46,0.0
3,47,0.0
3,48,0.0
3,49,0.0
3,50,0.0
3,51,0.0
3,52,0.0
3,53,0.0
3,54,0.0
3,55,0.0
3,56,0.0
3,57,0.0
3,58,0.0
3,59,0.0
3,60,0.0
3,61,0.0
3,62,0.0
3,63,0.0
3,64,0.0
3,65,0.0
3,66,0.0
3,67,0.0
3,68,0.0
3,69,0.0
3,70,0.0
3,71,0.0
3,72,0.0
3,73,0.0
3,74,0.0
3,75,0.0
3,76,0.0
3,77,0.0
3,78,0.0
3,79,0.0
3,80,0.0
3,81,0.0
3,82,0.0
3,83,0.0
3,84,0.0
3,85,0.0
3,86,0.0
3,87,0.0
3,88,0.0
3,89,0.0
3,90,0.0
3,91,0.0
3,92,0.0
3,93,0.0
3,94,0.0
3,95,0.0
3,96,0.0
3,97,0.0
3,98,0.0
3,99,0.0
3,100,0.0
3,101,0.0
3,102,0.0
3,103,0.0
3,104,0.0
3,105,0.0
3,106,0.0
3,107,0.0
3,108,0.0
3,109,0.0
3,110,0.0
3,111,0.0
3,112,0.0
3,113,0.0
3,114,0.0
3,115,0.0
3,116,0.0
3,117,0.0
3,118,0.0
3,119,0.0
3,120,0.0
3,121,0.0
3,122,0.0
3,123,0.0
3,124,0.0
3,125,0.0
3,126,0.0
3,127,0.0
4,0,-4.836211575098759e-19
4,1,-8.159731882009376e-19
4,2,-9.752080753902031e-19
4,3,-7.50280246628522e-19
4,4,-2.2646463330815506e-18
4,5,-2.3680304087472847e-18
4,6,-1.6890675176148856e-18
4,7,-1.5888514602803624e-18
4,8,-2.1392987070020464e-18
4,9,-1.648296366006265e-18
4,10,0.0
4,11,-6.91824772291633e-19
4,12,0.0
4,13,0.0
4,14,0.0
4,15,0.0
4,16,0.0
4,17,0.0
4,18,0.0
4,19,0.0
4,20,0.0
4,21,0.0
4,22,0.0
4,23,0.0
4,24,0.0
4,25,0.0
4,26,0.0
4,27,0.0
4,28,0.0
4,29,0.0
4,30,0.0
4,31,0.0
4,32,0.0
4,33,0.0
4,34,0.0
4,35,0.0
4,36,0.0
4,37,0.0
4,38,0.0
4,39,0.0
4,40,0.0
4,41,0.0
4,42,0.0
4,43,0.0
4,44,0.0
4,45,0.0
4,46,0.0
4,47,0.0
4,48,0.0
4,49,0.0
4,50,0.0
4,51,0.0
4,52,0.0
4,53,0.0
4,54,0.0
4,55,0.0
4,56,0.0
4,57,0.0
4,58,0.0
4,59,0.0
4,60,0.0
4,61,0.0
4,62,0.0
4,63,0.0
4,64,0.0
4,65,0.0
4,66,0.0
4,67,0.0
4,68,0.0
4,69,0.0
4,70,0.0
4,71,0.0
4,72,0.0
4,73,0.0
4,74,0.0
4,75,0.0
4,76,0.0
4,77,0.0
4,78,0.0
4,79,0.0
4,80,0.0
4,81,0.0
4,82,0.0
4,83,0.0
4,84,0.0
4,85,0.0
4,86,0.0
4,87,0.0
4,88,0.0
4,89,0.0
4,90,0.0
4,91,0.0
4,92,0.0
4,93,0.0
4,94,0.0
4,95,0.0
4,96,0.0
4,97,0.0
4,98,0.0
4,99,0.0
4,100,0.0
4,101,0.0
4,102,0.0
4,103,0.0
4,104,0.0
4,105,0.0
4,106,0.0
4,107,0.0
4,108,0.0
4,109,0.0
4,110,0.0
4,111,0.0
4,112,0.0
4,113,0.0
4,114,0.0
4,115,0.0
4,116,0.0
4,117,0.0
4,118,0.0
4,119,0.0
4,120,0.0
4,121,0.0
4,122,0.0
4,123,0.0
4,124,0.0
4,125,0.0
4,126,0.0
4,127,0.0
5,0,-1.2961047021264674e-16
5,1,-1.5993074488738375e-16
5,2,-2.1942181696279572e-16
5,3,-2.836059332255813e-16
5,4,-3.468144098662032e-16
5,5,-4.090772531110935e-16
5,6,-4.639305448382219e-16
5,7,-4.840700782320838e-16
5,8,-5.407077481947672e-16
5,9,-5.670139499061552e-16
5,10,-5.612038774921078e-16
5,11,-5.555352921501812e-16
5,12,-4.804327203454728e-16
5,13,-3.9159274839047705e-16
5,14,-3.4537098271626577e-16
5,15,-2.7682251468972584e-16
5,16,-1.2677744605231516e-16
5,17,-6.803225926945353e-17
5,18,-3.4031184080007434e-17
5,19,0.0
5,20,0.0
5,21,0.0
5,22,0.0
5,23,0.0
5,24,0.0
5,25,0.0
5,26,0.0
5,27,0.0
5,28,0.0
5,29,0.0
5,30,0.0
5,31,0.0
5,32,0.0
5,33,0.0
5,34,0.0
5,35,0.0
5,36,0.0
5,37,0.0
5,38,0.0
5,39,0.0
5,40,0.0
5,41,0.0
5,42,0.0
5,43,0.0
5,44,0.0
5,45,0.0
5,46,0.0
5,47,0.0
5,48,0.0
5,49,0.0
5,50,0.0
5,51,0.0
5,52,0.0
5,53,0.0
5,54,0.0
5,55,0.0
5,56,0.0
5,57,0.0
5,58,0.0
5,59,0.0
5,60,0.0
5,61,0.0
5,62,0.0
5,63,0.0
5,64,0.0
5,65,0.0
5,66,0.0
5,67,0.0
5,68,0.0
5,69,0.0
5,70,0.0
5,71,0.0
5,72,0.0
5,73,0.0
5,74,0.0
5,75,0.0
5,76,0.0
5,77,0.0
5,78,0.0
5,79,0.0
5,80,0.0
5,81,0.0
5,82,0.0
5,83,0.0
5,84,0.0
5,85,0.0
5,86,0.0
5,87,0.0
5,88,0.0
5,89,0.0
5,90,0.0
5,91,0.0
5,92,0.0
5,93,0.0
5,94,0.0
5,95,0.0
5,96,0.0
5,97,0.0
5,98,0.0
5,99,0.0
5,100,0.0
5,101,0.0
5,102,0.0
5,103,0.0
5,104,0.0
5,105,0.0
5,106,0.0
5,107,0.0
5,108,0.0
5,109,0.0
5,110,0.0
5,111,0.0
5,112,0.0
5,113,0.0
5,114,0.0
5,115,0.0
5,116,0.0
5,117,0.0
5,118,0.0
5,119,0.0
5,120,0.0
5,121,0.0
5,122,0.0
5,123,0.0
5,124,0.0
5,125,0.0
5,126,0.0
5,127,0.0
6,0,-1.0299196170330317e-14
6,1,-1.2875240936622593e-14
6,2,-1.794967983563208e-14
6,3,-2.3681845704582672e-14
6,4,-3.001044616418726e-14
6,5,-3.6543445267788105e-14
6,6,-4.312189372470803e-14
6,7,-4.728527869225044e-14
6,8,-5.541746335553451e-14
6,9,-6.31671122023361e-14
6,10,-7.031125239349059e-14
6,11,-7.801569592178287e-14
6,12,-8.017526380544957e-14
6,13,-7.948935236236948e-14
6,14,-7.535796068202607e-14
6,15,-6.47885041989041e-14
6,16,-4.5265887112979127e-14
6,17,-2.5370363352567047e-14
6,18,-1.2849202789065664e-14
6,19,-6.659314053177027e-15
6,20,-3.6284924511527674e-15
6,21,-1.958829636428606e-15
6,22,-9.440842928665554e-16
6,23,-2.8680492327293045e-16
6,24,-5.554373621306443e-17
6,25,0.0
6,26,0.0
6,27,0.0
6,28,0.0
6,29,0.0
6,30,0.0
6,31,0.0
6,32,0.0
6,33,0.0
6,34,0.0
6,35,0.0
6,36,0.0
6,37,0.0
6,38,0.0
6,39,0.0
6,40,0.0
6,41,0.0
6,42,0.0
6,43,0.0
6,44,0.0
6,45,0.0
6,46,0.0
6,47,0.0
6,48,0.0
6,49,0.0
6,50,0.0
6,51,0.0
6,52,0.0
6,53,0.0
6,54,0.0
6,55,0.0
6,56,0.0
6,57,0.0
6,58,0.0
6,59,0.0
6,60,0.0
6,61,0.0
6,62,0.0
6,63,0.0
6,64,0.0
6,65,0.0
6,66,0.0
6,67,0.0
6,68,0.0
6,69,0.0
6,70,0.0
6,71,0.0
6,72,0.0
6,73,0.0
6,74,0.0
6,75,0.0
6,76,0.0
6,77,0.0
6,78,0.0
6,79,0.0
6,80,0.0
6,81,0.0
6,82,0.0
6,83,0.0
6,84,0.0
6,85,0.0
6,86,0.0
6,87,0.0
6,88,0.0
6,89,0.0
6,90,0.0
6,91,0.0
6,92,0.0
6,93,0.0
6,94,0.0
6,95,0.0
6,96,0.0
6,97,0.0
6,98,0.0
6,99,0.0
6,100,0.0
6,101,0.0
6,102,0.0
6,103,0.0
6,104,0.0
6,105,0.0
6,106,0.0
6,107,0.0
6,108,0.0
6,109,0.0
6,110,0.0
6,111,0.0
6,112,0.0
6,113,0.0
6,114,0.0
6,115,0.0
6,116,0.0
6,117,0.0
6,118,0.0
6,119,0.0
6,120,0.0
6,121,0.0
6,122,0.0
6,123,0.0
6,124,0.0
6,125,0.0
6,126,0.0
6,127,0.0
7,0,-1.9275881923334126e-13
7,1,-2.420388629232913e-13
7,2,-3.4084302401347915e-13
7,3,-4.568066275992824e-13
7,4,-5.904554150480676e-13
7,5,-7.360087153579481e-13
7,6,-8.916767592690862e-13
7,7,-1.0067259437942295e-12
7,8,-1.2305310341636979e-12
7,9,-1.4858952193848878e-12
7,10,-1.7779128675356733e-12
7,11,-2.1589914033859446e-12
7,12,-2.4521579191821612e-12
7,13,-2.7149840846873296e-12
7,14,-2.9079888889043533e-12
7,15,-2.8534202847333987e-12
7,16,-2.302170659480899e-12
7,17,-1.4985862604128269e-12
7,18,-8.985302148621619e-13
7,19,-5.47016956867143e-13
7,20,-3.633611858818998e-13
7,21,-2.35763963087981e-13
7,22,-1.5659211471013264e-13
7,23,-6.102426572002672e-14
7,24,-1.666312086391933e-14
7,25,-4.153451687855731e-15
7,26,-9.85528218197717e-16
7,27,-2.3295022423785597e-16
7,28,-3.470810255873577e-17
7,29,0.0
7,30,-3.234700008994148e-17
7,31,0.0
7,32,0.0
7,33,0.0
7,34,0.0
7,35,0.0
7,36,0.0
7,37,0.0
7,38,0.0
7,39,0.0
7,40,0.0
7,41,0.0
7,42,0.0
7,43,0.0
7,44,0.0
7,45,0.0
7,46,0.0
7,47,0.0
7,48,0.0
7,49,0.0
7,50,0.0
7,51,0.0
7,52,0.0
7,53,0.0
7,54,0.0
7,55,0.0
7,56,0.0
7,57,0.0
7,58,0.0
7,59,0.0
7,60,0.0
7,61,0.0
7,62,0.0
7,63,0.0
7,64,0.0
7,65,0.0
7,66,0.0
7,67,0.0
7,68,0.0
7,69,0.0
7,70,0.0
7,71,0.0
7,72,0.0
7,73,0.0
7,74,0.0
7,75,0.0
7,76,0.0
7,77,0.0
7,78,0.0
7,79,0.0
7,80,0.0
7,81,0.0
7,82,0.0
7,83,0.0
7,84,0.0
7,85,0.0
7,86,0.0
7,87,0.0
7,88,0.0
7,89,0.0
7,90,0.0
7,91,0.0
7,92,0.0
7,93,0.0
7,94,0.0
7,95,0.0
7,96,0.0
7,97,0.0
7,98,0.0
7,99,0.0
7,100,0.0
7,101,0.0
7,102,0.0
7,103,0.0
7,104,0.0
7,105,0.0
7,106,0.0
7,107,0.0
7,108,0.0
7,109,0.0
7,110,0.0
7,111,0.0
7,112,0.0
7,113,0.0
7,114,0.0
7,115,0.0
7,116,0.0
7,117,0.0
7,118,0.0
7,119,0.0
7,120,0.0
7,121,0.0
7,122,0.0
7,123,0.0
7,124,0.0
7,125,0.0
7,126,0.0
7,127,0.0
8,0,5.053070203853132e-12
8,1,6.426170732534461e-12
8,2,9.156775711568911e-12
8,3,1.247606809339323e-11
8,4,1.6454582500346015e-11
8,5,2.0994462685598e-11
8,6,2.6106682474440415e-11
8,7,3.033286067776863e-11
8,8,3.864190652522666e-11
8,9,4.9370728766511936e-11
8,10,6.339683145815396e-11
8,11,8.400244033099576e-11
8,12,1.0507726753968115e-10
8,13,1.2934407868359892e-10
8,14,1.555252098136928e-10
8,15,1.7293719325444469e-10
8,16,1.5940211948114274e-10
8,17,1.192466719184611e-10
8,18,8.252577696514524e-11
8,19,5.8205692943065294e-11
8,20,4.531934081129752e-11
8,21,3.505034222295295e-11
8,22,2.930124209072557e-11
8,23,1.5725670382103836e-11
8,24,6.097124794086024e-12
8,25,2.2494105424358103e-12
8,26,8.188065954739297e-13
8,27,2.890374705351243e-13
8,28,9.827599239506036e-14
8,29,3.2236201626343315e-14
8,30,1.0383387028871216e-14
8,31,3.086961177607598e-15
8,32,1.084300894419066e-15
8,33,2.925334005584679e-16
8,34,5.612469953161679e-17
8,35,0.0
8,36,0.0
8,37,0.0
8,38,0.0
8,39,0.0
8,40,0.0
8,41,0.0
8,42,0.0
8,43,0.0
8,44,0.0
8,45,0.0
8,46,0.0
8,47,0.0
8,48,0.0
8,49,0.0
8,50,0.0
8,51,0.0
8,52,0.0
8,53,0.0
8,54,0.0
8,55,0.0
8,56,0.0
8,57,0.0
8,58,0.0
8,59,0.0
8,60,0.0
8,61,0.0
8,62,0.0
8,63,0.0
8,64,0.0
8,65,0.0
8,66,0.0
8,67,0.0
8,68,0.0
8,69,0.0
8,70,0.0
8,71,0.0
8,72,0.0
8,73,0.0
8,74,0.0
8,75,0.0
8,76,0.0
8,77,0.0
8,78,0.0
8,79,0.0
8,80,0.0
8,81,0.0
8,82,0.0
8,83,0.0
8,84,0.0
8,85,0.0
8,86,0.0
8,87,0.0
8,88,0.0
8,89,0.0
8,90,0.0
8,91,0.0
8,92,0.0
8,93,0.0
8,94,0.0
8,95,0.0
8,96,0.0
8,97,0.0
8,98,0.0
8,99,0.0
8,100,0.0
8,101,0.0
8,102,0.0
8,103,0.0
8,104,0.0
8,105,0.0
8,106,0.0
8,107,0.0
8,108,0.0
8,109,0.0
8,110,0.0
8,111,0.0
8,112,0.0
8,113,0.0
8,114,0.0
8,115,0.0
8,116,0.0
8,117,0.0
8,118,0.0
8,119,0.0
8,120,0.0
8,121,0.0
8,122,0.0
8,123,0.0
8,124,0.0
8,125,0.0
8,126,0.0
8,127,0.0
9,0,1.6312300896195905e-10
9,1,2.0792193704832342e-10
9,2,2.9764376964929156e-10
9,3,4.0874505251479216e-10
9,4,5.44665140993685e-10
9,5,7.035403023231438e-10
9,6,8.872404121736203e-10
9,7,1.0472312035072386e-09
9,8,1.3651015741580981e-09
9,9,1.8004872001270857e-09
9,10,2.407157008216721e-09
9,11,3.3541403654716088e-09
9,12,4.438385847718546e-09
9,13,5.814310719161099e-09
9,14,7.486053597474782e-09
9,15,8.966027380482728e-09
9,16,8.946603559967765e-09
9,17,7.273358693320387e-09
9,18,5.486619391912053e-09
9,19,4.230336772976813e-09
9,20,3.6306550685793224e-09
9,21,3.129391421747018e-09
9,22,3.027255377459839e-09
9,23,1.990919941299314e-09
9,24,9.663180405303088e-10
9,25,4.5341119749462617e-10
9,26,2.12412700570742e-10
9,27,9.769022106736349e-11
9,28,4.358258259387637e-11
9,29,1.882681390508344e-11
9,30,7.904474676978549e-12
9,31,3.2410909665057227e-12
9,32,1.304594692801873e-12
9,33,5.17433078907818e-13
9,34,1.725553887099558e-13
9,35,4.4643863515794076e-14
9,36,1.0391368247541749e-14
9,37,2.5721796592909008e-15
9,38,4.290601526597284e-16
9,39,0.0
9,40,0.0
9,41,0.0
9,42,0.0
9,43,0.0
9,44,0.0
9,45,0.0
9,46,0.0
9,47,0.0
9,48,0.0
9,49,0.0
9,50,0.0
9,51,0.0
9,52,0.0
9,53,0.0
9,54,0.0
9,55,0.0
9,56,0.0
9,57,0.0
9,58,0.0
9,59,0.0
9,60,0.0
9,61,0.0
9,62,0.0
9,63,0.0
9,64,0.0
9,65,0.0
9,66,0.0
9,67,0.0
9,68,0.0
9,69,0.0
9,70,0.0
9,71,0.0
9,72,0.0
9,73,0.0
9,74,0.0
9,75,0.0
9,76,0.0
9,77,0.0
9,78,0.0
9,79,0.0
9,80,0.0
9,81,0.0
9,82,0.0
9,83,0.0
9,84,0.0
9,85,0.0
9,86,0.0
9,87,0.0
9,88,0.0
9,89,0.0
9,90,0.0
9,91,0.0
9,92,0.0
9,93,0.0
9,94,0.0
9,95,0.0
9,96,0.0
9,97,0.0
9,98,0.0
9,99,0.0
9,100,0.0
9,101,0.0
9,102,0.0
9,103,0.0
9,104,0.0
9,105,0.0
9,106,0.0
9,107,0.0
9,108,0.0
9,109,0.0
9,110,0.0
9,111,0.0
9,112,0.0
9,113,0.0
9,114,0.0
9,115,0.0
9,116,0.0
9,117,0.0
9,118,0.0
9,119,0.0
9,120,0.0
9,121,0.0
9,122,0.0
9,123,0.0
9,124,0.0
9,125,0.0
9,126,0.0
9,127,0.0
10,0,1.1857533457243816e-09
10,1,1.5172809461081601e-09
10,2,2.1807721508665205e-09
10,3,3.0144069341157814e-09
10,4,4.050830154006772e-09
10,5,5.285340971930558e-09
10,6,6.742423581401581e-09
10,7,8.061633631002091e-09
10,8,1.0707977799622511e-08
10,9,1.449522963232978e-08
10,10,2.0028683204432664e-08
10,11,2.9075148187902912e-08
10,12,4.027090157260348e-08
10,13,5.547537085918644e-08
10,14,7.545411597886254e-08
10,15,9.587518640193843e-08
10,16,1.0185209575348535e-07
10,17,8.838702180746214e-08
10,18,7.13167242639787e-08
10,19,5.894121132062518e-08
10,20,5.457509204301743e-08
10,21,5.118519717783682e-08
10,22,5.552136781323559e-08
10,23,4.2743138675971783e-08
10,24,2.4653808675779596e-08
10,25,1.3896426688646358e-08
10,26,7.885028225879558e-09
10,27,4.421767653846823e-09
10,28,2.419284903728479e-09
10,29,1.2882530445720068e-09
10,30,6.69732312655204e-10
10,31,3.414630881297271e-10
10,32,1.7149052954536846e-10
10,33,8.52190165436094e-11
10,34,3.675182830844119e-11
10,35,1.3178139630458072e-11
10,36,4.5393817668295984e-12
10,37,1.4773709593084871e-12
10,38,4.5418400826547027e-13
10,39,1.228073615966452e-13
10,40,2.2435566264338117e-14
10,41,-4.526997431267786e-15
10,42,-9.032393646528867e-15
10,43,-8.52900536241147e-15
10,44,-6.676833982731545e-15
10,45,-4.737751955295803e-15
10,46,-3.103788688140544e-15
10,47,-2.4629121451488833e-15
10,48,-1.7563838510485143e-15
10,49,-1.158946538265428e-15
10,50,-3.974052988102328e-16
10,51,-3.864451780481782e-16
10,52,-4.3875422634970443e-16
10,53,-3.662353282860097e-16
10,54,0.0
10,55,-2.3200767398893056e-16
10,56,-1.698114126749186e-16
10,57,0.0
10,58,-1.0776927648143258e-16
10,59,0.0
10,60,0.0
10,61,0.0
10,62,0.0
10,63,0.0
10,64,0.0
10,65,0.0
10,66,0.0
10,67,0.0
10,68,0.0
10,69,0.0
10,70,0.0
10,71,0.0
10,72,0.0
10,73,0.0
10,74,0.0
10,75,0.0
10,76,0.0
10,77,0.0
10,78,0.0
10,79,0.0
10,80,0.0
10,81,0.0
10,82,0.0
10,83,0.0
10,84,0.0
10,85,0.0
10,86,0.0
10,87,0.0
10,88,0.0
10,89,0.0
10,90,0.0
10,91,0.0
10,92,0.0
10,93,0.0
10,94,0.0
10,95,0.0
10,96,0.0
10,97,0.0
10,98,0.0
10,99,0.0
10,100,0.0
10,101,0.0
10,102,0.0
10,103,0.0
10,104,0.0
10,105,0.0
10,106,0.0
10,107,0.0
10,108,0.0
10,109,0.0
10,110,0.0
10,111,0.0
10,112,0.0
10,113,0.0
10,114,0.0
10,115,0.0
10,116,0.0
10,117,0.0
10,118,0.0
10,119,0.0
10,120,0.0
10,121,0.0
10,122,0.0
10,123,0.0
10,124,0.0
10,125,0.0
10,126,0.0
10,127,0.0
11,0,5.426968979424564e-10
11,1,6.79200242186931e-10
11,2,9.696879763936061e-10
11,3,1.3345408241585752e-09
11,4,1.787593445505955e-09
11,5,2.326316241208355e-09
11,6,2.961097369231004e-09
11,7,3.5333901358514536e-09
11,8,4.68158508246905e-09
11,9,6.3188442915495e-09
11,10,8.698801681119833e-09
11,11,1.2566545498296517e-08
11,12,1.7295162825537957e-08
11,13,2.36239214845898e-08
11,14,3.1768874529434646e-08
11,15,3.9760489177520557e-08
11,16,4.140580775080608e-08
11,17,3.501543239418375e-08
11,18,2.733243674245452e-08
11,19,2.1650178488531095e-08
11,20,1.891036390335925e-08
11,21,1.6317295947091203e-08
11,22,1.5112245536319043e-08
11,23,8.157647029880082e-09
11,24,1.8243660091101598e-09
11,25,-1.223921342870093e-09
11,26,-2.4228516539971405e-09
11,27,-2.6451653859666303e-09
11,28,-2.3674609515982357e-09
11,29,-1.8927550861110553e-09
11,30,-1.4024160925954458e-09
11,31,-9.830318735100267e-10
11,32,-6.60338702550764e-10
11,33,-4.289674681781306e-10
11,34,-2.454276424571075e-10
11,35,-1.197474365567141e-10
11,36,-5.4029404778922655e-11
11,37,-2.200895418470949e-11
11,38,-7.973749223728985e-12
11,39,-2.4632358127746897e-12
11,40,-6.788539395459449e-13
11,41,-3.4508654704635586e-13
11,42,-4.650428228844792e-13
11,43,-6.451177198883039e-13
11,44,-7.640036423554e-13
11,45,-8.098089195783656e-13
11,46,-7.879135862544732e-13
11,47,-7.158381711282725e-13
11,48,-6.201440101282095e-13
11,49,-5.229575820608294e-13
11,50,-4.3383411786783746e-13
11,51,-3.574617896945648e-13
11,52,-2.893897518652265e-13
11,53,-2.3664906129414325e-13
11,54,-1.912916724543224e-13
11,55,-1.5405309552864989e-13
11,56,-1.261698796174645e-13
11,57,-1.0211230258069488e-13
11,58,-8.185076548764806e-14
11,59,-6.977036132795443e-14
11,60,-5.790655437364069e-14
11,61,-4.9928368200424627e-14
11,62,-4.2456103116941414e-14
11,63,-3.620406675582605e-14
11,64,-3.2923282554432254e-14
11,65,-2.7823876293724467e-14
11,66,-2.471651731975763e-14
11,67,-2.1325873104934925e-14
11,68,-1.9420802976217208e-14
11,69,-1.7195727664113223e-14
11,70,-1.6310482333548434e-14
11,71,-1.450218744145507e-14
11,72,-1.2560374074356643e-14
11,73,-1.1379185856274386e-14
11,74,-1.0760681350921484e-14
11,75,-9.17415970049588e-15
11,76,-8.491430514245436e-15
11,77,-7.633392759559429e-15
11,78,-8.213438002693842e-15
11,79,-6.0238580649289e-15
11,80,-5.1978116398103796e-15
11,81,-4.465141874530659e-15
11,82,-4.0664924420211136e-15
11,83,-3.5000659788448584e-15
11,84,-2.957746711253072e-15
11,85,-3.7133324418007386e-15
11,86,-3.074718599925299e-15
11,87,-2.012565992984143e-15
11,88,-2.74584898651295e-15
11,89,-1.8350192641472068e-15
11,90,-1.3798527111797628e-15
11,91,-7.315251961776419e-16
11,92,-1.1296060609372823e-15
11,93,-1.1088779074335716e-15
11,94,-8.916704064742754e-16
11,95,-7.793986568328417e-16
11,96,-1.1502951489077833e-15
11,97,-1.8873745774624877e-16
11,98,-3.718165942730056e-16
11,99,-5.49659056441657e-16
11,100,-2.7101174069033994e-16
11,101,-5.352008101044909e-16
11,102,-7.917179562930151e-16
11,103,-3.468911651726566e-16
11,104,-4.27982324639619e-16
11,105,-7.607578102271188e-16
11,106,-4.1761953244161695e-16
11,107,-7.432106666839301e-16
11,108,-8.988078218379906e-16
11,109,-1.4562864168257248e-15
11,110,-1.2819733487039068e-15
11,111,-1.4290794342511697e-15
11,112,-1.0230209644685137e-15
11,113,-1.716895215032184e-15
11,114,-1.6264207822393457e-15
11,115,-9.228586629863539e-16
11,116,-1.222546224105494e-15
11,117,-1.747374597003707e-15
11,118,-2.3429888604362614e-15
11,119,-2.633609892835024e-15
11,120,-2.0227198375828003e-15
11,121,-1.4929273200400993e-15
11,122,-1.7116257076638211e-15
11,123,-1.262084706217922e-15
11,124,-1.5561780530798709e-15
11,125,-1.6280271450656846e-15
11,126,-1.996651764815292e-15
11,127,-2.2919942504077835e-15
12,0,-2.2904377931293302e-08
12,1,-2.98527144781589e-08
12,2,-4.328546225094386e-08
12,3,-6.053204322117317e-08
12,4,-8.250396008041123e-08
12,5,-1.0943510600853889e-07
12,6,-1.4222289561586766e-07
12,7,-1.736353752100766e-07
12,8,-2.3766366035974568e-07
12,9,-3.3530319929377385e-07
12,10,-4.881257824402566e-07
12,11,-7.557150336236387e-07
12,12,-1.124137495608346e-06
12,13,-1.6742259439848952e-06
12,14,-2.477798884967273e-06
12,15,-3.44584763899524e-06
12,16,-4.026270878250721e-06
12,17,-3.857936152988802e-06
12,18,-3.448572912992673e-06
12,19,-3.1691826378121213e-06
12,20,-3.297175912918571e-06
12,21,-3.5221746332964015e-06
12,22,-4.562990113770458e-06
12,23,-4.469644162118224e-06
12,24,-3.3488796658105356e-06
12,25,-2.4866047579922104e-06
12,26,-1.8771354948922058e-06
12,27,-1.410910180465874e-06
12,28,-1.0406313859175881e-06
12,29,-7.502797729089837e-07
12,30,-5.297735344370779e-07
12,31,-3.675289236478349e-07
12,32,-2.5126102429051806e-07
12,33,-1.6977394447263573e-07
12,34,-1.039729467305546e-07
12,35,-5.640816350202237e-08
12,36,-2.8964127188093524e-08
12,37,-1.3614410759499779e-08
12,38,-5.536215352087049e-09
12,39,-1.4931029034012412e-09
12,40,3.773166793573334e-10
12,41,1.1211631683381025e-09
12,42,1.3104828969939337e-09
12,43,1.2486176301246745e-09
12,44,1.0904057681194788e-09
12,45,9.106496203300135e-10
12,46,7.204808975861982e-10
12,47,5.433537692529857e-10
12,48,4.0347228294162225e-10
12,49,2.9686545106987926e-10
12,50,2.1899310421490338e-10
12,51,1.624129895740794e-10
12,52,1.2126514952883825e-10
12,53,9.121884360841026e-11
12,54,6.916193244079858e-11
12,55,5.28783770286981e-11
12,56,4.0779871131056354e-11
12,57,3.17314810001112e-11
12,58,2.4241944359562894e-11
12,59,1.8191207452183147e-11
12,60,1.380000866140691e-11
12,61,1.0598611361034472e-11
12,62,8.26162884935726e-12
12,63,6.517769111710965e-12
12,64,5.170794650574045e-12
12,65,4.116766883755678e-12
12,66,3.2841415034443916e-12
12,67,2.627450341820055e-12
12,68,2.096525907497241e-12
12,69,1.6478420167267357e-12
12,70,1.222566594913182e-12
12,71,8.2218046543088e-13
12,72,4.950309854881288e-13
12,73,2.4268159117008707e-13
12,74,5.518484557668519e-14
12,75,-9.44440626531669e-14
12,76,-2.154874497713432e-13
12,77,-3.0547202096736927e-13
12,78,-3.6125772028108684e-13
12,79,-3.999317941368013e-13
12,80,-4.3096917250575935e-13
12,81,-4.656325413947183e-13
12,82,-5.084347822963367e-13
12,83,-5.455275249785779e-13
12,84,-5.624451146118841e-13
12,85,-5.611773652671367e-13
12,86,-5.46502761520056e-13
12,87,-5.253915333906938e-13
12,88,-4.930446440182653e-13
12,89,-4.384616618215267e-13
12,90,-3.7075580924237775e-13
12,91,-3.1131622277331357e-13
12,92,-2.890764601398591e-13
12,93,-2.9969945625454623e-13
12,94,-3.095087055361818e-13
12,95,-2.984122607348743e-13
12,96,-2.8182231148240687e-13
12,97,-2.6819592745741953e-13
12,98,-2.560886793055326e-13
12,99,-2.403842273504847e-13
12,100,-2.2430738404470468e-13
12,101,-2.188971313327368e-13
12,102,-2.486874069378171e-13
12,103,-3.156709603071175e-13
12,104,-3.7183104364690094e-13
12,105,-4.211217122835007e-13
12,106,-4.735805497887937e-13
12,107,-5.299092053456421e-13
12,108,-5.879020252840311e-13
12,109,-6.558143163771847e-13
12,110,-7.283211087324071e-13
12,111,-8.09335319597579e-13
12,112,-8.895560755655444e-13
12,113,-9.786302725683449e-13
12,114,-1.0545402557605205e-12
12,115,-1.1317323403755987e-12
12,116,-1.2075700328602017e-12
12,117,-1.2819651717321978e-12
12,118,-1.3639218379171864e-12
12,119,-1.4334362416716344e-12
12,120,-1.492467577937946e-12
12,121,-1.5459262399015227e-12
12,122,-1.591663071109296e-12
12,123,-1.6389283514392264e-12
12,124,-1.6765224891847143e-12
12,125,-1.7098725097221685e-12
12,126,-1.7412282390496615e-12
12,127,-1.7669057611692003e-12
13,0,-9.663166892725781e-08
13,1,-1.2699160812033653e-07
13,2,-1.8465073639033938e-07
13,3,-2.591148672569416e-07
13,4,-3.5462913562226977e-07
13,5,-4.7265214256568595e-07
13,6,-6.176089345801322e-07
13,7,-7.587104934405842e-07
13,8,-1.0476752836811963e-06
13,9,-1.4962578918743316e-06
13,10,-2.212111580871576e-06
13,11,-3.490505520461752e-06
13,12,-5.30300811342388e-06
13,13,-8.082318746575004e-06
13,14,-1.226368734088287e-05
13,15,-1.7516926498363977e-05
13,16,-2.1057060551962782e-05
13,17,-2.078951086341642e-05
13,18,-1.91750425520956e-05
13,19,-1.821002546149502e-05
13,20,-1.9647729911119475e-05
13,21,-2.1865042406100683e-05
13,22,-2.9958031105144305e-05
13,23,-3.164179690920476e-05
13,24,-2.5729037851090843e-05
13,25,-2.0827644085957297e-05
13,26,-1.7199827004172574e-05
13,27,-1.418238163329221e-05
13,28,-1.150451646534814e-05
13,29,-9.14476355473634e-06
13,30,-7.1367420849123294e-06
13,31,-5.487190485720906e-06
13,32,-4.170898297232814e-06
13,33,-3.146207053062776e-06
13,34,-2.2072137316059756e-06
13,35,-1.4283059687683048e-06
13,36,-9.005157985080406e-07
13,37,-5.490078034100095e-07
13,38,-3.2432438595604514e-07
13,39,-1.8345879234567196e-07
13,40,-9.694148517849998e-08
13,41,-4.500551393479648e-08
13,42,-1.4681611921615294e-08
13,43,2.37285636890619e-09
13,44,1.1430164622524447e-08
13,45,1.5771232778787523e-08
13,46,1.7409638906690373e-08
13,47,1.7198777882156703e-08
13,48,1.5949354456380627e-08
13,49,1.4292355454370804e-08
13,50,1.2586846018956334e-08
13,51,1.0978079549554774e-08
13,52,9.520869809783738e-09
13,53,8.230338412800435e-09
13,54,7.106160507212394e-09
13,55,6.142152252557518e-09
13,56,5.3291727715139674e-09
13,57,4.654992763329975e-09
13,58,4.0462627936769335e-09
13,59,3.519101789049498e-09
13,60,3.1111727689392346e-09
13,61,2.7906459860428256e-09
13,62,2.5318158413846413e-09
13,63,2.3125397609438525e-09
13,64,2.1190241296583115e-09
13,65,1.944532268788143e-09
13,66,1.7872378697190952e-09
13,67,1.6479036579701991e-09
13,68,1.5262765529623122e-09
13,69,1.4233485985794571e-09
13,70,1.3323698013761119e-09
13,71,1.2530253283790712e-09
13,72,1.1866194932363024e-09
13,73,1.1256488483238241e-09
13,74,1.0646048103319345e-09
13,75,1.0011037927177845e-09
13,76,9.353476363938264e-10
13,77,8.690392744293172e-10
13,78,8.045759664230065e-10
13,79,7.443223073805962e-10
13,80,6.878102433265615e-10
13,81,6.36711119183285e-10
13,82,5.90933809327362e-10
13,83,5.487842760259279e-10
13,84,5.09317713254751e-10
13,85,4.69957265084803e-10
13,86,4.292776344778373e-10
13,87,3.8680735720602404e-10
13,88,3.430078308745355e-10
13,89,2.9969189206661286e-10
13,90,2.601462852016268e-10
13,91,2.275581553649654e-10
13,92,2.0106669541157364e-10
13,93,1.823556775270283e-10
13,94,1.7023365194999474e-10
13,95,1.593734832706537e-10
13,96,1.4775905447850964e-10
13,97,1.3598099734464408e-10
13,98,1.2486540072588067e-10
13,99,1.1519424709470383e-10
13,100,1.0886912006243233e-10
13,101,1.0825346225740507e-10
13,102,1.152630503848749e-10
13,103,1.298514229679154e-10
13,104,1.471228615322557e-10
13,105,1.6370764224006487e-10
13,106,1.798739111048067e-10
13,107,1.969559465669453e-10
13,108,2.1552986676704687e-10
13,109,2.354310290049364e-10
13,110,2.569081000669373e-10
13,111,2.796279728999264e-10
13,112,3.0303502062316454e-10
13,113,3.2654644623687806e-10
13,114,3.490123964830023e-10
13,115,3.7029257803973677e-10
13,116,3.9103492460053655e-10
13,117,4.118083296443776e-10
13,118,4.3197035629405297e-10
13,119,4.5005247785878544e-10
13,120,4.6538947786643784e-10
13,121,4.788046333248564e-10
13,122,4.907628298710389e-10
13,123,5.01488170171262e-10
13,124,5.109965554073594e-10
13,125,5.195289184149101e-10
13,126,5.270107610181593e-10
13,127,5.317453277653482e-10
14,0,-1.8567604538656832e-07
14,1,-2.4677357073361885e-07
14,2,-3.599584172265885e-07
14,3,-5.067759187128241e-07
14,4,-6.961069921608997e-07
14,5,-9.315701125477108e-07
14,6,-1.2227972061950632e-06
14,7,-1.509959840381515e-06
14,8,-2.1000678392289788e-06
14,9,-3.029136951692959e-06
14,10,-4.534506344898448e-06
14,11,-7.264824174260292e-06
14,12,-1.1225517859197903e-05
14,13,-1.7427308536467677e-05
14,14,-2.6975743741643245e-05
14,15,-3.9365300095033255e-05
14,16,-4.841841104527351e-05
14,17,-4.8982937280921936e-05
14,18,-4.635580285300461e-05
14,19,-4.523092754306714e-05
14,20,-5.028775694954921e-05
14,21,-5.7880486675010426e-05
14,22,-8.302487861106166e-05
14,23,-9.32281839692412e-05
14,24,-8.101885133306798e-05
14,25,-7.036215627747477e-05
14,26,-6.253059209211618e-05
14,27,-5.5642140515681874e-05
14,28,-4.8847877396680126e-05
14,29,-4.2152282882708976e-05
14,30,-3.583932448952124e-05
14,31,-3.0146067179486257e-05
14,32,-2.519387527963629e-05
14,33,-2.1021391342919476e-05
14,34,-1.676970157580863e-05
14,35,-1.2840902849372828e-05
14,36,-9.829257705869121e-06
14,37,-7.5274610614588e-06
14,38,-5.813162591998319e-06
14,39,-4.536437841979354e-06
14,40,-3.581234791569073e-06
14,41,-2.859884638773062e-06
14,42,-2.3080500970542953e-06
14,43,-1.8795507234234424e-06
14,44,-1.5418981890701764e-06
14,45,-1.2724347061933418e-06
14,46,-1.0278692553042465e-06
14,47,-8.113920754752287e-07
14,48,-6.384743739645458e-07
14,49,-4.999472192514316e-07
14,50,-3.916953969627605e-07
14,51,-3.0719544751848004e-07
14,52,-2.414137428862515e-07
14,53,-1.9032945315438632e-07
14,54,-1.506899751234607e-07
14,55,-1.198619327425548e-07
14,56,-9.574027593814282e-08
14,57,-7.667869331669779e-08
14,58,-5.987748919484148e-08
14,59,-4.526667603469191e-08
14,60,-3.372725450552651e-08
14,61,-2.4601034332706224e-08
14,62,-1.7505643182526256e-08
14,63,-1.2054359270842916e-08
14,64,-7.914108408668924e-09
14,65,-4.784471970694246e-09
14,66,-2.3904367619520212e-09
14,67,-4.796307052885747e-10
14,68,1.1904367926124707e-09
14,69,2.7869122375981697e-09
14,70,4.51362696030008e-09
14,71,6.3642386452452425e-09
14,72,8.092818314725812e-09
14,73,9.565256910975697e-09
14,74,1.0704137605787715e-08
14,75,1.1504296557662918e-08
14,76,1.2004825872105696e-08
14,77,1.2263106944306053e-08
14,78,1.2353786558675237e-08
14,79,1.2369896285555894e-08
14,80,1.2409273348286213e-08
14,81,1.2548168223144535e-08
14,82,1.2793825633544519e-08
14,83,1.3062092350837873e-08
14,84,1.3217416063798343e-08
14,85,1.3177146472345507e-08
14,86,1.2912981910105542e-08
14,87,1.2409280544331707e-08
14,88,1.1650410991817955e-08
14,89,1.0675730494781732e-08
14,90,9.647453258243414e-09
14,91,8.80672848272277e-09
14,92,8.301072699378936e-09
14,93,8.204619088910735e-09
14,94,8.260568594287638e-09
14,95,8.168687538692076e-09
14,96,7.897612845256905e-09
14,97,7.548378153038228e-09
14,98,7.167096886830869e-09
14,99,6.755466822938421e-09
14,100,6.420046810699256e-09
14,101,6.410660993070478e-09
14,102,7.014250216877922e-09
14,103,8.239608369928698e-09
14,104,9.5996002298554e-09
14,105,1.0861645926538743e-08
14,106,1.2133350012506699e-08
14,107,1.3549013369175164e-08
14,108,1.5138646453773513e-08
14,109,1.6889819897872165e-08
14,110,1.8876188541981274e-08
14,111,2.1081838565116667e-08
14,112,2.3464901072718685e-08
14,113,2.59798375387098e-08
14,114,2.8453062266183535e-08
14,115,3.084139233801234e-08
14,116,3.321881419526116e-08
14,117,3.5663298321748875e-08
14,118,3.8115215382342645e-08
14,119,4.037663370309881e-08
14,120,4.240325300384534e-08
14,121,4.429193438640954e-08
14,122,4.5981507726452784e-08
14,123,4.749186233642418e-08
14,124,4.8808530014763076e-08
14,125,4.9948470148574975e-08
14,126,5.0960873698073003e-08
14,127,5.163044035294237e-08
15,0,-2.0488917235380716e-07
15,1,-2.7610454072745095e-07
15,2,-4.041155898277178e-07
15,3,-5.706189985920188e-07
15,4,-7.861156272711567e-07
15,5,-1.055330025388654e-06
15,6,-1.3899245274527175e-06
15,7,-1.7229835487758857e-06
15,8,-2.408630355206234e-06
15,9,-3.498693003583717e-06
15,10,-5.283244271115039e-06
15,11,-8.553834667013666e-06
15,12,-1.3372476012834918e-05
15,13,-2.1025213339210023e-05
15,14,-3.2993110747902765e-05
15,15,-4.886142341495314e-05
15,16,-6.106307485063907e-05
15,17,-6.284070678547966e-05
15,18,-6.055803508189829e-05
15,19,-6.022620768259216e-05
15,20,-6.83779810905186e-05
15,21,-8.056856506923585e-05
15,22,-0.00011925368626571859
15,23,-0.00013958499556701739
15,24,-0.00012689837429541206
15,25,-0.00011558059529061364
15,26,-0.00010794410617394185
15,27,-0.00010113993020670381
15,28,-9.36936974704454e-05
15,29,-8.552898388222002e-05
15,30,-7.715217909728336e-05
15,31,-6.908548008102141e-05
15,32,-6.170016641431476e-05
15,33,-5.524941096216079e-05
15,34,-4.8200755085756046e-05
15,35,-4.131935994905025e-05
15,36,-3.5733012546488566e-05
15,37,-3.1138271866621865e-05
15,38,-2.740740472707659e-05
15,39,-2.432776469632927e-05
15,40,-2.1732013740561177e-05
15,41,-1.949373771379368e-05
15,42,-1.7523508743711483e-05
15,43,-1.5761929788583742e-05
15,44,-1.4173404977952343e-05
15,45,-1.2739278428646818e-05
15,46,-1.1260255299479784e-05
15,47,-9.787492885432844e-06
15,48,-8.471476846669141e-06
15,49,-7.304052137789938e-06
15,50,-6.301821789489308e-06
15,51,-5.447032008357318e-06
15,52,-4.722253046926518e-06
15,53,-4.110510937059226e-06
15,54,-3.596065541178563e-06
15,55,-3.1648078533390183e-06
15,56,-2.8044719847988715e-06
15,57,-2.5046086029622584e-06
15,58,-2.2290222930781884e-06
15,59,-1.9834307016769473e-06
15,60,-1.7871163103986797e-06
15,61,-1.6299102728317836e-06
15,62,-1.5042738336303634e-06
15,63,-1.402318364187587e-06
15,64,-1.317949142746782e-06
15,65,-1.2468601774081205e-06
15,66,-1.1862753314791504e-06
15,67,-1.134430460107083e-06
15,68,-1.0894589359445088e-06
15,69,-1.0505388646602364e-06
15,70,-1.014335354465466e-06
15,71,-9.808910696532948e-07
15,72,-9.519396644719737e-07
15,73,-9.256882968975006e-07
15,74,-9.002604761020588e-07
15,75,-8.7417944431503e-07
15,76,-8.468599781810585e-07
15,77,-8.18594419986408e-07
15,78,-7.902126922758094e-07
15,79,-7.624779946698452e-07
15,80,-7.346410600333474e-07
15,81,-7.069262787600384e-07
15,82,-6.792233207357439e-07
15,83,-6.514443146577435e-07
15,84,-6.241612345930985e-07
15,85,-5.961625078367335e-07
15,86,-5.662625821534098e-07
15,87,-5.342624653109122e-07
15,88,-5.014796111495648e-07
15,89,-4.699409738709639e-07
15,90,-4.411185937514256e-07
15,91,-4.15068374673892e-07
15,92,-3.885326300881234e-07
15,93,-3.626208833019004e-07
15,94,-3.4140667906950806e-07
15,95,-3.241511798484723e-07
15,96,-3.083072658425862e-07
15,97,-2.9204003190460135e-07
15,98,-2.760306055626792e-07
15,99,-2.6283633258288506e-07
15,100,-2.545645716796234e-07
15,101,-2.5104597267549746e-07
15,102,-2.5107399215836103e-07
15,103,-2.557368409788676e-07
15,104,-2.662938586514897e-07
15,105,-2.8093047802959883e-07
15,106,-2.968891066604802e-07
15,107,-3.135931783195805e-07
15,108,-3.321376324957176e-07
15,109,-3.5287478023582476e-07
15,110,-3.762517186826672e-07
15,111,-4.019532652098667e-07
15,112,-4.294294018027546e-07
15,113,-4.5784196966891857e-07
15,114,-4.861157143645118e-07
15,115,-5.143595514196301e-07
15,116,-5.421304728437657e-07
15,117,-5.686912319509616e-07
15,118,-5.938919479038059e-07
15,119,-6.178797984629917e-07
15,120,-6.401679974819095e-07
15,121,-6.600710380084884e-07
15,122,-6.774993976678428e-07
15,123,-6.929313387862036e-07
15,124,-7.067327091772706e-07
15,125,-7.188299515316705e-07
15,126,-7.274705151267058e-07
15,127,-7.315687083284994e-07
16,0,-1.4305203192636093e-07
16,1,-1.960433135763939e-07
16,2,-2.8798478645556186e-07
16,3,-4.076325553319518e-07
16,4,-5.626795343571199e-07
16,5,-7.567227874720678e-07
16,6,-9.98341331631068e-07
16,7,-1.2399890103646203e-06
16,8,-1.7370832459253195e-06
16,9,-2.5302396989120827e-06
16,10,-3.832898293508745e-06
16,11,-6.227194071666098e-06
16,12,-9.771679074713557e-06
16,13,-1.5422929964115212e-05
16,14,-2.4297699069236348e-05
16,15,-3.6133428783061474e-05
16,16,-4.536021007413103e-05
16,17,-4.690706552718427e-05
16,18,-4.542627968871459e-05
16,19,-4.539476261139178e-05
16,20,-5.177615677000354e-05
16,21,-6.129253468375992e-05
16,22,-9.114844245585574e-05
16,23,-0.00010723443010629246
16,24,-9.79456186401325e-05
16,25,-8.95155003425586e-05
16,26,-8.375750854521565e-05
16,27,-7.852201539526707e-05
16,28,-7.273861953438913e-05
16,29,-6.643421974025256e-05
16,30,-6.008407143162411e-05
16,31,-5.4156744078239074e-05
16,32,-4.897928061738575e-05
16,33,-4.4767293191319815e-05
16,34,-4.0524553337923936e-05
16,35,-3.691038010708009e-05
16,36,-3.454406244787397e-05
16,37,-3.301952475395793e-05
16,38,-3.2044414558192306e-05
16,39,-3.132215536867439e-05
16,40,-3.063810679020932e-05
16,41,-2.9855976591858632e-05
16,42,-2.890882644042742e-05
16,43,-2.7783826056638224e-05
16,44,-2.6508107685724877e-05
16,45,-2.5134769761802822e-05
16,46,-2.3468912425170344e-05
16,47,-2.1591257280036865e-05
16,48,-1.9735807910891365e-05
16,49,-1.795187080220713e-05
16,50,-1.6315866386928104e-05
16,51,-1.4838553289909629e-05
16,52,-1.3519890685175288e-05
16,53,-1.2353618076948893e-05
16,54,-1.1331871697231672e-05
16,55,-1.0447334528663734e-05
16,56,-9.693875243632116e-06
16,57,-9.066228169773963e-06
16,58,-8.498736957823983e-06
16,59,-8.017372025232814e-06
16,60,-7.665033904989612e-06
16,61,-7.413054572085434e-06
16,62,-7.2339454582341875e-06
16,63,-7.100348560857428e-06
16,64,-6.992885957751838e-06
16,65,-6.901938183348441e-06
16,66,-6.826861702109437e-06
16,67,-6.772822103065561e-06
16,68,-6.746310441432778e-06
16,69,-6.754107187566814e-06
16,70,-6.800886171552686e-06
16,71,-6.888809798171627e-06
16,72,-7.001114820007328e-06
16,73,-7.116787759069139e-06
16,74,-7.215813514401211e-06
16,75,-7.284555978231313e-06
16,76,-7.319328945631227e-06
16,77,-7.325671555053517e-06
16,78,-7.315697297878902e-06
16,79,-7.3031484301118475e-06
16,80,-7.299417781057001e-06
16,81,-7.312733504006182e-06
16,82,-7.344255631950145e-06
16,83,-7.386220634972352e-06
16,84,-7.4194139720329444e-06
16,85,-7.422762980479534e-06
16,86,-7.378385654468327e-06
16,87,-7.278031199157095e-06
16,88,-7.129075940247424e-06
16,89,-6.952870992235304e-06
16,90,-6.779296456889817e-06
16,91,-6.634082931897786e-06
16,92,-6.5239497186545325e-06
16,93,-6.464522847251909e-06
16,94,-6.446908143486663e-06
16,95,-6.432563103522322e-06
16,96,-6.391496672096195e-06
16,97,-6.3153560967895005e-06
16,98,-6.2150660787196426e-06
16,99,-6.117045831734079e-06
16,100,-6.0588535941564035e-06
16,101,-6.075178856038929e-06
16,102,-6.20076625904309e-06
16,103,-6.45073245042428e-06
16,104,-6.769581743801878e-06
16,105,-7.108133893185288e-06
16,106,-7.457454724012727e-06
16,107,-7.838007987047811e-06
16,108,-8.271324450334716e-06
16,109,-8.760004511368493e-06
16,110,-9.322702498834135e-06
16,111,-9.955614675932805e-06
16,112,-1.064715450092084e-05
16,113,-1.1379918631946693e-05
16,114,-1.2111565248977327e-05
16,115,-1.2839171783528739e-05
16,116,-1.3572244457233476e-05
16,117,-1.431431571817347e-05
16,118,-1.5051144344219498e-05
16,119,-1.5749327695748013e-05
16,120,-1.6395847878637744e-05
16,121,-1.6993602841989088e-05
16,122,-1.7522614242461984e-05
16,123,-1.7992959268155154e-05
16,124,-1.8408707365652436e-05
16,125,-1.8772833674210512e-05
16,126,-1.9071349740969005e-05
16,127,-1.9249466720262584e-05
17,0,-7.346793651032727e-08
17,1,-1.0281204835180603e-07
17,2,-1.516387901864026e-07
17,3,-2.1500476418054992e-07
17,4,-2.969288245123945e-07
17,5,-3.992184344026093e-07
17,6,-5.262381739464976e-07
17,7,-6.529507757556435e-07
17,8,-9.123275462388591e-07
17,9,-1.32362926073932e-06
17,10,-1.993410690059632e-06
17,11,-3.2122473559010756e-06
17,12,-4.991853082344243e-06
17,13,-7.787808584874663e-06
17,14,-1.2102488400060282e-05
17,15,-1.771468011759142e-05
17,16,-2.1838370841449562e-05
17,17,-2.2117729460888075e-05
17,18,-2.090523202581259e-05
17,19,-2.0300231818223548e-05
17,20,-2.2330482967091173e-05
17,21,-2.5260871387557707e-05
17,22,-3.490835636256866e-05
17,23,-3.653327099364411e-05
17,24,-2.8396590127120083e-05
17,25,-2.0529373448575635e-05
17,26,-1.3233394189322797e-05
17,27,-5.93336670337852e-06
17,28,1.2663592733094847e-06
17,29,7.912387227532216e-06
17,30,1.357903267252269e-05
17,31,1.8014154147192224e-05
17,32,2.114274587906024e-05
17,33,2.3043129542152053e-05
17,34,2.352473930379917e-05
17,35,2.2290927455191766e-05
17,36,1.9560620585479102e-05
17,37,1.5792929268242465e-05
17,38,1.1584056373972503e-05
17,39,7.396665531925303e-06
17,40,3.5667500932517437e-06
17,41,2.968674934550597e-07
17,42,-2.3277435226891205e-06
17,43,-4.3125105052594395e-06
17,44,-5.7243356584385e-06
17,45,-6.665163590072597e-06
17,46,-7.275330326474184e-06
17,47,-7.584386880591073e-06
17,48,-7.647129981816067e-06
17,49,-7.566746666602273e-06
17,50,-7.413719213314903e-06
17,51,-7.2241779519279114e-06
17,52,-7.014652879344654e-06
17,53,-6.795531231183286e-06
17,54,-6.579827444512291e-06
17,55,-6.385954726064479e-06
17,56,-6.236045317693954e-06
17,57,-6.151982310493151e-06
17,58,-6.148836455791289e-06
17,59,-6.260892903073031e-06
17,60,-6.482556353965831e-06
17,61,-6.775890530000614e-06
17,62,-7.089974422257021e-06
17,63,-7.380213493384536e-06
17,64,-7.619809703534362e-06
17,65,-7.806208306776316e-06
17,66,-7.959854118626574e-06
17,67,-8.116077960723624e-06
17,68,-8.316338463285446e-06
17,69,-8.595083598803407e-06
17,70,-8.998888233648069e-06
17,71,-9.540090491403792e-06
17,72,-1.0151055729572382e-05
17,73,-1.0771117809675085e-05
17,74,-1.134261802366517e-05
17,75,-1.1827668066033727e-05
17,76,-1.2217625585893098e-05
17,77,-1.2531518641549784e-05
17,78,-1.2808618271328535e-05
17,79,-1.3095626267343032e-05
17,80,-1.3450158263013587e-05
17,81,-1.3906864508651734e-05
17,82,-1.4479174984594768e-05
17,83,-1.5143887578949195e-05
17,84,-1.5816170133629714e-05
17,85,-1.6426699345486162e-05
17,86,-1.6913929985308464e-05
17,87,-1.723729426181211e-05
17,88,-1.739692910344044e-05
17,89,-1.7443614131721716e-05
17,90,-1.747510555188914e-05
17,91,-1.759685008296989e-05
17,92,-1.7928606976933916e-05
17,93,-1.851780158291836e-05
17,94,-1.9213981043742862e-05
17,95,-1.986142710539142e-05
17,96,-2.037826435175664e-05
17,97,-2.0764028220284514e-05
17,98,-2.1042299146448958e-05
17,99,-2.1257490584315342e-05
17,100,-2.1514501822472043e-05
17,101,-2.196093331481981e-05
17,102,-2.2797213197101617e-05
17,103,-2.4046393810285925e-05
17,104,-2.5392366769654683e-05
17,105,-2.6664134127412143e-05
17,106,-2.7916550250046148e-05
17,107,-2.9283384863437917e-05
17,108,-3.083376615418079e-05
17,109,-3.254664227251804e-05
17,110,-3.447178389951241e-05
17,111,-3.6589662175500804e-05
17,112,-3.885975340730092e-05
17,113,-4.1228694387220764e-05
17,114,-4.355501940491485e-05
17,115,-4.5851328968052714e-05
17,116,-4.819729996971016e-05
17,117,-5.063231662153556e-05
17,118,-5.307527508985911e-05
17,119,-5.5356833822320505e-05
17,120,-5.742145854002603e-05
17,121,-5.9308614414366276e-05
17,122,-6.096598646215746e-05
17,123,-6.244457541781243e-05
17,124,-6.376406755308083e-05
17,125,-6.494462032496943e-05
17,126,-6.596630571485575e-05
17,127,-6.661232724892683e-05
18,0,-4.3096870032907075e-08
18,1,-6.18405516780509e-08
18,2,-9.166775653547754e-08
18,3,-1.3025404132018704e-07
18,4,-1.8000468853911634e-07
18,5,-2.4194882449884e-07
18,6,-3.1861397756524255e-07
18,7,-3.94856533885258e-07
18,8,-5.499851094370289e-07
18,9,-7.940944663705766e-07
18,10,-1.1873998562222347e-06
18,11,-1.8940968012406596e-06
18,12,-2.907550019507884e-06
18,13,-4.468796022340164e-06
18,14,-6.820514277350804e-06
18,15,-9.770238046846555e-06
18,16,-1.173889977647498e-05
18,17,-1.152583838575086e-05
18,18,-1.0483101048661928e-05
18,19,-9.695556978186204e-06
18,20,-9.971951231166114e-06
18,21,-1.0255831383811797e-05
18,22,-1.1771606593618347e-05
18,23,-7.938357441680268e-06
18,24,-7.882201622342653e-07
18,25,6.29488170121565e-06
18,26,1.3567991228878228e-05
18,27,2.0965500279860127e-05
18,28,2.7943013168792452e-05
18,29,3.391624035410293e-05
18,30,3.850943536580092e-05
18,31,4.157460416422787e-05
18,32,4.314425220374568e-05
18,33,4.340763524751108e-05
18,34,4.1656559550013646e-05
18,35,3.776894192336926e-05
18,36,3.2430452640853624e-05
18,37,2.6170493872272774e-05
18,38,1.9731716257808843e-05
18,39,1.3647772510271421e-05
18,40,8.294059429500585e-06
18,41,3.879000885231326e-06
18,42,4.6508714517463597e-07
18,43,-1.9967966539786912e-06
18,44,-3.629200879987856e-06
18,45,-4.593146753799663e-06
18,46,-5.065181394276441e-06
18,47,-5.098063030449907e-06
18,48,-4.81305720082534e-06
18,49,-4.359596277283799e-06
18,50,-3.839845114424654e-06
18,51,-3.296761031523726e-06
18,52,-2.744548611919888e-06
18,53,-2.1901331801487785e-06
18,54,-1.6465320743534757e-06
18,55,-1.1369267135612352e-06
18,56,-6.913580853694345e-07
18,57,-3.3922764736595666e-07
18,58,-8.411301212206523e-08
18,59,2.9067529729960432e-08
18,60,-1.0902101450403112e-08
18,61,-1.471921193670499e-07
18,62,-3.041361165189171e-07
18,63,-4.13080816743427e-07
18,64,-4.322879481684353e-07
18,65,-3.5705396433912877e-07
18,66,-2.1809527397864366e-07
18,67,-6.963369530031664e-08
18,68,2.879375311217037e-08
18,69,2.4455841674098402e-08
18,70,-1.2878190365131462e-07
18,71,-4.480893357542006e-07
18,72,-8.683991017984379e-07
18,73,-1.3034978685608783e-06
18,74,-1.6735889493337701e-06
18,75,-1.9290357973646077e-06
18,76,-2.060712299071665e-06
18,77,-2.0973086202902343e-06
18,78,-2.094445737315778e-06
18,79,-2.1188567886734514e-06
18,80,-2.238828245330229e-06
18,81,-2.507385967424898e-06
18,82,-2.947612207715098e-06
18,83,-3.5318861414716754e-06
18,84,-4.169145973087637e-06
18,85,-4.780231305752724e-06
18,86,-5.290950022018738e-06
18,87,-5.6348649742273405e-06
18,88,-5.778615635587882e-06
18,89,-5.76283730890537e-06
18,90,-5.718685363175869e-06
18,91,-5.817341560312675e-06
18,92,-6.2447926809513235e-06
18,93,-7.055253787570675e-06
18,94,-7.976443797617462e-06
18,95,-8.763558856731253e-06
18,96,-9.366928363057796e-06
18,97,-9.85929068363455e-06
18,98,-1.0254274125398163e-05
18,99,-1.0515495327201634e-05
18,100,-1.0722198349084975e-05
18,101,-1.110753038438899e-05
18,102,-1.1973660424025089e-05
18,103,-1.3293737119268477e-05
18,104,-1.4518271717982186e-05
18,105,-1.5411936224913806e-05
18,106,-1.6204312685125777e-05
18,107,-1.717527935803661e-05
18,108,-1.836828228782707e-05
18,109,-1.968539928735339e-05
18,110,-2.1120487795501353e-05
18,111,-2.2658052846949858e-05
18,112,-2.427448307805384e-05
18,113,-2.5915858184902805e-05
18,114,-2.7443326478506022e-05
18,115,-2.8892985335518175e-05
18,116,-3.044925048924313e-05
18,117,-3.222349183752735e-05
18,118,-3.4063627567637765e-05
18,119,-3.568729030564429e-05
18,120,-3.70330103064042e-05
18,121,-3.8214607876701703e-05
18,122,-3.92476102173033e-05
18,123,-4.0186980255074884e-05
18,124,-4.104461721648939e-05
18,125,-4.186215678102676e-05
18,126,-4.2696356996576214e-05
18,127,-4.330936639757328e-05
19,0,-3.8748520845193567e-08
19,1,-5.6926830953370836e-08
19,2,-8.487114618067845e-08
19,3,-1.2109901777999037e-07
19,4,-1.679602972014342e-07
19,5,-2.2655964788992895e-07
19,6,-2.994304682555543e-07
19,7,-3.726528477870427e-07
19,8,-5.217954725832404e-07
19,9,-7.589766813756263e-07
19,10,-1.1456443491654032e-06
19,11,-1.84937197300062e-06
19,12,-2.8798190182586763e-06
19,13,-4.501756083515199e-06
19,14,-7.011040590188571e-06
19,15,-1.0291931281635687e-05
19,16,-1.2743412296463954e-05
19,17,-1.2985340447569265e-05
19,18,-1.23621350654363e-05
19,19,-1.209755899697502e-05
19,20,-1.3412144630338779e-05
19,21,-1.5315232905946934e-05
19,22,-2.14242803227581e-05
19,23,-2.2980078795358307e-05
19,24,-1.87535838029494e-05
19,25,-1.4908611159837926e-05
19,26,-1.175514877435948e-05
19,27,-9.007949820161126e-06
19,28,-6.742240109257219e-06
19,29,-5.219586335259987e-06
19,30,-4.678465912598637e-06
19,31,-5.248555810349637e-06
19,32,-6.953009264027975e-06
19,33,-9.749959606262817e-06
19,34,-1.4236846594335834e-05
19,35,-2.0583828219825813e-05
19,36,-2.7759801696006682e-05
19,37,-3.5071656399495e-05
19,38,-4.178979024660113e-05
19,39,-4.7432958479330446e-05
19,40,-5.170316097236446e-05
19,41,-5.4478516055103085e-05
19,42,-5.578912156785995e-05
19,43,-5.577987422306586e-05
19,44,-5.467545252926107e-05
19,45,-5.274801166976914e-05
19,46,-4.974442744075698e-05
19,47,-4.5844796965682796e-05
19,48,-4.161216764273626e-05
19,49,-3.726911262600221e-05
19,50,-3.3079464846906064e-05
19,51,-2.9128332293472086e-05
19,52,-2.5456525754275732e-05
19,53,-2.208202548571551e-05
19,54,-1.9017493206903098e-05
19,55,-1.6277567216911122e-05
19,56,-1.3878473130748857e-05
19,57,-1.1833334276898886e-05
19,58,-9.964207889149737e-06
19,59,-8.36293550225829e-06
19,60,-7.174321801242079e-06
19,61,-6.2998590872151124e-06
19,62,-5.634173830926474e-06
19,63,-5.071476973236077e-06
19,64,-4.537813920398014e-06
19,65,-4.000656147494352e-06
19,66,-3.4670426596850416e-06
19,67,-2.97154482047503e-06
19,68,-2.553415516055773e-06
19,69,-2.2534984988967025e-06
19,70,-2.0860962480084582e-06
19,71,-2.059868620627492e-06
19,72,-2.129625805098126e-06
19,73,-2.2110935623506264e-06
19,74,-2.2330567476464722e-06
19,75,-2.1554938677986647e-06
19,76,-1.9733295167038206e-06
19,77,-1.7101512877308473e-06
19,78,-1.4088543471112417e-06
19,79,-1.1206110714746332e-06
19,80,-8.836779427000669e-07
19,81,-7.351516388420913e-07
19,82,-6.832597388783885e-07
19,83,-7.005017545303915e-07
19,84,-7.455230497280726e-07
19,85,-7.873097568005122e-07
19,86,-7.956621439218782e-07
19,87,-7.157983469334264e-07
19,88,-4.845204908332121e-07
19,89,-9.503234055370061e-08
19,90,3.5348820292080445e-07
19,91,6.934421443227955e-07
19,92,7.948484980532849e-07
19,93,6.392813306536541e-07
19,94,4.848995262791262e-07
19,95,5.504084350150944e-07
19,96,7.630566335695785e-07
19,97,9.40422717119515e-07
19,98,1.0845759067675576e-06
19,99,1.3571990094500835e-06
19,100,1.7850482230869466e-06
19,101,2.1365761336140207e-06
19,102,2.1506799457134753e-06
19,103,1.8830024581944076e-06
19,104,1.8594104721999004e-06
19,105,2.2662248174668407e-06
19,106,2.746908370069379e-06
19,107,3.0089801477954325e-06
19,108,3.1213827857599067e-06
19,109,3.247336874686789e-06
19,110,3.4377620061713306e-06
19,111,3.6512256983501034e-06
19,112,3.838572904724769e-06
19,113,4.016983337680893e-06
19,114,4.28444526019178e-06
19,115,4.6616301134190465e-06
19,116,4.966827921357976e-06
19,117,5.049523715481159e-06
19,118,5.042687040659431e-06
19,119,5.178473157378974e-06
19,120,5.435830584426268e-06
19,121,5.657049693726702e-06
19,122,5.816087736430203e-06
19,123,5.940297185612286e-06
19,124,6.0755310285837345e-06
19,125,6.199758716099526e-06
19,126,6.147053180486714e-06
19,127,5.979261563241731e-06
20,0,-3.429505279956748e-08
20,1,-5.151411594504653e-08
20,2,-7.722942901546147e-08
20,3,-1.1063598010495307e-07
20,4,-1.539777018446951e-07
20,5,-2.0839301046057662e-07
20,6,-2.763569727636932e-07
20,7,-3.4530887173578697e-07
20,8,-4.858590204297362e-07
20,9,-7.115119795310745e-07
20,10,-1.0832126007422313e-06
20,11,-1.7671865053209595e-06
20,12,-2.786486904533526e-06
20,13,-4.419246961948223e-06
20,14,-6.998829297917001e-06
20,15,-1.0477927026890032e-05
20,16,-1.327968984801266e-05
20,17,-1.390891960413502e-05
20,18,-1.366906048793816e-05
20,19,-1.3870824567050074e-05
20,20,-1.6057939748480228e-05
20,21,-1.9324697424808077e-05
20,22,-2.9247027625948807e-05
20,23,-3.538001370482534e-05
20,24,-3.375359332604581e-05
20,25,-3.276706731490393e-05
20,26,-3.318514732783155e-05
20,27,-3.43986689166009e-05
20,28,-3.605069866724202e-05
20,29,-3.80987138669212e-05
20,30,-4.064511006108987e-05
20,31,-4.379546280749241e-05
20,32,-4.7620072588554974e-05
20,33,-5.220532930512522e-05
20,34,-5.7887400401502796e-05
20,35,-6.485080946621275e-05
20,36,-7.198072908776169e-05
20,37,-7.85401894118635e-05
20,38,-8.392099298301112e-05
20,39,-8.775541612963868e-05
20,40,-8.985694113269145e-05
20,41,-9.020041402210558e-05
20,42,-8.889814490638649e-05
20,43,-8.616481197062783e-05
20,44,-8.22885586547968e-05
20,45,-7.760405650711592e-05
20,46,-7.148950264040405e-05
20,47,-6.423845947423057e-05
20,48,-5.679238912088641e-05
20,49,-4.943554961765012e-05
20,50,-4.255874025489188e-05
20,51,-3.6280649456682645e-05
20,52,-3.066006849716146e-05
20,53,-2.5715266400531372e-05
20,54,-2.1443204050987212e-05
20,55,-1.7829990494285354e-05
20,56,-1.4854675259249921e-05
20,57,-1.248920575200245e-05
20,58,-1.0515788932109681e-05
20,59,-9.039673720873433e-06
20,60,-8.17996539472337e-06
20,61,-7.794858654438584e-06
20,62,-7.740585058295222e-06
20,63,-7.882476987215862e-06
20,64,-8.12079053482977e-06
20,65,-8.396890069153764e-06
20,66,-8.690525231406536e-06
20,67,-9.009487605651717e-06
20,68,-9.379560743734374e-06
20,69,-9.82378395406046e-06
20,70,-1.0386501458313162e-05
20,71,-1.1064613885010582e-05
20,72,-1.1770234318135081e-05
20,73,-1.2447479690318955e-05
20,74,-1.305757045045343e-05
20,75,-1.3586397559059099e-05
20,76,-1.404113749991586e-05
20,77,-1.4440621009008559e-05
20,78,-1.4810178919920428e-05
20,79,-1.5177980172382873e-05
20,80,-1.558471347098162e-05
20,81,-1.604548718022269e-05
20,82,-1.6553391849913146e-05
20,83,-1.70826325264909e-05
20,84,-1.7595560361587942e-05
20,85,-1.8107800875592374e-05
20,86,-1.863670108335087e-05
20,87,-1.9153183873560086e-05
20,88,-1.9586583612450415e-05
20,89,-1.988979717532869e-05
20,90,-2.0112989813005223e-05
20,91,-2.0386229779562305e-05
20,92,-2.087909068233195e-05
20,93,-2.1584176901242053e-05
20,94,-2.219921854878374e-05
20,95,-2.25735094957431e-05
20,96,-2.2861215187951974e-05
20,97,-2.3295967357975712e-05
20,98,-2.3863095382708122e-05
20,99,-2.433231230465414e-05
20,100,-2.459866369799643e-05
20,101,-2.4857698728831192e-05
20,102,-2.5436432896276106e-05
20,103,-2.6315736228757827e-05
20,104,-2.6986139117691337e-05
20,105,-2.7346932211917928e-05
20,106,-2.7763994223899584e-05
20,107,-2.8437247687964122e-05
20,108,-2.9212954940105114e-05
20,109,-2.990775034176598e-05
20,110,-3.0549194884430454e-05
20,111,-3.120997220560769e-05
20,112,-3.195750904265782e-05
20,113,-3.280680433444547e-05
20,114,-3.361028727600821e-05
20,115,-3.428541955027871e-05
20,116,-3.493247103860852e-05
20,117,-3.566887165538055e-05
20,118,-3.640359712323502e-05
20,119,-3.698026147471378e-05
20,120,-3.7481574630453486e-05
20,121,-3.805810001447161e-05
20,122,-3.86009789990605e-05
20,123,-3.9071412264279293e-05
20,124,-3.940785390838988e-05
20,125,-3.957602335776336e-05
20,126,-3.9742927611738656e-05
20,127,-3.992070145904936e-05
21,0,-2.3101573756050038e-08
21,1,-3.5472312950774355e-08
21,2,-5.3463935384908186e-08
21,3,-7.683583791795975e-08
21,4,-1.0717343114717864e-07
21,5,-1.453001397383555e-07
21,6,-1.9296692927704544e-07
21,7,-2.4152985366796575e-07
21,8,-3.402892807199417e-07
21,9,-4.991872703946115e-07
21,10,-7.612977350959005e-07
21,11,-1.244127819079454e-06
21,12,-1.9658694533995765e-06
21,13,-3.1250525510593697e-06
21,14,-4.962584511573582e-06
21,15,-7.454729985094363e-06
21,16,-9.490805493188851e-06
21,17,-9.997622525290676e-06
21,18,-9.88980261675655e-06
21,19,-1.0105784312745356e-05
21,20,-1.1782301538649588e-05
21,21,-1.4288297393020596e-05
21,22,-2.1810598632745814e-05
21,23,-2.668800319449303e-05
21,24,-2.5818754199196398e-05
21,25,-2.544412806785724e-05
21,26,-2.614476470527151e-05
21,27,-2.7433517497400082e-05
21,28,-2.899217267693233e-05
21,29,-3.0743231230563255e-05
21,30,-3.273309108331747e-05
21,31,-3.5023416833194405e-05
21,32,-3.7657835478324255e-05
21,33,-4.069746602478051e-05
21,34,-4.422559253132567e-05
21,35,-4.828661431013793e-05
21,36,-5.2117856097165315e-05
21,37,-5.517392242674472e-05
21,38,-5.7057095760015836e-05
21,39,-5.7538648593057073e-05
21,40,-5.653218650091203e-05
21,41,-5.4076819054314865e-05
21,42,-5.031688342242909e-05
21,43,-4.547283107703416e-05
21,44,-3.981397073434425e-05
21,45,-3.362975193852263e-05
21,46,-2.6243823225047273e-05
21,47,-1.7980612332459044e-05
21,48,-9.894958623737286e-06
21,49,-2.2906851691581366e-06
21,50,4.450184073665228e-06
21,51,1.022766047367466e-05
21,52,1.5011958720826522e-05
21,53,1.882150072472091e-05
21,54,2.170470654595247e-05
21,55,2.3728122959403934e-05
21,56,2.4971226959453586e-05
21,57,2.5528288933988172e-05
21,58,2.5412509089510463e-05
21,59,2.4588330279203393e-05
21,60,2.319194623844498e-05
21,61,2.1390734300527894e-05
21,62,1.936991748640089e-05
21,63,1.7276671177737972e-05
21,64,1.5220652768041863e-05
21,65,1.3270750500930745e-05
21,66,1.1459115446843925e-05
21,67,9.790241008491448e-06
21,68,8.231904967175317e-06
21,69,6.774089947511081e-06
21,70,5.316756324735405e-06
21,71,3.884835296023901e-06
21,72,2.607049568230869e-06
21,73,1.4882908749806667e-06
21,74,5.213994053701323e-07
21,75,-3.153127178310976e-07
21,76,-1.0511902610802334e-06
21,77,-1.7149753142902273e-06
21,78,-2.331353852590233e-06
21,79,-2.9212126726612857e-06
21,80,-3.524792808152629e-06
21,81,-4.147332805288162e-06
21,82,-4.780406913169737e-06
21,83,-5.405859710679935e-06
21,84,-5.998612535706945e-06
21,85,-6.595505456220484e-06
21,86,-7.2353993675138925e-06
21,87,-7.910333623007488e-06
21,88,-8.560684084301708e-06
21,89,-9.131398969866741e-06
21,90,-9.640854990026236e-06
21,91,-1.0177738871078073e-05
21,92,-1.0903941276506751e-05
21,93,-1.1807167353088651e-05
21,94,-1.2615198387486989e-05
21,95,-1.3227287608562614e-05
21,96,-1.3795998259626323e-05
21,97,-1.4527691827688663e-05
21,98,-1.539993707530204e-05
21,99,-1.6192152727987294e-05
21,100,-1.678614645428361e-05
21,101,-1.7328710615451896e-05
21,102,-1.8125338834589665e-05
21,103,-1.9185876657733816e-05
21,104,-2.0103032961912744e-05
21,105,-2.0832683897876606e-05
21,106,-2.1664515388963066e-05
21,107,-2.2705491206529252e-05
21,108,-2.3789155518170037e-05
21,109,-2.477766477144317e-05
21,110,-2.5737809481566736e-05
21,111,-2.6736597210991458e-05
21,112,-2.7818072774566562e-05
21,113,-2.9004086759769574e-05
21,114,-3.0167383156628263e-05
21,115,-3.123044902010595e-05
21,116,-3.224340236900614e-05
21,117,-3.3278576175510795e-05
21,118,-3.4269092171949096e-05
21,119,-3.510474826681482e-05
21,120,-3.586429247023008e-05
21,121,-3.664963142885364e-05
21,122,-3.733330903752299e-05
21,123,-3.7928922219885086e-05
21,124,-3.8423399007271296e-05
21,125,-3.876177806309488e-05
21,126,-3.903791996687889e-05
21,127,-3.9248643995342575e-05
22,0,-8.356139481982695e-09
22,1,-1.307409036154166e-08
22,2,-1.9789883575227903e-08
22,3,-2.8499196692049084e-08
22,4,-3.9786270219654625e-08
22,5,-5.3950099833537706e-08
22,6,-7.162719473956039e-08
22,7,-8.96338064469986e-08
22,8,-1.2608657976191407e-07
22,9,-1.845405455192507e-07
22,10,-2.804772974388256e-07
22,11,-4.561495128920395e-07
22,12,-7.169064461249123e-07
22,13,-1.1326264870878534e-06
22,14,-1.7862498516927182e-06
22,15,-2.663468473447069e-06
22,16,-3.3651805527596113e-06
22,17,-3.5171336616688877e-06
22,18,-3.4493099932807714e-06
22,19,-3.4896778730699957e-06
22,20,-4.0168535467934135e-06
22,21,-4.7958385664540675e-06
22,22,-7.139140032176989e-06
22,23,-8.43386157706846e-06
22,24,-7.850208764790524e-06
22,25,-7.417070147165235e-06
22,26,-7.286883088957105e-06
22,27,-7.304083497941346e-06
22,28,-7.386149661238415e-06
22,29,-7.526149030284849e-06
22,30,-7.745915778523905e-06
22,31,-8.061556848150896e-06
22,32,-8.474544583069204e-06
22,33,-8.981182037059852e-06
22,34,-9.533470214858392e-06
22,35,-1.0075026284689128e-05
22,36,-1.0388089582426076e-05
22,37,-1.0280995366890491e-05
22,38,-9.62696762350775e-06
22,39,-8.35633194413773e-06
22,40,-6.45734959064499e-06
22,41,-3.969843976651557e-06
22,42,-9.753017476457247e-07
22,43,2.4161169611656128e-06
22,44,6.08009290335428e-06
22,45,9.895446437662264e-06
22,46,1.4207848842586554e-05
22,47,1.884303381122279e-05
22,48,2.3205485585251867e-05
22,49,2.710752235461893e-05
22,50,3.0341672435661718e-05
22,51,3.2851848568908216e-05
22,52,3.463353197559814e-05
22,53,3.572173843752965e-05
22,54,3.61809494446071e-05
22,55,3.609513159677761e-05
22,56,3.556047054398177e-05
22,57,3.468451264081599e-05
22,58,3.337080682661489e-05
22,59,3.168429100769538e-05
22,60,2.9866745188218567e-05
22,61,2.8021573665794838e-05
22,62,2.625960607846325e-05
22,63,2.465173701531281e-05
22,64,2.3245649508616892e-05
22,65,2.2066934851568694e-05
22,66,2.112258949695432e-05
22,67,2.0406514619114992e-05
22,68,1.9897625012064293e-05
22,69,1.959026819074299e-05
22,70,1.9465870296581242e-05
22,71,1.9553009363716915e-05
22,72,1.985438497418257e-05
22,73,2.0343310497159977e-05
22,74,2.0991380309755286e-05
22,75,2.176644182140128e-05
22,76,2.2637527681843425e-05
22,77,2.3577163240193865e-05
22,78,2.4563985074877187e-05
22,79,2.5582815954613737e-05
22,80,2.6663612654581586e-05
22,81,2.780257155927566e-05
22,82,2.9001974131915163e-05
22,83,3.026406923033438e-05
22,84,3.152625908120106e-05
22,85,3.275859135337041e-05
22,86,3.393098607800981e-05
22,87,3.5035255141308436e-05
22,88,3.609653318347735e-05
22,89,3.713964615351227e-05
22,90,3.8162865154642674e-05
22,91,3.913780619066913e-05
22,92,4.013140196496098e-05
22,93,4.1144380173549676e-05
22,94,4.21456664803871e-05
22,95,4.317130195692272e-05
22,96,4.414353036154099e-05
22,97,4.496861669961526e-05
22,98,4.566421769756371e-05
22,99,4.634213236645267e-05
22,100,4.706650790963968e-05
22,101,4.7790462527486195e-05
22,102,4.8480930401919045e-05
22,103,4.913325412144853e-05
22,104,4.979793586451863e-05
22,105,5.048004942753071e-05
22,106,5.1066308291065584e-05
22,107,5.1532536232827104e-05
22,108,5.1979980105768725e-05
22,109,5.244634752627208e-05
22,110,5.2939654658059244e-05
22,111,5.3430339751283464e-05
22,112,5.388921223394748e-05
22,113,5.431166132788606e-05
22,114,5.47020502557839e-05
22,115,5.508999975466159e-05
22,116,5.5450222681509834e-05
22,117,5.575530086337724e-05
22,118,5.6033871815023e-05
22,119,5.6338008223705694e-05
22,120,5.6623715118800984e-05
22,121,5.688503036357894e-05
22,122,5.7120222605317875e-05
22,123,5.731502941431352e-05
22,124,5.7449687177165477e-05
22,125,5.7546529405283766e-05
22,126,5.759547852422006e-05
22,127,5.7598446938827636e-05
23,0,-4.098974285114125e-09
23,1,-6.544935251465548e-09
23,2,-9.964608739161584e-09
23,3,-1.4398347281113538e-08
23,4,-2.01430287491833e-08
23,5,-2.735113832296206e-08
23,6,-3.6343540344113544e-08
23,7,-4.552124594408246e-08
23,8,-6.40286685103379e-08
23,9,-9.366885913584004e-08
23,10,-1.4217863438125484e-07
23,11,-2.3067976747934762e-07
23,12,-3.6155253442220636e-07
23,13,-5.693105528331458e-07
23,14,-8.944293203500564e-07
23,15,-1.3282651304770026e-06
23,16,-1.671526068087889e-06
23,17,-1.7401959345470077e-06
23,18,-1.6992880229808982e-06
23,19,-1.7101246809124187e-06
23,20,-1.953849217768981e-06
23,21,-2.3105860656626196e-06
23,22,-3.3824272747503395e-06
23,23,-3.900111773739429e-06
23,24,-3.5328778111462595e-06
23,25,-3.2367503629315895e-06
23,26,-3.0727647697917933e-06
23,27,-2.9696368128991844e-06
23,28,-2.896137132769938e-06
23,29,-2.855694556058169e-06
23,30,-2.8616434690974883e-06
23,31,-2.9212745570339747e-06
23,32,-3.0323355714127843e-06
23,33,-3.187239750022144e-06
23,34,-3.3541488016055257e-06
23,35,-3.4922846540962357e-06
23,36,-3.4989326715314832e-06
23,37,-3.2782700071980128e-06
23,38,-2.7687066015396828e-06
23,39,-1.9392617138138396e-06
23,40,-7.914406814538545e-07
23,41,6.441521318216204e-07
23,42,2.313692386354406e-06
23,43,4.147802618203231e-06
23,44,6.070414581028569e-06
23,45,8.009219379753713e-06
23,46,1.0102836296717914e-05
23,47,1.2223420306501886e-05
23,48,1.4051953492019445e-05
23,49,1.548066165864461e-05
23,50,1.641845435034117e-05
23,51,1.685365395020499e-05
23,52,1.6808850257444427e-05
23,53,1.6332253183401547e-05
23,54,1.5490183646008735e-05
23,55,1.4359621611541933e-05
23,56,1.3022181644854443e-05
23,57,1.1560739927506814e-05
23,58,9.861392801872017e-06
23,59,8.018210209897224e-06
23,60,6.29454047062231e-06
23,61,4.7781735827160295e-06
23,62,3.5539242670624564e-06
23,63,2.670277613446441e-06
23,64,2.156796604974132e-06
23,65,2.0260117830716427e-06
23,66,2.2762065622804977e-06
23,67,2.8948635364829815e-06
23,68,3.87862939502197e-06
23,69,5.21739108424771e-06
23,70,7.030632384394452e-06
23,71,9.361642599381681e-06
23,72,1.2049400792358971e-05
23,73,1.5048762431617825e-05
23,74,1.831214671222795e-05
23,75,2.179045997332869e-05
23,76,2.543765531060622e-05
23,77,2.9212042365967574e-05
23,78,3.307877826480797e-05
23,79,3.701194805777248e-05
23,80,4.11578185493913e-05
23,81,4.550659396587819e-05
23,82,5.006248453093399e-05
23,83,5.481127744955561e-05
23,84,5.952976302853859e-05
23,85,6.417926657367935e-05
23,86,6.872643865837292e-05
23,87,7.315154849533054e-05
23,88,7.746242486420257e-05
23,89,8.166363762653967e-05
23,90,8.575322959961875e-05
23,91,8.97295748731509e-05
23,92,9.401407935663956e-05
23,93,9.858975548318879e-05
23,94,0.0001030202597839243
23,95,0.00010730461859836592
23,96,0.0001113792976368209
23,97,0.00011518911372345934
23,98,0.00011874984028647774
23,99,0.00012213522216448632
23,100,0.0001253933912085641
23,101,0.00012853763210772602
23,102,0.00013182765926535959
23,103,0.0001352546004242367
23,104,0.00013851290396606943
23,105,0.00014158796793409237
23,106,0.0001444410094605724
23,107,0.00014707582856182216
23,108,0.0001495915512155016
23,109,0.000151987475330901
23,110,0.00015436825522753645
23,111,0.00015672064975107982
23,112,0.0001590008004659915
23,113,0.0001612211835157978
23,114,0.00016328076353484196
23,115,0.00016519088977049354
23,116,0.00016693551944709
23,117,0.0001685143339558394
23,118,0.00016994988928057848
23,119,0.00017128597760918859
23,120,0.00017247285113155183
23,121,0.00017358531730552625
23,122,0.00017452104552269184
23,123,0.00017529866577749076
23,124,0.00017589517316823693
23,125,0.00017632298587384501
23,126,0.0001766234049842091
23,127,0.0001767800993677342
24,0,-2.2807913108860384e-09
24,1,-3.6878086016819885e-09
24,2,-5.6384741334226565e-09
24,3,-8.172291695642908e-09
24,4,-1.1461894016668741e-08
24,5,-1.55998647120662e-08
24,6,-2.0775731452185148e-08
24,7,-2.609175371095134e-08
24,8,-3.68083819326559e-08
24,9,-5.406730894423208e-08
24,10,-8.247703612452952e-08
24,11,-1.346193479289794e-07
24,12,-2.125045723497947e-07
24,13,-3.373791868871135e-07
24,14,-5.351417938359442e-07
24,15,-8.037516849095775e-07
24,16,-1.025301349890056e-06
24,17,-1.0847981880634713e-06
24,18,-1.0791804805340908e-06
24,19,-1.1090166926517648e-06
24,20,-1.2981242972370545e-06
24,21,-1.579624399458208e-06
24,22,-2.4083386070599228e-06
24,23,-2.9456680980572308e-06
24,24,-2.8671010317193754e-06
24,25,-2.8565697596378696e-06
24,26,-2.977449763851514e-06
24,27,-3.175804445874291e-06
24,28,-3.414998335748299e-06
24,29,-3.684393288172027e-06
24,30,-3.987528422788362e-06
24,31,-4.33047144768736e-06
24,32,-4.718352365950043e-06
24,33,-5.160220813540834e-06
24,34,-5.678730534561984e-06
24,35,-6.288299965616233e-06
24,36,-6.894946895939153e-06
24,37,-7.4421618212849774e-06
24,38,-7.891501230267963e-06
24,39,-8.227384054461858e-06
24,40,-8.451690615525997e-06
24,41,-8.580854766714307e-06
24,42,-8.642943948321702e-06
24,43,-8.673861753883047e-06
24,44,-8.714605089214919e-06
24,45,-8.809870390508255e-06
24,46,-9.006625363241832e-06
24,47,-9.399944339516794e-06
24,48,-1.0045696532733009e-05
24,49,-1.098017072733683e-05
24,50,-1.2200610852902322e-05
24,51,-1.3691108423477161e-05
24,52,-1.5419695768721177e-05
24,53,-1.7341206117644568e-05
24,54,-1.940203170200214e-05
24,55,-2.1544819368926108e-05
24,56,-2.3713781062203702e-05
24,57,-2.586446864965444e-05
24,58,-2.8135070973119967e-05
24,59,-3.0439309939116297e-05
24,60,-3.248870360241219e-05
24,61,-3.4200483228449305e-05
24,62,-3.550315964260502e-05
24,63,-3.635959559067507e-05
24,64,-3.674787673310164e-05
24,65,-3.665871364008696e-05
24,66,-3.6093973436280606e-05
24,67,-3.506595663356315e-05
24,68,-3.356522082628788e-05
24,69,-3.160790867725992e-05
24,70,-2.8989476238960658e-05
24,71,-2.5650632565698007e-05
24,72,-2.1817301857401662e-05
24,73,-1.7530038601599303e-05
24,74,-1.284036735311297e-05
24,75,-7.803019310692042e-06
24,76,-2.471950377631359e-06
24,77,3.103045624536929e-06
24,78,8.876565438698392e-06
24,79,1.48094937309587e-05
24,80,2.113262082573327e-05
24,81,2.7829535524953762e-05
24,82,3.4914911965135405e-05
24,83,4.2365213713832186e-05
24,84,4.9834216443587714e-05
24,85,5.727452830347808e-05
24,86,6.464524643240962e-05
24,87,7.191434459285642e-05
24,88,7.907014629548613e-05
24,89,8.609804957296765e-05
24,90,9.298721866546445e-05
24,91,9.974442245278238e-05
24,92,0.0001071174915461712
24,93,0.0001150760458219557
24,94,0.00012282282371351452
24,95,0.00013032631635354828
24,96,0.0001375216682706276
24,97,0.00014437292844018926
24,98,0.00015088694616435493
24,99,0.0001571036506825575
24,100,0.00016305386672979194
24,101,0.0001687892764116632
24,102,0.00017485804325496527
24,103,0.00018124214523558384
24,104,0.0001872932855384938
24,105,0.00019297611490101744
24,106,0.0001982947252556272
24,107,0.00020326547681179797
24,108,0.0002079827972486907
24,109,0.00021243003665032036
24,110,0.00021680418962900756
24,111,0.000221105724433133
24,112,0.0002252710761454515
24,113,0.0002293192511203211
24,114,0.00023305801406906966
24,115,0.00023648951698775013
24,116,0.00023960984915796644
24,117,0.00024244334518854171
24,118,0.0002450162730893204
24,119,0.00024737053246830487
24,120,0.0002494547840845118
24,121,0.0002513945676514857
24,122,0.0002530058774565632
24,123,0.00025433793263385143
24,124,0.00025537526546959576
24,125,0.0002561249673693812
24,126,0.00025666129265055504
24,127,0.0002569543255194054
25,0,-1.0881453379550283e-08
25,1,-7.142129163375961e-09
25,2,-6.462293497341933e-09
25,3,-6.358622665270967e-09
25,4,-6.483780336097414e-09
25,5,-6.788463775009954e-09
25,6,-7.161167394768701e-09
25,7,-7.350626288662017e-09
25,8,-8.144094874256322e-09
25,9,-9.19170876468877e-09
25,10,-1.0686725995145542e-08
25,11,-1.3478918628365294e-08
25,12,-1.670415756676822e-08
25,13,-2.1327663025421473e-08
25,14,-2.7912231170201298e-08
25,15,-3.52078618884168e-08
25,16,-3.7125922624873244e-08
25,17,-3.055870629397529e-08
25,18,-2.1416478629280902e-08
25,19,-1.3105511587221947e-08
25,20,-7.418499070679168e-09
25,21,-2.0567170815704112e-10
25,22,1.7259533035700158e-09
25,23,5.517735886880286e-09
25,24,1.9988957903182884e-08
25,25,3.87364721558707e-08
25,26,5.786181220197644e-08
25,27,7.275535371123262e-08
25,28,7.899447828574969e-08
25,29,7.494901957560322e-08
25,30,5.940181495190194e-08
25,31,3.34505888976105e-08
25,32,-1.1447142247250886e-09
25,33,-4.273073077811536e-08
25,34,-1.0204696643407999e-07
25,35,-1.843536534194065e-07
25,36,-2.7790708010045326e-07
25,37,-3.869286163106791e-07
25,38,-5.182768659870478e-07
25,39,-6.827322095701234e-07
25,40,-8.928503093230101e-07
25,41,-1.161564159708821e-06
25,42,-1.5015247106873482e-06
25,43,-1.923584358654526e-06
25,44,-2.437705154250155e-06
25,45,-3.0575144678598206e-06
25,46,-3.880504198278864e-06
25,47,-4.95734404405152e-06
25,48,-6.226774186024429e-06
25,49,-7.68376137381203e-06
25,50,-9.287999029340837e-06
25,51,-1.1008165172045394e-05
25,52,-1.2809719279249621e-05
25,53,-1.4660522320638442e-05
25,54,-1.6521494391353472e-05
25,55,-1.836038091817872e-05
25,56,-2.0148276489735157e-05
25,57,-2.186521324864546e-05
25,58,-2.3622970784243163e-05
25,59,-2.5384105647355305e-05
25,60,-2.6947782180439594e-05
25,61,-2.827401929664927e-05
25,62,-2.9341174765746517e-05
25,63,-3.0150765952991504e-05
25,64,-3.06966017324778e-05
25,65,-3.0987190133077644e-05
25,66,-3.102169802801122e-05
25,67,-3.077811087136414e-05
25,68,-3.0242394280722108e-05
25,69,-2.9411916003241615e-05
25,70,-2.8160525137340562e-05
25,71,-2.645439765693276e-05
25,72,-2.4395385242380734e-05
25,73,-2.2025104240204705e-05
25,74,-1.9387266490150404e-05
25,75,-1.65249040012789e-05
25,76,-1.3471689211846803e-05
25,77,-1.0249137032296254e-05
25,78,-6.870142194148493e-06
25,79,-3.344736777789293e-06
25,80,4.856401240570588e-07
25,81,4.620581317556296e-06
25,82,9.081905580849737e-06
25,83,1.384681484006067e-05
25,84,1.8675261974590973e-05
25,85,2.35143944363291e-05
25,86,2.831588087992111e-05
25,87,3.304041253669711e-05
25,88,3.766667503931948e-05
25,89,4.2194261843714784e-05
25,90,4.665173886824801e-05
25,91,5.109102219618429e-05
25,92,5.6031718664329896e-05
25,93,6.148584373007814e-05
25,94,6.684933500733915e-05
25,95,7.203914807190107e-05
25,96,7.699629195747036e-05
25,97,8.171378031430153e-05
25,98,8.620212638889848e-05
25,99,9.046837980194818e-05
25,100,9.453549016207093e-05
25,101,9.85093839625477e-05
25,102,0.00010283478685573908
25,103,0.00010754597761447985
25,104,0.00011201936722188048
25,105,0.00011616708804725704
25,106,0.00012002867753708412
25,107,0.00012368326855035519
25,108,0.00012716693469432404
25,109,0.0001304764046841787
25,110,0.00013371149253674726
25,111,0.00013696683326024068
25,112,0.00014016283548759698
25,113,0.00014329510647828882
25,114,0.00014619466698725077
25,115,0.0001488763495376528
25,116,0.00015139197990107265
25,117,0.00015377826142645948
25,118,0.00015601210062677058
25,119,0.00015808679114515592
25,120,0.0001599266136137084
25,121,0.00016167755826225345
25,122,0.000163126452005691
25,123,0.00016429130673029338
25,124,0.00016511826960539746
25,125,0.00016559739223814585
25,126,0.00016577367502720425
25,127,0.00016569268946899443
26,0,2.9708351220351376e-10
26,1,3.771784688786905e-10
26,2,5.071231549939499e-10
26,3,6.942558122361189e-10
26,4,9.567355342365104e-10
26,5,1.3108773375208386e-09
26,6,1.78551368725526e-09
26,7,2.3263537184494966e-09
26,8,3.4696810291121546e-09
26,9,5.513523336439105e-09
26,10,9.292095922451196e-09
26,11,1.6992899279543004e-08
26,12,3.02452836596269e-08
26,13,5.423292337545932e-08
26,14,9.725214144816976e-08
26,15,1.6557878002314465e-07
26,16,2.4088329219936503e-07
26,17,2.9277546893510153e-07
26,18,3.3611244682335365e-07
26,19,3.990713982622803e-07
26,20,5.415388287616427e-07
26,21,7.676903142838471e-07
26,22,1.401874752376257e-06
26,23,2.117614144309763e-06
26,24,2.5562564853985273e-06
26,25,3.1380955339940494e-06
26,26,3.96870718812406e-06
26,27,5.027801649823254e-06
26,28,6.266144997697593e-06
26,29,7.640031175517134e-06
26,30,9.12328541026488e-06
26,31,1.0702794361598276e-05
26,32,1.2377323170764472e-05
26,33,1.4171776290048015e-05
26,34,1.6241985934254488e-05
26,35,1.8615764582614273e-05
26,36,2.098247571324919e-05
26,37,2.319559687886704e-05
26,38,2.513724639156627e-05
26,39,2.6737538128783008e-05
26,40,2.7952788554280005e-05
26,41,2.8761405471548452e-05
26,42,2.916536019923988e-05
26,43,2.9187997153145343e-05
26,44,2.887348903869404e-05
26,45,2.8290210738108078e-05
26,46,2.726428950867804e-05
26,47,2.5841139439076963e-05
26,48,2.4203720908739102e-05
26,49,2.2420810834504135e-05
26,50,2.061062926599622e-05
26,51,1.8829964848949965e-05
26,52,1.712378314631342e-05
26,53,1.552555301293008e-05
26,54,1.406205061724227e-05
26,55,1.2755423709055195e-05
26,56,1.1623701146865242e-05
26,57,1.0682978548444164e-05
26,58,9.84153677059197e-06
26,59,9.158266083728174e-06
26,60,8.696341135295994e-06
26,61,8.389271214707919e-06
26,62,8.16513258281461e-06
26,63,7.95246340373773e-06
26,64,7.702720943615518e-06
26,65,7.399998266746197e-06
26,66,7.061692462301631e-06
26,67,6.728728571786646e-06
26,68,6.444621105352535e-06
26,69,6.255594144040759e-06
26,70,6.17903303791953e-06
26,71,6.229732822317927e-06
26,72,6.364268644587853e-06
26,73,6.494755247134579e-06
26,74,6.539266465570049e-06
26,75,6.445117788337122e-06
26,76,6.201604406075854e-06
26,77,5.839352293152002e-06
26,78,5.419409068517479e-06
26,79,5.016174049055859e-06
26,80,4.681035269904669e-06
26,81,4.4708266755682565e-06
26,82,4.40314642130372e-06
26,83,4.445469787892016e-06
26,84,4.5251022764454295e-06
26,85,4.557991460903955e-06
26,86,4.470329391240197e-06
26,87,4.202085538261153e-06
26,88,3.7297536845645195e-06
26,89,3.102595821105909e-06
26,90,2.4554833511448137e-06
26,91,1.9596762392326553e-06
26,92,1.7204768287102887e-06
26,93,1.7841562744562213e-06
26,94,1.9424895201861526e-06
26,95,1.952448067399364e-06
26,96,1.77850214766709e-06
26,97,1.5022409575247638e-06
26,98,1.1329231932373481e-06
26,99,6.163764642085433e-07
26,100,1.2782505433246752e-08
26,101,-4.534294558956191e-07
26,102,-5.822556261097012e-07
26,103,-4.132525435010603e-07
26,104,-3.831445323072041e-07
26,105,-7.075199651428418e-07
26,106,-1.1709213533943243e-06
26,107,-1.545806202950874e-06
26,108,-1.8285418125875084e-06
26,109,-2.086373201648035e-06
26,110,-2.3387183004840756e-06
26,111,-2.5650219980955745e-06
26,112,-2.7679002693362338e-06
26,113,-2.998222754676076e-06
26,114,-3.3195154619977542e-06
26,115,-3.7152402625841158e-06
26,116,-4.050452992705005e-06
26,117,-4.236992844772834e-06
26,118,-4.36219303361987e-06
26,119,-4.552706079988082e-06
26,120,-4.794012202032754e-06
26,121,-5.022214681564399e-06
26,122,-5.237545298270423e-06
26,123,-5.424659799983996e-06
26,124,-5.570156243757406e-06
26,125,-5.659176533083002e-06
26,126,-5.620635475920349e-06
26,127,-5.5089088586988094e-06
27,0,5.689623407602446e-10
27,1,7.263162672007049e-10
27,2,9.711649251229522e-10
27,3,1.320409046620285e-09
27,4,1.8064676214414919e-09
27,5,2.4575952578263727e-09
27,6,3.3244488124138904e-09
27,7,4.30300194229674e-09
27,8,6.364007391949434e-09
27,9,1.0016581064065046e-08
27,10,1.6708889559576715e-08
27,11,3.023311000218662e-08
27,12,5.32735125965582e-08
27,13,9.461771355378973e-08
27,14,1.681291556773635e-07
27,15,2.837542676377306e-07
27,16,4.0932197202827266e-07
27,17,4.934381623454788e-07
27,18,5.620002533260537e-07
27,19,6.621721133796507e-07
27,20,8.915487087358952e-07
27,21,1.253891115273214e-06
27,22,2.2670429933825396e-06
27,23,3.3861751283421165e-06
27,24,4.044116228033452e-06
27,25,4.9147249797756855e-06
27,26,6.156501365881952e-06
27,27,7.729290309834721e-06
27,28,9.551089405701796e-06
27,29,1.1551869953751352e-05
27,30,1.3690264055765385e-05
27,31,1.5946060418447534e-05
27,32,1.831735811635857e-05
27,33,2.0841847461311652e-05
27,34,2.3719377583013983e-05
27,35,2.6987711253557574e-05
27,36,3.0217983564110107e-05
27,37,3.321017077971726e-05
27,38,3.581025952386841e-05
27,39,3.7928620722311225e-05
27,40,3.951256856433461e-05
27,41,4.0539424163191244e-05
27,42,4.101634842846572e-05
27,43,4.097604866295552e-05
27,44,4.047697599181999e-05
27,45,3.960985304371648e-05
27,46,3.8120041385942336e-05
27,47,3.60667604656947e-05
27,48,3.370114974041472e-05
27,49,3.1113634947171635e-05
27,50,2.8470830320059785e-05
27,51,2.5855924795411907e-05
27,52,2.3337921623895063e-05
27,53,2.0971853139190573e-05
27,54,1.8802392925953063e-05
27,55,1.6865979821691934e-05
27,56,1.5191410163602542e-05
27,57,1.3801475611979563e-05
27,58,1.2563212065730985e-05
27,59,1.1559523412856132e-05
27,60,1.0879115781500695e-05
27,61,1.0423684890550069e-05
27,62,1.0087126061777162e-05
27,63,9.766210777234297e-06
27,64,9.391592342156128e-06
27,65,8.940294699154688e-06
27,66,8.435538508064283e-06
27,67,7.933981399500574e-06
27,68,7.496977635721678e-06
27,69,7.190636583376863e-06
27,70,7.040181029747167e-06
27,71,7.069000896474825e-06
27,72,7.219900262857476e-06
27,73,7.370039680062726e-06
27,74,7.403181008085087e-06
27,75,7.242881322889703e-06
27,76,6.8723178847646144e-06
27,77,6.333626480842422e-06
27,78,5.712854731117599e-06
27,79,5.1154447038741035e-06
27,80,4.616029704419955e-06
27,81,4.297732375765778e-06
27,82,4.189923022784248e-06
27,83,4.250287307764108e-06
27,84,4.374920670708158e-06
27,85,4.441108821924597e-06
27,86,4.3391972962552875e-06
27,87,3.981404337388985e-06
27,88,3.335152371151553e-06
27,89,2.473224292698877e-06
27,90,1.5875837331873728e-06
27,91,9.164826498397703e-07
27,92,6.093664151260276e-07
27,93,7.256409293841398e-07
27,94,9.713699834118014e-07
27,95,1.0114678010753658e-06
27,96,7.971747241475144e-07
27,97,4.409501615214004e-07
27,98,-4.4364172016038286e-08
27,99,-7.325408967314629e-07
27,100,-1.5389471838359677e-06
27,101,-2.153024507208634e-06
27,102,-2.291961544381623e-06
27,103,-2.017305492643925e-06
27,104,-1.9517563969416168e-06
27,105,-2.3985932106028333e-06
27,106,-3.043414255014875e-06
27,107,-3.547614706815745e-06
27,108,-3.905132617956234e-06
27,109,-4.2313741663209225e-06
27,110,-4.566079570391798e-06
27,111,-4.873798494600305e-06
27,112,-5.141675081361245e-06
27,113,-5.437642673906723e-06
27,114,-5.862246494608936e-06
27,115,-6.396487055893437e-06
27,116,-6.846241174374456e-06
27,117,-7.086556451162877e-06
27,118,-7.245398490339604e-06
27,119,-7.503219269607267e-06
27,120,-7.829377174364557e-06
27,121,-8.127228532429363e-06
27,122,-8.400871079062425e-06
27,123,-8.645551623815625e-06
27,124,-8.855212192180496e-06
27,125,-9.00394832873415e-06
27,126,-8.975838583336424e-06
27,127,-8.840366017765103e-06
28,0,9.058577652467345e-10
28,1,1.1446638407891e-09
28,2,1.514507627905143e-09
28,3,2.037373633096803e-09
28,4,2.759256666510449e-09
28,5,3.7183780108162715e-09
28,6,4.985649832880723e-09
28,7,6.400061125768528e-09
28,8,9.369177050434323e-09
28,9,1.4578896795440787e-08
28,10,2.4031015824165162e-08
28,11,4.2959606051988734e-08
28,12,7.485317440910839e-08
28,13,1.3154921669066548e-07
28,14,2.3142804632360593e-07
28,15,3.8686937370648596e-07
28,16,5.529676895909889e-07
28,17,6.60719271076497e-07
28,18,7.460856794576308e-07
28,19,8.717548863898827e-07
28,20,1.1636971517192997e-06
28,21,1.6224294423641748e-06
28,22,2.901374074652081e-06
28,23,4.279682177441131e-06
28,24,5.05029046067213e-06
28,25,6.0673323775708955e-06
28,26,7.517000714861142e-06
28,27,9.338143611437073e-06
28,28,1.1422831208612368e-05
28,29,1.3682112685305613e-05
28,30,1.6064213303725584e-05
28,31,1.8544073231464235e-05
28,32,2.1118819880638248e-05
28,33,2.3830469878549336e-05
28,34,2.6861244792116935e-05
28,35,3.0240116077740483e-05
28,36,3.3512733148433293e-05
28,37,3.646411719869332e-05
28,38,3.8942275368349096e-05
28,39,4.08650143549474e-05
28,40,4.2191133005547903e-05
28,41,4.291211265341188e-05
28,42,4.305001909131761e-05
28,43,4.265241325983958e-05
28,44,4.179218646815854e-05
28,45,4.057271206875428e-05
28,46,3.870380528937013e-05
28,47,3.626765338015374e-05
28,48,3.356295732974436e-05
28,49,3.068625142038021e-05
28,50,2.7810761968079317e-05
28,51,2.5014669177723296e-05
28,52,2.236023319792073e-05
28,53,1.9894910694087392e-05
28,54,1.7656506034286768e-05
28,55,1.5675650256294236e-05
28,56,1.3976060710328469e-05
28,57,1.257583338978405e-05
28,58,1.1341902310130105e-05
28,59,1.0354411908292561e-05
28,60,9.69538622409726e-06
28,61,9.260888365379715e-06
28,62,8.939348282859149e-06
28,63,8.623934418728197e-06
28,64,8.243724341300504e-06
28,65,7.77647646094136e-06
28,66,7.247832104080579e-06
28,67,6.717693164386213e-06
28,68,6.250572416581954e-06
28,69,5.914524064138644e-06
28,70,5.7361029410494045e-06
28,71,5.738647714047924e-06
28,72,5.86515285295494e-06
28,73,5.991590786843024e-06
28,74,6.000872791758005e-06
28,75,5.816940434662729e-06
28,76,5.423690157932067e-06
28,77,4.864061126770656e-06
28,78,4.224639587705331e-06
28,79,3.61060673867217e-06
28,80,3.096533253571292e-06
28,81,2.764185081637375e-06
28,82,2.642561370250924e-06
28,83,2.6889836570644557e-06
28,84,2.801604486579888e-06
28,85,2.8620115687602984e-06
28,86,2.764141426060719e-06
28,87,2.4207449984473845e-06
28,88,1.7961528002591584e-06
28,89,9.586800707446245e-07
28,90,9.659983212458063e-08
28,91,-5.542963333840659e-07
28,92,-8.416516403461986e-07
28,93,-7.118911308337628e-07
28,94,-4.644591584230442e-07
28,95,-4.2800547372674307e-07
28,96,-6.372457969910395e-07
28,97,-9.683863291312388e-07
28,98,-1.410138329317438e-06
28,99,-2.048776808865633e-06
28,100,-2.811928665225236e-06
28,101,-3.393831788432239e-06
28,102,-3.506190902714888e-06
28,103,-3.213205122618048e-06
28,104,-3.1379533679160774e-06
28,105,-3.571473635318537e-06
28,106,-4.188390729684337e-06
28,107,-4.6532348641499e-06
28,108,-4.972200967947621e-06
28,109,-5.267501599804321e-06
28,110,-5.576778684357788e-06
28,111,-5.861402618885755e-06
28,112,-6.102985663230838e-06
28,113,-6.364998017126388e-06
28,114,-6.748364052048204e-06
28,115,-7.238534046269021e-06
28,116,-7.64799280348959e-06
28,117,-7.856177460527466e-06
28,118,-7.98887662854309e-06
28,119,-8.219485437853311e-06
28,120,-8.508018384937826e-06
28,121,-8.760074087858694e-06
28,122,-8.989300567290166e-06
28,123,-9.196168849827962e-06
28,124,-9.379424673589044e-06
28,125,-9.517855735722255e-06
28,126,-9.49470339146928e-06
28,127,-9.368389079438797e-06
29,0,1.3752701544283013e-09
29,1,1.7302890447679444e-09
29,2,2.269837410936622e-09
29,3,3.0258371145464954e-09
29,4,4.062063765205236e-09
29,5,5.428817836321615e-09
29,6,7.222651736029168e-09
29,7,9.204206781396265e-09
29,8,1.3352235670641267e-08
29,9,2.056472858119843e-08
29,10,3.3534261846111886e-08
29,11,5.929131292191613e-08
29,12,1.0224785803166142e-07
29,13,1.7794472723237627e-07
29,14,3.1013992996255956e-07
29,15,5.138183398788358e-07
29,16,7.280817430914016e-07
29,17,8.626743290498927e-07
29,18,9.66206155232134e-07
29,19,1.1200061838407068e-06
29,20,1.4829049067865082e-06
29,21,2.0503213461782956e-06
29,22,3.628323818906025e-06
29,23,5.287904972182483e-06
29,24,6.168276276539801e-06
29,25,7.328591922959631e-06
29,26,8.98326729837945e-06
29,27,1.1045888255997357e-05
29,28,1.3379437955523225e-05
29,29,1.587468175815346e-05
29,30,1.8469436353487172e-05
29,31,2.1134276296870634e-05
29,32,2.3865835303997408e-05
29,33,2.6711095095800906e-05
29,34,2.9824565794844537e-05
29,35,3.322603658465869e-05
29,36,3.644730862764426e-05
29,37,3.92635204263833e-05
29,38,4.1530589767647984e-05
29,39,4.317734032843612e-05
29,40,4.417706029596136e-05
29,41,4.453715689812627e-05
29,42,4.429580414523195e-05
29,43,4.351570560850776e-05
29,44,4.2283101677596845e-05
29,45,4.071207376712573e-05
29,46,3.848123854910353e-05
29,47,3.569530878649319e-05
29,48,3.2696506562872486e-05
29,49,2.9584879890771656e-05
29,50,2.6535439639128406e-05
29,51,2.3618323236111315e-05
29,52,2.0886423064204376e-05
29,53,1.837790464177242e-05
29,54,1.6122348126935308e-05
29,55,1.4143639616253472e-05
29,56,1.2460018288324752e-05
29,57,1.1084566938255883e-05
29,58,9.8879517293126e-06
29,59,8.946141506571432e-06
29,60,8.331918494407724e-06
29,61,7.93732609838001e-06
29,62,7.646533526741581e-06
29,63,7.350469073316813e-06
29,64,6.977729495084572e-06
29,65,6.507252800598064e-06
29,66,5.967120211569036e-06
29,67,5.420194463715341e-06
29,68,4.9338387320225925e-06
29,69,4.57770784807159e-06
29,70,4.380068717069332e-06
29,71,4.364300617829875e-06
29,72,4.473568544373055e-06
29,73,4.5837818506443634e-06
29,74,4.5780683982553315e-06
29,75,4.3811980642377505e-06
29,76,3.977907962640687e-06
29,77,3.4115302434259305e-06
29,78,2.768260226270133e-06
29,79,2.1520305149921355e-06
29,80,1.6369616477345106e-06
29,81,1.302979959679283e-06
29,82,1.178524292005173e-06
29,83,1.2209768065615807e-06
29,84,1.330903894085599e-06
29,85,1.395163024358749e-06
29,86,1.3125150149953175e-06
29,87,9.972697248357164e-07
29,88,4.1065312548472037e-07
29,89,-3.846773935591439e-07
29,90,-1.2058902257167783e-06
29,91,-1.8211818650665897e-06
29,92,-2.075209838496237e-06
29,93,-1.920280126158636e-06
29,94,-1.66027844437576e-06
29,95,-1.6151080513708612e-06
29,96,-1.8048385327815741e-06
29,97,-2.0946966701145235e-06
29,98,-2.475062875572675e-06
29,99,-3.0446979862788267e-06
29,100,-3.744542548142908e-06
29,101,-4.2755563887318305e-06
29,102,-4.34404328704476e-06
29,103,-4.015410483152932e-06
29,104,-3.9107320180528985e-06
29,105,-4.307124991861149e-06
29,106,-4.8703137042129165e-06
29,107,-5.27018158264797e-06
29,108,-5.525426306168813e-06
29,109,-5.764836371613987e-06
29,110,-6.022836700422164e-06
29,111,-6.257530401838794e-06
29,112,-6.445522099888471e-06
29,113,-6.645633820310279e-06
29,114,-6.959612636368216e-06
29,115,-7.3776569443288624e-06
29,116,-7.720111652321287e-06
29,117,-7.871652654551405e-06
29,118,-7.95538786641824e-06
29,119,-8.136909038799106e-06
29,120,-8.367506693618032e-06
29,121,-8.555354171194917e-06
29,122,-8.725212769097947e-06
29,123,-8.882157943225163e-06
29,124,-9.029109599416e-06
29,125,-9.150793897585732e-06
29,126,-9.129258618191058e-06
29,127,-9.010744101022544e-06
30,0,2.0572502823339274e-09
30,1,2.577249865764279e-09
30,2,3.351880279945624e-09
30,3,4.42734067580074e-09
30,4,5.890717104445869e-09
30,5,7.80670453701316e-09
30,6,1.0304477971648243e-08
30,7,1.3034425066638303e-08
30,8,1.8734893725309708e-08
30,9,2.8556424889905497e-08
30,10,4.606081505079992e-08
30,11,8.05375885146373e-08
30,12,1.3744802766282291e-07
30,13,2.3686202853780683e-07
30,14,4.0897426694776433e-07
30,15,6.714920723279504e-07
30,16,9.432847770005378e-07
30,17,1.1083045340929597e-06
30,18,1.2312238146476248e-06
30,19,1.41591934977254e-06
30,20,1.8594581309654313e-06
30,21,2.5496810108664193e-06
30,22,4.465081551231317e-06
30,23,6.429628518132534e-06
30,24,7.4138509946820845e-06
30,25,8.711062222052282e-06
30,26,1.0564282098974847e-05
30,27,1.2856908415476084e-05
30,28,1.5419492721328354e-05
30,29,1.812135402640551e-05
30,30,2.0890126846820284e-05
30,31,2.369279847889353e-05
30,32,2.652640921045022e-05
30,33,2.9443445211255177e-05
30,34,3.256018057243266e-05
30,35,3.58875419902024e-05
30,36,3.895705277323496e-05
30,37,4.153949716998896e-05
30,38,4.350474579586249e-05
30,39,4.4796446355826204e-05
30,40,4.5405103102038933e-05
30,41,4.5355667656818566e-05
30,42,4.4702941988865864e-05
30,43,4.352436886496338e-05
30,44,4.191827156451518e-05
30,45,4.0007192983786915e-05
30,46,3.7443469552535126e-05
30,47,3.4353771455208445e-05
30,48,3.1118021850992074e-05
30,49,2.7836380665883078e-05
30,50,2.468043749163422e-05
30,51,2.1709214472204036e-05
30,52,1.8963803815152028e-05
30,53,1.6471539449183645e-05
30,54,1.4252795588565417e-05
30,55,1.2324136826378596e-05
30,56,1.0698187263839845e-05
30,57,9.383090364836583e-06
30,58,8.256983967516812e-06
30,59,7.390378745883871e-06
30,60,6.84441381421881e-06
30,61,6.508533962414553e-06
30,62,6.263965493402556e-06
30,63,6.000795962314162e-06
30,64,5.648150803303468e-06
30,65,5.186757946981572e-06
30,66,4.647322002638164e-06
30,67,4.0955057676432015e-06
30,68,3.6013693589286636e-06
30,69,3.235802921606845e-06
30,70,3.0291900337932128e-06
30,71,3.0048307052127064e-06
30,72,3.105799668302658e-06
30,73,3.208844195319953e-06
30,74,3.198190948714957e-06
30,75,3.0000058240127496e-06
30,76,2.5999979557554725e-06
30,77,2.0415779536488806e-06
30,78,1.4098920283277394e-06
30,79,8.068495164481744e-07
30,80,3.0579941600227656e-07
30,81,-1.5959902756919667e-08
30,82,-1.309567979020959e-07
30,83,-8.137895822625507e-08
30,84,3.6378459027142596e-08
30,85,1.1550045286245623e-07
30,86,6.036385468078984e-08
30,87,-2.1263740618180608e-07
30,88,-7.452600291883404e-07
30,89,-1.4811445220903458e-06
30,90,-2.244234567874637e-06
30,91,-2.8081065848591608e-06
30,92,-3.014390176501441e-06
30,93,-2.8215242813351225e-06
30,94,-2.5371578411697423e-06
30,95,-2.470313612093551e-06
30,96,-2.6257070026643e-06
30,97,-2.857924912153108e-06
30,98,-3.1591692991369113e-06
30,99,-3.6407688771001396e-06
30,100,-4.257795942209723e-06
30,101,-4.719272539358545e-06
30,102,-4.726229289224531e-06
30,103,-4.344254618286369e-06
30,104,-4.1902771898971405e-06
30,105,-4.525999534117343e-06
30,106,-5.009887165226821e-06
30,107,-5.319502461526016e-06
30,108,-5.486366597633965e-06
30,109,-5.645110571995909e-06
30,110,-5.825988711057587e-06
30,111,-5.984201178161644e-06
30,112,-6.091929272872398e-06
30,113,-6.202906005429379e-06
30,114,-6.419947727332626e-06
30,115,-6.73814762829636e-06
30,116,-6.9870811863951906e-06
30,117,-7.057851714949551e-06
30,118,-7.070475054796266e-06
30,119,-7.181686768661219e-06
30,120,-7.334476569017659e-06
30,121,-7.439930119705631e-06
30,122,-7.534836463481004e-06
30,123,-7.628062997278529e-06
30,124,-7.72642684236884e-06
30,125,-7.821094703935563e-06
30,126,-7.794124616244966e-06
30,127,-7.68017534641888e-06
31,0,3.025849255293695e-09
31,1,3.7746023486503304e-09
31,2,4.866595385319222e-09
31,3,6.368378313225957e-09
31,4,8.396829419431312e-09
31,5,1.103290707255158e-08
31,6,1.4446129394545188e-08
31,7,1.8135610851552694e-08
31,8,2.5823275549183665e-08
31,9,3.89462480115991e-08
31,10,6.212651350212082e-08
31,11,1.0740748386216684e-07
31,12,1.8137956571066338e-07
31,13,3.094704080618531e-07
31,14,5.293010059186498e-07
31,15,8.611978138182495e-07
31,16,1.19923306009254e-06
31,17,1.397144580021973e-06
31,18,1.5393913286188324e-06
31,19,1.7562173447471587e-06
31,20,2.2874909383340762e-06
31,21,3.110482595947124e-06
31,22,5.390201677900899e-06
31,23,7.668394565481086e-06
31,24,8.739793029675741e-06
31,25,1.0154432128198003e-05
31,26,1.2182348254367565e-05
31,27,1.4672498785838435e-05
31,28,1.7421078024323576e-05
31,29,2.0276132107922848e-05
31,30,2.3156260445155653e-05
31,31,2.60262660554799e-05
31,32,2.888479947280026e-05
31,33,3.1790222023526794e-05
31,34,3.481022072796883e-05
31,35,3.7948218592754916e-05
31,36,4.07525988392812e-05
31,37,4.299686736342471e-05
31,38,4.4571073008584046e-05
31,39,4.543713275621113e-05
31,40,4.5604608519317474e-05
31,41,4.511651828206079e-05
31,42,4.404363529182004e-05
31,43,4.247646221323627e-05
31,44,4.052284060996218e-05
31,45,3.831037672222539e-05
31,46,3.547302969083302e-05
31,47,3.215691168206141e-05
31,48,2.8769869514545697e-05
31,49,2.5408281350551988e-05
31,50,2.2234297573112623e-05
31,51,1.9292975424431996e-05
31,52,1.6611630334428537e-05
31,53,1.420549958667553e-05
31,54,1.2085229703952618e-05
31,55,1.0260071363520062e-05
31,56,8.737277911441387e-06
31,57,7.520485207626029e-06
31,58,6.499409122021054e-06
31,59,5.737933413740945e-06
31,60,5.2833337768253155e-06
31,61,5.024330977991395e-06
31,62,4.840915256653361e-06
31,63,4.623967365578338e-06
31,64,4.304318502009369e-06
31,65,3.865092724193372e-06
31,66,3.3396979984544752e-06
31,67,2.7962882937552497e-06
31,68,2.3072693664243465e-06
31,69,1.944305675189688e-06
31,70,1.7402421537548688e-06
31,71,1.7180970409328395e-06
31,72,1.820650880604378e-06
31,73,1.9265435900464666e-06
31,74,1.9221501168977023e-06
31,75,1.7357456735548791e-06
31,76,1.3541044663011448e-06
31,77,8.201759972174938e-07
31,78,2.1715884283089133e-07
31,79,-3.560046964992298e-07
31,80,-8.269342626246628e-07
31,81,-1.1215476775747358e-06
31,82,-1.2136622821625572e-06
31,83,-1.1448353202724607e-06
31,84,-1.0080649662423983e-06
31,85,-9.027325610966111e-07
31,86,-9.178028008141039e-07
31,87,-1.1341145958710868e-06
31,88,-1.5962968535203092e-06
31,89,-2.2550052428363254e-06
31,90,-2.9423728476976835e-06
31,91,-3.4387885656227385e-06
31,92,-3.5830309197162153e-06
31,93,-3.3398422938752207e-06
31,94,-3.0196795678093313e-06
31,95,-2.918413216981519e-06
31,96,-3.0248353242945325e-06
31,97,-3.1835689198828416e-06
31,98,-3.388903311863499e-06
31,99,-3.764454542388585e-06
31,100,-4.280030947985388e-06
31,101,-4.654245821115123e-06
31,102,-4.583360824921611e-06
31,103,-4.131965339331948e-06
31,104,-3.910286273263436e-06
31,105,-4.163173606976565e-06
31,106,-4.543865954111904e-06
31,107,-4.739749137174033e-06
31,108,-4.7952031542881755e-06
31,109,-4.850294077320884e-06
31,110,-4.930277921979475e-06
31,111,-4.987627835520278e-06
31,112,-4.990763209218675e-06
31,113,-4.987943793243096e-06
31,114,-5.0833386393697496e-06
31,115,-5.276954625263006e-06
31,116,-5.408847020007318e-06
31,117,-5.377364227718479e-06
31,118,-5.299105341731386e-06
31,119,-5.32104851841248e-06
31,120,-5.378600183252563e-06
31,121,-5.385974596719954e-06
31,122,-5.392731897453124e-06
31,123,-5.4106191321266135e-06
31,124,-5.449773327370911e-06
31,125,-5.508083633813153e-06
31,126,-5.468972078427787e-06
31,127,-5.356445399535108e-06
32,0,4.358730603349583e-09
32,1,5.414293309359415e-09
32,2,6.9195337723691016e-09
32,3,8.969502319828077e-09
32,4,1.1717748419991283e-08
32,5,1.5262305155196082e-08
32,6,1.982036590234447e-08
32,7,2.469089379963144e-08
32,8,3.48217828332382e-08
32,9,5.1952819062279574e-08
32,10,8.194201636363855e-08
32,11,1.4004184855505408e-07
32,12,2.3395916872436295e-07
32,13,3.9515490209613166e-07
32,14,6.693689423830511e-07
32,15,1.0790915251157168e-06
32,16,1.4893604222016725e-06
32,17,1.720304473996382e-06
32,18,1.8797167881931694e-06
32,19,2.12716936299643e-06
32,20,2.7476963660758727e-06
32,21,3.7047323505985665e-06
32,22,6.351966044867456e-06
32,23,8.926384511276911e-06
32,24,1.0053873239276872e-05
32,25,1.1548726827034157e-05
32,26,1.3703491668869454e-05
32,27,1.6330230329947282e-05
32,28,1.9191486282992623e-05
32,29,2.2116321443919825e-05
32,30,2.5016772967341056e-05
32,31,2.7857533786160947e-05
32,32,3.064030640018574e-05
32,33,3.342926147411346e-05
32,34,3.6235014908292226e-05
32,35,3.905602223667681e-05
32,36,4.147747018966679e-05
32,37,4.3284069261871935e-05
32,38,4.439174099000078e-05
32,39,4.4782985685615735e-05
32,40,4.448676191017292e-05
32,41,4.356297347651044e-05
32,42,4.2095966283062173e-05
32,43,4.0186043181385935e-05
32,44,3.794658862111699e-05
32,45,3.550565757923483e-05
32,46,3.2490209679836206e-05
32,47,2.906107121949748e-05
32,48,2.563960464489186e-05
32,49,2.2314048595409587e-05
32,50,1.9230784384634895e-05
32,51,1.641861342942904e-05
32,52,1.3889793732743227e-05
32,53,1.1647131908355521e-05
32,54,9.691743257104722e-06
32,55,8.026089076257134e-06
32,56,6.652857648336487e-06
32,57,5.572121411229428e-06
32,58,4.689306007741754e-06
32,59,4.060731123397995e-06
32,60,3.7181518660565927e-06
32,61,3.5517824205771545e-06
32,62,3.4424274761233907e-06
32,63,3.283592052891554e-06
32,64,3.0090617148417656e-06
32,65,2.6049573490719265e-06
32,66,2.1073271573095976e-06
32,67,1.5862914719546845e-06
32,68,1.1160973361976012e-06
32,69,7.686015211773098e-07
32,70,5.793298399186211e-07
32,71,5.708816238403665e-07
32,72,6.855941238778451e-07
32,73,8.050346600018217e-07
32,74,8.187661117270511e-07
32,75,6.578432501653067e-07
32,76,3.1028088813318036e-07
32,77,-1.8184317439943654e-07
32,78,-7.38162135580421e-07
32,79,-1.263743119353373e-06
32,80,-1.6876479849894164e-06
32,81,-1.939767416185841e-06
32,82,-1.9955357093247317e-06
32,83,-1.8955037558268995e-06
32,84,-1.728738457995593e-06
32,85,-1.5861649151561766e-06
32,86,-1.5491458868416538e-06
32,87,-1.695045081753502e-06
32,88,-2.07109646846368e-06
32,89,-2.635600993115534e-06
32,90,-3.230358679890948e-06
32,91,-3.644130442904684e-06
32,92,-3.7133757243898515e-06
32,93,-3.409210720947261e-06
32,94,-3.0434091419442016e-06
32,95,-2.896328268415695e-06
32,96,-2.94065005531104e-06
32,97,-3.0120314847021365e-06
32,98,-3.1070213783615055e-06
32,99,-3.3609493495688475e-06
32,100,-3.7587387346485606e-06
32,101,-4.0301441672438375e-06
32,102,-3.8678354491174096e-06
32,103,-3.3345969936478864e-06
32,104,-3.0308253310200988e-06
32,105,-3.182291599902716e-06
32,106,-3.4392018595870054e-06
32,107,-3.501604298658308e-06
32,108,-3.4268942868314687e-06
32,109,-3.3596523066666312e-06
32,110,-3.319236712167225e-06
32,111,-3.255735856932875e-06
32,112,-3.1347160592384548e-06
32,113,-2.998832077666263e-06
32,114,-2.9533243085849333e-06
32,115,-3.002728269387124e-06
32,116,-2.998543014616903e-06
32,117,-2.8478865835254446e-06
32,118,-2.6633139349299625e-06
32,119,-2.5811980160293306e-06
32,120,-2.5304145110407975e-06
32,121,-2.4287554733917287e-06
32,122,-2.3386215418715334e-06
32,123,-2.2731289993639486e-06
32,124,-2.245040406998172e-06
32,125,-2.259183554160194e-06
32,126,-2.202055774888704e-06
32,127,-2.0881970000102045e-06
33,0,6.1070957627234734e-09
33,1,7.553678051624158e-09
33,2,9.568060589417145e-09
33,3,1.2283824301992415e-08
33,4,1.589716918115614e-08
33,5,2.052173430011136e-08
33,6,2.6427366887528997e-08
33,7,3.266208075204347e-08
33,8,4.561358513777795e-08
33,9,6.730430322057547e-08
33,10,1.0493241123430497e-07
33,11,1.7722971220194218e-07
33,12,2.928461291958877e-07
33,13,4.895150325394612e-07
33,14,8.210853014132412e-07
33,15,1.3112617673745622e-06
33,16,1.7934645521914165e-06
33,17,2.053482110982154e-06
33,18,2.2247711776251343e-06
33,19,2.4969244268505973e-06
33,20,3.198055723490365e-06
33,21,4.274840780544183e-06
33,22,7.250258525054509e-06
33,23,1.0061807180942204e-05
33,24,1.1196470910969833e-05
33,25,1.2711961685950887e-05
33,26,1.4914678769991709e-05
33,27,1.7580998910621263e-05
33,28,2.0444856356502704e-05
33,29,2.332168582690175e-05
33,30,2.612098349235126e-05
33,31,2.8810075222267397e-05
33,32,3.139519569953985e-05
33,33,3.3945454380253185e-05
33,34,3.641020949622975e-05
33,35,3.878662534089378e-05
33,36,4.07178285451675e-05
33,37,4.200900665549928e-05
33,38,4.260589049924532e-05
33,39,4.251192855356565e-05
33,40,4.1773574559800726e-05
33,41,4.0464107084156616e-05
33,42,3.867683355015628e-05
33,43,3.651671420693138e-05
33,44,3.4097259141500456e-05
33,45,3.154122926546885e-05
33,46,2.848357723804086e-05
33,47,2.5092445456794782e-05
33,48,2.178390270010257e-05
33,49,1.863367836757196e-05
33,50,1.5766065178184174e-05
33,51,1.319258228456539e-05
33,52,1.0910490145618776e-05
33,53,8.910894014242546e-06
33,54,7.186481578789844e-06
33,55,5.734263871620162e-06
33,56,4.553781953223018e-06
33,57,3.6429827589279416e-06
33,58,2.926668966457856e-06
33,59,2.453007886991369e-06
33,60,2.237549148418624e-06
33,61,2.1745274188843713e-06
33,62,2.147865585792543e-06
33,63,2.0557339384541445e-06
33,64,1.836220643806313e-06
33,65,1.478932396555031e-06
33,66,1.0222994929994241e-06
33,67,5.376622605944318e-07
33,68,1.002943562402369e-07
33,69,-2.1858664442490932e-07
33,70,-3.8083008021356663e-07
33,71,-3.644917472673068e-07
33,72,-2.276728098754783e-07
33,73,-8.458482457923503e-08
33,74,-4.1229706480520644e-08
33,75,-1.6304698947492982e-07
33,76,-4.607788094714378e-07
33,77,-8.938260056532085e-07
33,78,-1.3856258061044135e-06
33,79,-1.8463032151830575e-06
33,80,-2.206865296524137e-06
33,81,-2.401896628396615e-06
33,82,-2.4088627566596662e-06
33,83,-2.266930825089397e-06
33,84,-2.0606525260222176e-06
33,85,-1.8714908600686273e-06
33,86,-1.7722979047696048e-06
33,87,-1.8362164596001184e-06
33,88,-2.112701411949743e-06
33,89,-2.568215488882406e-06
33,90,-3.0557109377062336e-06
33,91,-3.373980538869254e-06
33,92,-3.3581743448105584e-06
33,93,-2.9857551793027935e-06
33,94,-2.5677195748690364e-06
33,95,-2.366418293982429e-06
33,96,-2.3385887083518393e-06
33,97,-2.312471215116371e-06
33,98,-2.2870512338995487e-06
33,99,-2.4081609478260435e-06
33,100,-2.6759264379610387e-06
33,101,-2.8334224762294033e-06
33,102,-2.5721244854635804e-06
33,103,-1.9512926618860077e-06
33,104,-1.556400125301613e-06
33,105,-1.5927720626241293e-06
33,106,-1.7111782275508536e-06
33,107,-1.6273197803616967e-06
33,108,-1.4108271424056594e-06
33,109,-1.2094536551281874e-06
33,110,-1.0360790617807826e-06
33,111,-8.389954221462768e-07
33,112,-5.821033205328907e-07
33,113,-3.0205301869073295e-07
33,114,-1.0444706354957466e-07
33,115,2.2544954174056335e-09
33,116,1.535220657825659e-07
33,117,4.3286761626524373e-07
33,118,7.320421791778591e-07
33,119,9.261678033228001e-07
33,120,1.091724941973646e-06
33,121,1.307039445076221e-06
33,122,1.4973946303768315e-06
33,123,1.6495824752738842e-06
33,124,1.7491835987085201e-06
33,125,1.7843244717840503e-06
33,126,1.8636818230594387e-06
33,127,1.9808332307476063e-06
34,0,8.221706837782667e-09
34,1,1.012451376757291e-08
34,2,1.2708875290529743e-08
34,3,1.6156742904618834e-08
34,4,2.0709058662033635e-08
34,5,2.6489908912623223e-08
34,6,3.3820177933740555e-08
34,7,4.146105468852611e-08
34,8,5.732135933190981e-08
34,9,8.36229745798619e-08
34,10,1.2883325296916677e-07
34,11,2.1497786122093624e-07
34,12,3.5123017657830275e-07
34,13,5.808991194140745e-07
34,14,9.645789927115687e-07
34,15,1.5256124130561738e-06
34,16,2.0673376648567005e-06
34,17,2.345892466111692e-06
34,18,2.5195273557191543e-06
34,19,2.80389198575982e-06
34,20,3.5601232521556263e-06
34,21,4.716838526431987e-06
34,22,7.911327507599836e-06
34,23,1.0838858700495474e-05
34,24,1.1912195525558574e-05
34,25,1.336315325018077e-05
34,26,1.5497761559242823e-05
34,27,1.806431490637149e-05
34,28,2.0779787198677278e-05
34,29,2.34555158603642e-05
34,30,2.600426723493595e-05
34,31,2.8399106170019435e-05
34,32,3.065184330977639e-05
34,33,3.283430863099284e-05
34,34,3.4838294040796697e-05
34,35,3.6664000831649365e-05
34,36,3.803145963023687e-05
34,37,3.877537512330747e-05
34,38,3.887192892829622e-05
34,39,3.834282369300678e-05
34,40,3.7246883699008835e-05
34,41,3.566452798527247e-05
34,42,3.3691094782589756e-05
34,43,3.142912533559842e-05
34,44,2.8985361373316543e-05
34,45,2.6470866658904302e-05
34,46,2.3547266489736084e-05
34,47,2.0379906022469725e-05
34,48,1.7356450592470983e-05
34,49,1.4536453136942363e-05
34,50,1.2017110682770251e-05
34,51,9.793422692860022e-06
34,52,7.849221900666205e-06
34,53,6.166051572712915e-06
34,54,4.730576530502697e-06
34,55,3.5366390918863084e-06
34,56,2.582652735971718e-06
34,57,1.866302822245242e-06
34,58,1.3345326702384891e-06
34,59,1.0274508080199916e-06
34,60,9.449943975156914e-07
34,61,9.880772792514377e-07
34,62,1.0463150659040907e-06
34,63,1.024552603824542e-06
34,64,8.663375798023437e-07
34,65,5.650058559449482e-07
34,66,1.6082184135999288e-07
34,67,-2.747075505993508e-07
34,68,-6.663741812358314e-07
34,69,-9.445527436883182e-07
34,70,-1.068791230592361e-06
34,71,-1.0180655013313474e-06
34,72,-8.508075048528946e-07
34,73,-6.756930919048443e-07
34,74,-5.92965385362718e-07
34,75,-6.637836488586689e-07
34,76,-8.975900061830836e-07
34,77,-1.2558988588707247e-06
34,78,-1.6670375188973082e-06
34,79,-2.0473226295027574e-06
34,80,-2.3303750542341247e-06
34,81,-2.45620208259296e-06
34,82,-2.4046980961326457e-06
34,83,-2.2132120707268167e-06
34,84,-1.9610742934663094e-06
34,85,-1.71940837874372e-06
34,86,-1.5517305203500136e-06
34,87,-1.526191883069479e-06
34,88,-1.6938968321956038e-06
34,89,-2.029809613156142e-06
34,90,-2.3995210355994476e-06
34,91,-2.61365681928602e-06
34,92,-2.507725954361263e-06
34,93,-2.0653109204985388e-06
34,94,-1.593668744552225e-06
34,95,-1.3346917110516874e-06
34,96,-1.2297547126694473e-06
34,97,-1.101654130963314e-06
34,98,-9.521885050101804e-07
34,99,-9.365694074912105e-07
34,100,-1.0698999836767897e-06
34,101,-1.1098989782947944e-06
34,102,-7.493860150081817e-07
34,103,-4.287686084219823e-08
34,104,4.43944988545148e-07
34,105,5.274058923239395e-07
34,106,5.526437751862454e-07
34,107,7.856251471434777e-07
34,108,1.1454766858938585e-06
34,109,1.4829432558750101e-06
34,110,1.7916396786795719e-06
34,111,2.1244278003931186e-06
34,112,2.5180227545643967e-06
34,113,2.9419165626992595e-06
34,114,3.291404821251455e-06
34,115,3.5544624415462745e-06
34,116,3.853166436791776e-06
34,117,4.260581513710252e-06
34,118,4.673207078393708e-06
34,119,4.978631211552616e-06
34,120,5.256758356053273e-06
34,121,5.581508613694527e-06
34,122,5.8672674288076024e-06
34,123,6.102598369503943e-06
34,124,6.272635609747732e-06
34,125,6.358561870527047e-06
34,126,6.4621392335599e-06
34,127,6.5834459214400255e-06
35,0,1.0387331599592457e-08
35,1,1.2731032297847609e-08
35,2,1.583330814212702e-08
35,3,1.9927635878367073e-08
35,4,2.5291694883636263e-08
35,5,3.2049233650303844e-08
35,6,4.055686467614171e-08
35,7,4.930630912166658e-08
35,8,6.746515279206307e-08
35,9,9.727572791422634e-08
35,10,1.4804483898947448e-07
35,11,2.4397567671554016e-07
35,12,3.940043316565963e-07
35,13,6.445610052434047e-07
35,14,1.059245225666879e-06
35,15,1.658805955572664e-06
35,16,2.2264822860079232e-06
35,17,2.5032923720314437e-06
35,18,2.664646437537431e-06
35,19,2.9397276519812936e-06
35,20,3.6994254030213423e-06
35,21,4.857012340940124e-06
35,22,8.053842522603696e-06
35,23,1.0889128982106029e-05
35,24,1.1815432910141343e-05
35,25,1.3091779663956767e-05
35,26,1.500257088390395e-05
35,27,1.728594198994948e-05
35,28,1.9662966731851196e-05
35,29,2.19556051760835e-05
35,30,2.4087306049971714e-05
35,31,2.603973245165515e-05
35,32,2.783015142070835e-05
35,33,2.952872061454785e-05
35,34,3.0985831078580435e-05
35,35,3.220851882202174e-05
35,36,3.3005392478835097e-05
35,37,3.3247758642572796e-05
35,38,3.2937595783908204e-05
35,39,3.2108162011673545e-05
35,40,3.082188167188015e-05
35,41,2.9156767297883576e-05
35,42,2.720084021271129e-05
35,43,2.5045719567024785e-05
35,44,2.278391688890346e-05
35,45,2.050821931520329e-05
35,46,1.7928068566954986e-05
35,47,1.5193210713334e-05
35,48,1.2637562878954812e-05
35,49,1.0302729262867686e-05
35,50,8.256105798948936e-06
35,51,6.4793772659474785e-06
35,52,4.946983759192662e-06
35,53,3.6350107074863933e-06
35,54,2.5277336780051465e-06
35,55,1.6188865868521904e-06
35,56,9.082847860765165e-07
35,57,3.955815168968308e-07
35,58,5.086781494938623e-08
35,59,-9.314062249199102e-08
35,60,-4.989757570713441e-08
35,61,9.079329391802466e-08
35,62,2.2686285858389028e-07
35,63,2.7175230073529227e-07
35,64,1.7546966814142743e-07
35,65,-6.495211210880524e-08
35,66,-4.0836481564011305e-07
35,67,-7.845877823196707e-07
35,68,-1.1199842687776283e-06
35,69,-1.3477282712657852e-06
35,70,-1.42582242698421e-06
35,71,-1.3344548778922175e-06
35,72,-1.1318965139319775e-06
35,73,-9.198774933278648e-07
35,74,-7.915287736827063e-07
35,75,-8.029744677878546e-07
35,76,-9.623576251392611e-07
35,77,-1.2340051505155447e-06
35,78,-1.5522368030912173e-06
35,79,-1.8406941804132158e-06
35,80,-2.0364804819282343e-06
35,81,-2.0857155941556557e-06
35,82,-1.9710953981980152e-06
35,83,-1.727657266278591e-06
35,84,-1.4286418421926972e-06
35,85,-1.134115629071437e-06
35,86,-8.976348851937348e-07
35,87,-7.816003023396157e-07
35,88,-8.379947531504219e-07
35,89,-1.0503601931412348e-06
35,90,-1.2982831985593998e-06
35,91,-1.4061284985726296e-06
35,92,-1.2122940740616493e-06
35,93,-7.060273092571705e-07
35,94,-1.866069668296908e-07
35,95,1.2680790368059762e-07
35,96,3.062630853441075e-07
35,97,5.312457897848309e-07
35,98,7.974335907289991e-07
35,99,9.433486054774716e-07
35,100,9.402306608434684e-07
35,101,1.0132858592775468e-06
35,102,1.463412968694257e-06
35,103,2.2416531681305418e-06
35,104,2.8091767472950535e-06
35,105,3.005508516313674e-06
35,106,3.1672166641842413e-06
35,107,3.539016503934142e-06
35,108,4.030388199735913e-06
35,109,4.4925777782337045e-06
35,110,4.925566339814851e-06
35,111,5.382456615913396e-06
35,112,5.899225519292445e-06
35,113,6.451725364720073e-06
35,114,6.937607030902294e-06
35,115,7.343060623432413e-06
35,116,7.775995766268475e-06
35,117,8.297874008157105e-06
35,118,8.81036253565227e-06
35,119,9.214226797830845e-06
35,120,9.59124933567927e-06
35,121,1.0010535410593676e-05
35,122,1.0377852984404943e-05
35,123,1.068487949727807e-05
35,124,1.0917582396158049e-05
35,125,1.1050746285942863e-05
35,126,1.117729395557384e-05
35,127,1.1302031892556324e-05
36,0,1.167319914833965e-08
36,1,1.4226072891064333e-08
36,2,1.7522618650070022e-08
36,3,2.1825926160689065e-08
36,4,2.7420293677876346e-08
36,5,3.441127970521184e-08
36,6,4.31495434626955e-08
36,7,5.200833435367329e-08
36,8,7.040668254126889e-08
36,9,1.0030025824568704e-07
36,10,1.5073931162435609e-07
36,11,2.452568906330121e-07
36,12,3.9138528007444095e-07
36,13,6.331544975973062e-07
36,14,1.029527865468856e-06
36,15,1.5960293209593676e-06
36,16,2.1214874791690897e-06
36,17,2.3629488727475893e-06
36,18,2.4924723394196985e-06
36,19,2.725574718101551e-06
36,20,3.398942664744781e-06
36,21,4.421428165096155e-06
36,22,7.246919868885798e-06
36,23,9.667361083701983e-06
36,24,1.0354432212788989e-05
36,25,1.1329959919942637e-05
36,26,1.2827297129900282e-05
36,27,1.460784341339912e-05
36,28,1.6430385114965654e-05
36,29,1.8148090560152716e-05
36,30,1.9703397803270377e-05
36,31,2.108803530310016e-05
36,32,2.2322204074884813e-05
36,33,2.3466912184261786e-05
36,34,2.4365273231168093e-05
36,35,2.503216341104232e-05
36,36,2.53613833285757e-05
36,37,2.526389705183964e-05
36,38,2.4755098296140903e-05
36,39,2.3867784651359295e-05
36,40,2.2655194045915088e-05
36,41,2.1180955834097222e-05
36,42,1.9515062508376095e-05
36,43,1.7729089090042878e-05
36,44,1.5894005944325036e-05
36,45,1.407924774972661e-05
36,46,1.2064041708801486e-05
36,47,9.968722181476814e-06
36,48,8.048980152798774e-06
36,49,6.3294063281831065e-06
36,50,4.848882071506886e-06
36,51,3.5822095137960694e-06
36,52,2.5008222553024803e-06
36,53,1.5810932061764117e-06
36,54,8.097124349250525e-07
36,55,1.8403149684357442e-07
36,56,-2.919290780234172e-07
36,57,-6.142688846582166e-07
36,58,-7.912354052890997e-07
36,59,-7.960040630346293e-07
36,60,-6.512670846579729e-07
36,61,-4.354067588761632e-07
36,62,-2.398151164283132e-07
36,63,-1.4095613304550654e-07
36,64,-1.8179100331879877e-07
36,65,-3.62077445830556e-07
36,66,-6.411534223206191e-07
36,67,-9.520337638560108e-07
36,68,-1.2245813246774147e-06
36,69,-1.3962337571351003e-06
36,70,-1.4247141783212788e-06
36,71,-1.2917699118914104e-06
36,72,-1.0546247534203119e-06
36,73,-8.065674687636229e-07
36,74,-6.322114189836999e-07
36,75,-5.819073534891719e-07
36,76,-6.625531911351501e-07
36,77,-8.420033730253204e-07
36,78,-1.061657587161837e-06
36,79,-1.2535763678329808e-06
36,80,-1.3594275725880079e-06
36,81,-1.3320513628947509e-06
36,82,-1.1572839020559048e-06
36,83,-8.673054235586892e-07
36,84,-5.282082702994796e-07
36,85,-1.8856530579034303e-07
36,86,1.0841842168712982e-07
36,87,3.0684684171733315e-07
36,88,3.5488535586872213e-07
36,89,2.6072730544217645e-07
36,90,1.2970870439413788e-07
36,91,1.2172787581871112e-07
36,92,3.919294033675822e-07
36,93,9.454502751784627e-07
36,94,1.4958218463241673e-06
36,95,1.8492273307115602e-06
36,96,2.0896022419419293e-06
36,97,2.395665610498671e-06
36,98,2.7604744112061455e-06
36,99,3.0189834980768325e-06
36,100,3.1300000996050176e-06
36,101,3.2993078589596848e-06
36,102,3.8158593225747404e-06
36,103,4.637415434855411e-06
36,104,5.2604424709396515e-06
36,105,5.548666424773317e-06
36,106,5.824675308894852e-06
36,107,6.3087871829932714e-06
36,108,6.903250568175466e-06
36,109,7.462697913299629e-06
36,110,7.992558013631967e-06
36,111,8.545136693921883e-06
36,112,9.154468933220158e-06
36,113,9.802245735360895e-06
36,114,1.0391753752960026e-05
36,115,1.0908658982055062e-05
36,116,1.1445951328723376e-05
36,117,1.2052818784068826e-05
36,118,1.2636934701197205e-05
36,119,1.3113275612214715e-05
36,120,1.356299076346992e-05
36,121,1.4049382728352898e-05
36,122,1.4473260962665579e-05
36,123,1.4831244491634714e-05
36,124,1.5111244705001418e-05
36,125,1.5282438898744744e-05
36,126,1.5426815928323672e-05
36,127,1.5552224592260035e-05
37,0,9.828193091192676e-09
37,1,1.1860870930774513e-08
37,2,1.4450300925823265e-08
37,3,1.7797994329118324e-08
37,4,2.2119182355290388e-08
37,5,2.7476913837995593e-08
37,6,3.4126886614828905e-08
37,7,4.0767214966716174e-08
37,8,5.4585898591748106e-08
37,9,7.681079633757644e-08
37,10,1.1397819246366661e-07
37,11,1.8308530852919898e-07
37,12,2.887446816157265e-07
37,13,4.620114176917064e-07
37,14,7.435397014930649e-07
37,15,1.141474534770618e-06
37,16,1.5032147247935707e-06
37,17,1.6594165097726889e-06
37,18,1.7353814002842694e-06
37,19,1.8819639050733359e-06
37,20,2.327062998654274e-06
37,21,3.0011414854745896e-06
37,22,4.866401256909284e-06
37,23,6.412201891706121e-06
37,24,6.787360679620117e-06
37,25,7.343696503657851e-06
37,26,8.225840825743383e-06
37,27,9.27371198861994e-06
37,28,1.0332835894832513e-05
37,29,1.1313708910358769e-05
37,30,1.2185080527541452e-05
37,31,1.2946575892578692e-05
37,32,1.3614696511668991e-05
37,33,1.4229621269436768e-05
37,34,1.4684821130820059e-05
37,35,1.4997556315178549e-05
37,36,1.5118117279584229e-05
37,37,1.499282243617116e-05
37,38,1.4629428787003222e-05
37,39,1.4044028165134963e-05
37,40,1.3265166337724743e-05
37,41,1.2328707271389382e-05
37,42,1.1275917532793143e-05
37,43,1.0150668094940162e-05
37,44,8.9976903094082e-06
37,45,7.861085165029764e-06
37,46,6.608756711263838e-06
37,47,5.318428206278335e-06
37,48,4.149158240927766e-06
37,49,3.1138601986827265e-06
37,50,2.229982896691776e-06
37,51,1.4752793019694723e-06
37,52,8.270183848866922e-07
37,53,2.690819334385166e-07
37,54,-2.0401262648830148e-07
37,55,-5.875336773490159e-07
37,56,-8.70818485795725e-07
37,57,-1.0440269440501435e-06
37,58,-1.0985437008243033e-06
37,59,-1.0112897875511153e-06
37,60,-8.081852892781673e-07
37,61,-5.548623646220222e-07
37,62,-3.3024678879313913e-07
37,63,-1.9987517151649646e-07
37,64,-1.9970356390995424e-07
37,65,-3.273043176856643e-07
37,66,-5.443798726802686e-07
37,67,-7.894547468719795e-07
37,68,-9.982167472293277e-07
37,69,-1.1140433485498995e-06
37,70,-1.09618359958532e-06
37,71,-9.283382327348241e-07
37,72,-6.652340272849233e-07
37,73,-3.901465824162796e-07
37,74,-1.7776551682965315e-07
37,75,-7.198489901020612e-08
37,76,-7.855963648702415e-08
37,77,-1.6958285459766178e-07
37,78,-2.945348216394633e-07
37,79,-3.948802111208911e-07
37,80,-4.1818814281346296e-07
37,81,-3.2452922498936153e-07
37,82,-1.030738859548852e-07
37,83,2.1747965961872622e-07
37,84,5.794894511284629e-07
37,85,9.460554082069115e-07
37,86,1.2844214655670009e-06
37,87,1.5458572461240253e-06
37,88,1.6798748373651685e-06
37,89,1.6869040111357651e-06
37,90,1.6559966026135408e-06
37,91,1.7291349073971015e-06
37,92,2.0506133017687e-06
37,93,2.6210816186384915e-06
37,94,3.1742062769245004e-06
37,95,3.543429977536716e-06
37,96,3.820737530024103e-06
37,97,4.179206832735036e-06
37,98,4.60942584923796e-06
37,99,4.947345219856925e-06
37,100,5.142062859817153e-06
37,101,5.377580097796657e-06
37,102,5.92347467842006e-06
37,103,6.744777854901168e-06
37,104,7.383015259572669e-06
37,105,7.726515293783002e-06
37,106,8.077662554734054e-06
37,107,8.629763054016926e-06
37,108,9.280919597856874e-06
37,109,9.892436547952666e-06
37,110,1.0473889442337296e-05
37,111,1.107541228822817e-05
37,112,1.1727985824197614e-05
37,113,1.2419270316045848e-05
37,114,1.3061089228146775e-05
37,115,1.3640107315558546e-05
37,116,1.4234372688604883e-05
37,117,1.4880343383721715e-05
37,118,1.549245522362603e-05
37,119,1.600067377083893e-05
37,120,1.64834716301837e-05
37,121,1.6997133499399113e-05
37,122,1.7442003814617188e-05
37,123,1.78207994338591e-05
37,124,1.812459333360779e-05
37,125,1.831834039666556e-05
37,126,1.847106075936145e-05
37,127,1.8592121540145235e-05
38,0,-8.336441755701268e-11
38,1,-3.543660714558786e-10
38,2,-5.134453509300585e-10
38,3,-6.848123288816623e-10
38,4,-8.863373128994642e-10
38,5,-1.1223461608108285e-09
38,6,-1.401521384084935e-09
38,7,-1.6670750495063044e-09
38,8,-2.1923528870759554e-09
38,9,-2.9737367647005834e-09
38,10,-4.165370390461687e-09
38,11,-6.160252313170612e-09
38,12,-8.770606513245263e-09
38,13,-1.2387744073561914e-08
38,14,-1.7124266795054007e-08
38,15,-2.1782215551785954e-08
38,16,-2.2564359696568097e-08
38,17,-1.7999182899175402e-08
38,18,-1.1484900397854525e-08
38,19,-4.416793307652974e-09
38,20,5.0798838990610285e-09
38,21,2.0870751120503263e-08
38,22,6.385395965652358e-08
38,23,1.3256535812286192e-07
38,24,1.924598544284576e-07
38,25,2.664829093614671e-07
38,26,3.6690234088964913e-07
38,27,4.956341725212985e-07
38,28,6.504198435181882e-07
38,29,8.284947358615908e-07
38,30,1.0282250140176321e-06
38,31,1.2488891236943244e-06
38,32,1.4905445226006748e-06
38,33,1.7558158944446758e-06
38,34,2.0726152253577257e-06
38,35,2.4432406272793674e-06
38,36,2.8098315871203e-06
38,37,3.1403599644146396e-06
38,38,3.404883409980571e-06
38,39,3.5833577545986458e-06
38,40,3.663926062771725e-06
38,41,3.6436056179448077e-06
38,42,3.528256950093952e-06
38,43,3.33121929746445e-06
38,44,3.0714324706118057e-06
38,45,2.77126363204941e-06
38,46,2.397714615096251e-06
38,47,1.9772453616122405e-06
38,48,1.5675307862492296e-06
38,49,1.1803280694795797e-06
38,50,8.253167249581607e-07
38,51,4.956147905283086e-07
38,52,1.8459814398464116e-07
38,53,-1.0870620917144432e-07
38,54,-3.76897713862866e-07
38,55,-6.050623557033709e-07
38,56,-7.747414716753032e-07
38,57,-8.698216149599444e-07
38,58,-8.732719658715559e-07
38,59,-7.633075920148288e-07
38,60,-5.61877831798509e-07
38,61,-3.2190122635307985e-07
38,62,-1.0902728247539964e-07
38,63,2.2078221188762085e-08
38,64,4.172378872968008e-08
38,65,-4.708588971980758e-08
38,66,-2.107432067180892e-07
38,67,-3.959166748985979e-07
38,68,-5.467176544280867e-07
38,69,-6.142949865485536e-07
38,70,-5.616896755752878e-07
38,71,-3.750053051579889e-07
38,72,-1.0438798883955118e-07
38,73,1.7854959476342233e-07
38,74,4.1037557705070704e-07
38,75,5.542180947071408e-07
38,76,6.053216056757498e-07
38,77,5.867556495677453e-07
38,78,5.401703092310086e-07
38,79,5.139257237163702e-07
38,80,5.530983945243977e-07
38,81,6.90121121501804e-07
38,82,9.325037390376418e-07
38,83,1.2556467028735128e-06
38,84,1.6116832619144675e-06
38,85,1.9747896940518158e-06
38,86,2.3220772217173594e-06
38,87,2.6126587979257265e-06
38,88,2.799222824594267e-06
38,89,2.8759817616890794e-06
38,90,2.915398515695518e-06
38,91,3.039320615769723e-06
38,92,3.375566059583813e-06
38,93,3.920638897223529e-06
38,94,4.436112165247538e-06
38,95,4.784511030282639e-06
38,96,5.061699364343686e-06
38,97,5.4299306632861746e-06
38,98,5.87791382970984e-06
38,99,6.2480055107335526e-06
38,100,6.482982520492096e-06
38,101,6.742239309028224e-06
38,102,7.267400703316446e-06
38,103,8.030776602741642e-06
38,104,8.629932191355877e-06
38,105,8.97788340303993e-06
38,106,9.349526493786573e-06
38,107,9.908611239106073e-06
38,108,1.0553191414328343e-05
38,109,1.1155280098679811e-05
38,110,1.1726630109812444e-05
38,111,1.2314049896746043e-05
38,112,1.2944692942353193e-05
38,113,1.3611116467697898e-05
38,114,1.4237407826410114e-05
38,115,1.4813165970696214e-05
38,116,1.5401596044061208e-05
38,117,1.6026114482222688e-05
38,118,1.660917992931262e-05
38,119,1.709667928525733e-05
38,120,1.7561990336522576e-05
38,121,1.8052649707957457e-05
38,122,1.8474356888863734e-05
38,123,1.8836277136289615e-05
38,124,1.913350849598505e-05
38,125,1.9328713780502418e-05
38,126,1.9476181206608527e-05
38,127,1.9585689650127146e-05
39,0,-2.8205626168719865e-08
39,1,-3.4671379760794986e-08
39,2,-4.1744776067247966e-08
39,3,-5.053757271756405e-08
39,4,-6.163382999307302e-08
39,5,-7.510994481567046e-08
39,6,-9.15399724084688e-08
39,7,-1.0734937936625329e-07
39,8,-1.4036457606845506e-07
39,9,-1.920703709714291e-07
39,10,-2.7649313364394424e-07
39,11,-4.3007649893036474e-07
39,12,-6.575366135464903e-07
39,13,-1.0208319078410258e-06
39,14,-1.5951338018509093e-06
39,15,-2.378920998768318e-06
39,16,-3.044628812365299e-06
39,17,-3.2674724435785554e-06
39,18,-3.3228694708770382e-06
39,19,-3.50504026342603e-06
39,20,-4.210061064641837e-06
39,21,-5.268003636726442e-06
39,22,-8.21714186216904e-06
39,23,-1.0334239399764711e-05
39,24,-1.0439069205348066e-05
39,25,-1.0773553991714965e-05
39,26,-1.1500919863955672e-05
39,27,-1.2340887175595551e-05
39,28,-1.3064067516919121e-05
39,29,-1.3559421999790328e-05
39,30,-1.3804989289207888e-05
39,31,-1.3820172098332018e-05
39,32,-1.364224637566365e-05
39,33,-1.3327614488368651e-05
39,34,-1.260573367145174e-05
39,35,-1.152431697807588e-05
39,36,-1.025803972822765e-05
39,37,-8.841799875284501e-06
39,38,-7.378058288302e-06
39,39,-5.939760824427882e-06
39,40,-4.588817543276508e-06
39,41,-3.370396438294454e-06
39,42,-2.3121884359834486e-06
39,43,-1.4256184544881787e-06
39,44,-7.087233859593647e-07
39,45,-1.494154480666838e-07
39,46,3.134252004651605e-07
39,47,6.558670647520284e-07
39,48,8.515023247073308e-07
39,49,9.263674824463997e-07
39,50,9.024630995927771e-07
39,51,8.013038532306418e-07
39,52,6.419234317193375e-07
39,53,4.444467016102842e-07
39,54,2.3197609665265905e-07
39,55,2.9964350234164695e-08
39,56,-1.3663028505334598e-07
39,57,-2.4746801385811116e-07
39,58,-2.886770820196829e-07
39,59,-2.3779523397083485e-07
39,60,-1.0591529881615266e-07
39,61,6.501708813839734e-08
39,62,2.220793692906122e-07
39,63,3.203688537133343e-07
39,64,3.349774384311772e-07
39,65,2.674144486001055e-07
39,66,1.4403544630783603e-07
39,67,7.315968723886555e-09
39,68,-9.789525154363876e-08
39,69,-1.3235966376772975e-07
39,70,-6.538770826771706e-08
39,71,1.1407870396384241e-07
39,72,3.632161294119998e-07
39,73,6.238129164595978e-07
39,74,8.449407007423535e-07
39,75,9.972216223003946e-07
39,76,1.076746402496123e-06
39,77,1.1013067357764253e-06
39,78,1.1031573579872695e-06
39,79,1.1199475298896239e-06
39,80,1.187734677998241e-06
39,81,1.3312916100745157e-06
39,82,1.5551605127103698e-06
39,83,1.8396681924574484e-06
39,84,2.148460632695642e-06
39,85,2.465986840319227e-06
39,86,2.7782155425392095e-06
39,87,3.0523663236767337e-06
39,88,3.2460538374901935e-06
39,89,3.3490694829400883e-06
39,90,3.417145707083596e-06
39,91,3.549729844926941e-06
39,92,3.8523559358898374e-06
39,93,4.318339308934643e-06
39,94,4.746444119356927e-06
39,95,5.029566548654304e-06
39,96,5.26164212189702e-06
39,97,5.5877201564786996e-06
39,98,5.995305573741445e-06
39,99,6.339878108091899e-06
39,100,6.562409106804471e-06
39,101,6.79475657143596e-06
39,102,7.241638116216883e-06
39,103,7.882077749537318e-06
39,104,8.380802676307814e-06
39,105,8.674625150047345e-06
39,106,9.00288010993791e-06
39,107,9.497871305804444e-06
39,108,1.0062612555254351e-05
39,109,1.0584459697957676e-05
39,110,1.1075251690910321e-05
39,111,1.1576836657787329e-05
39,112,1.2111981734923625e-05
39,113,1.2676948149470419e-05
39,114,1.3211776332629481e-05
39,115,1.3710762234593434e-05
39,116,1.4222535493596594e-05
39,117,1.4757689956924533e-05
39,118,1.524827921288219e-05
39,119,1.5656807256176433e-05
39,120,1.604963404604203e-05
39,121,1.646351968136589e-05
39,122,1.6815431051121677e-05
39,123,1.7120279920800852e-05
39,124,1.7377648311566432e-05
39,125,1.7550256918056514e-05
39,126,1.7676365080234772e-05
39,127,1.776567494122721e-05
40,0,-9.42207485197768e-08
40,1,-1.1476861156558676e-07
40,2,-1.3665230677733825e-07
40,3,-1.6349964116708365e-07
40,4,-1.9710544331789634e-07
40,5,-2.3755571333482374e-07
40,6,-2.86491409326576e-07
40,7,-3.326394572351498e-07
40,8,-4.295973396763713e-07
40,9,-5.796472314106899e-07
40,10,-8.222590454523515e-07
40,11,-1.2599675899203715e-06
40,12,-1.8996093643693062e-06
40,13,-2.910641779169154e-06
40,14,-4.491731499662547e-06
40,15,-6.61935797797672e-06
40,16,-8.374964006528229e-06
40,17,-8.888571888848501e-06
40,18,-8.942078018809205e-06
40,19,-9.3333301978423e-06
40,20,-1.1089381781332271e-05
40,21,-1.3722104868780389e-05
40,22,-2.1104794233001696e-05
40,23,-2.610835461918424e-05
40,24,-2.5951993049332523e-05
40,25,-2.636595938978968e-05
40,26,-2.7718486053858845e-05
40,27,-2.9304137957988084e-05
40,28,-3.0578971555746544e-05
40,29,-3.130344594789817e-05
40,30,-3.1453525328801346e-05
40,31,-3.109837532059086e-05
40,32,-3.034187667228324e-05
40,33,-2.9323224613470327e-05
40,34,-2.7412175165847523e-05
40,35,-2.476456636139693e-05
40,36,-2.182139016349983e-05
40,37,-1.865206485308948e-05
40,38,-1.5460584435176646e-05
40,39,-1.2377590232606688e-05
40,40,-9.509825411365532e-06
40,41,-6.932448725405988e-06
40,42,-4.6900562058844325e-06
40,43,-2.800006837825056e-06
40,44,-1.2576004938322234e-06
40,45,-4.088447086541253e-08
40,46,9.773863477618865e-07
40,47,1.7385555830885656e-06
40,48,2.1787021629216896e-06
40,49,2.3560249131925522e-06
40,50,2.3280197789943277e-06
40,51,2.1540888413597094e-06
40,52,1.8841183573445824e-06
40,53,1.5606190992199023e-06
40,54,1.2206079509244425e-06
40,55,8.961635941773018e-07
40,56,6.136610653869217e-07
40,57,3.9223691748365884e-07
40,58,2.3015300595522272e-07
40,59,1.507822244715209e-07
40,60,1.5766461623204059e-07
40,61,2.1628351243348998e-07
40,62,2.843620460679152e-07
40,63,3.247828672972925e-07
40,64,3.155059342931581e-07
40,65,2.544152894093847e-07
40,66,1.5829452136982397e-07
40,67,5.647183147814742e-08
40,68,-1.933503535281134e-08
40,69,-4.102871273282201e-08
40,70,1.3716795509321764e-08
40,71,1.527413940915122e-07
40,72,3.436573846850221e-07
40,73,5.433903913075247e-07
40,74,7.144837031143902e-07
40,75,8.352962240578174e-07
40,76,9.026217016121675e-07
40,77,9.288690309988941e-07
40,78,9.369469881998025e-07
40,79,9.53831974854079e-07
40,80,1.0053294799253196e-06
40,81,1.1087957626638409e-06
40,82,1.2665298823899776e-06
40,83,1.4644227382845232e-06
40,84,1.6788425984134773e-06
40,85,1.9027849007573363e-06
40,86,2.1292919733046037e-06
40,87,2.333896680682199e-06
40,88,2.4814338628321886e-06
40,89,2.5599878099853646e-06
40,90,2.6091914450506065e-06
40,91,2.703927542443043e-06
40,92,2.9221954112965836e-06
40,93,3.254930724569842e-06
40,94,3.5470077430742983e-06
40,95,3.72230316682589e-06
40,96,3.865872457552903e-06
40,97,4.098502177907155e-06
40,98,4.407572716883842e-06
40,99,4.669466250249364e-06
40,100,4.828854717573472e-06
40,101,4.987137310062147e-06
40,102,5.304165943280305e-06
40,103,5.764314308180762e-06
40,104,6.109199606843978e-06
40,105,6.2977483980018816e-06
40,106,6.525017879177953e-06
40,107,6.890586958395552e-06
40,108,7.3082470620842396e-06
40,109,7.68560052385262e-06
40,110,8.032662268254102e-06
40,111,8.384754745546674e-06
40,112,8.760172451041405e-06
40,113,9.15710025250625e-06
40,114,9.534115671325136e-06
40,115,9.8914941453508e-06
40,116,1.026393317578958e-05
40,117,1.064972713202189e-05
40,118,1.0992535156938108e-05
40,119,1.1272277850562553e-05
40,120,1.1546959333409511e-05
40,121,1.1839688189659284e-05
40,122,1.2084103685468273e-05
40,123,1.2298949288171372e-05
40,124,1.2487871549323874e-05
40,125,1.2616197001066482e-05
40,126,1.270586282324657e-05
40,127,1.2766765339557465e-05
41,0,-2.338622380568095e-07
41,1,-2.834886937692186e-07
41,2,-3.3414826047363816e-07
41,3,-3.9528760670664315e-07
41,4,-4.7110196574647887e-07
41,5,-5.614648764816907e-07
41,6,-6.698749829772167e-07
41,7,-7.697983211165636e-07
41,8,-9.813851660503652e-07
41,9,-1.3045434361746226e-06
41,10,-1.8215146883839268e-06
41,11,-2.74580722992608e-06
41,12,-4.0762197010821125e-06
41,13,-6.154366995706614e-06
41,14,-9.364027546847118e-06
41,15,-1.3611915865899671e-05
41,16,-1.699413003204276e-05
41,17,-1.7802717636603625e-05
41,18,-1.7682013249411254e-05
41,19,-1.822429895702136e-05
41,20,-2.1370539637385586e-05
41,21,-2.6086392724714193e-05
41,22,-3.942914311405918e-05
41,23,-4.777392837297479e-05
41,24,-4.651360022433131e-05
41,25,-4.6285222283851985e-05
41,26,-4.7656153958288574e-05
41,27,-4.933559657907121e-05
41,28,-5.0400610141358646e-05
41,29,-5.049528475630344e-05
41,30,-4.9636121506322945e-05
41,31,-4.7985636081893987e-05
41,32,-4.5748289535998905e-05
41,33,-4.316548405496923e-05
41,34,-3.915563236544041e-05
41,35,-3.406211053807855e-05
41,36,-2.8755808958364415e-05
41,37,-2.3368703600621305e-05
41,38,-1.8210303509931045e-05
41,39,-1.3447828595976863e-05
41,40,-9.201773153505818e-06
41,41,-5.5418598966617534e-06
41,42,-2.49364849071113e-06
41,43,-4.681087326980674e-08
41,44,1.8361356668301803e-06
41,45,3.2131901089587537e-06
41,46,4.222818555976348e-06
41,47,4.805276802253012e-06
41,48,4.934687133225176e-06
41,49,4.7156156870013985e-06
41,50,4.259719021053513e-06
41,51,3.6639899247577814e-06
41,52,3.0049810975616874e-06
41,53,2.3405370656220262e-06
41,54,1.7127739728427169e-06
41,55,1.1507870560560832e-06
41,56,6.727815813893041e-07
41,57,2.8754930479611776e-07
41,58,-3.091440001026185e-08
41,59,-2.6152623870246586e-07
41,60,-3.8935156200212476e-07
41,61,-4.460967665470872e-07
41,62,-4.6661790359144165e-07
41,63,-4.823948783019926e-07
41,64,-5.142377139951929e-07
41,65,-5.69314668069623e-07
41,66,-6.4173257677445e-07
41,67,-7.164792780063433e-07
41,68,-7.758081933746417e-07
41,69,-8.035382546674535e-07
41,70,-7.864665673682242e-07
41,71,-7.20073760062457e-07
41,72,-6.233439447196167e-07
41,73,-5.225180891574102e-07
41,74,-4.409594337734402e-07
41,75,-3.9256551350092105e-07
41,76,-3.799592514174198e-07
41,77,-3.9585096704201236e-07
41,78,-4.2606083903826134e-07
41,79,-4.5372793637199e-07
41,80,-4.6378741492847177e-07
41,81,-4.4565737703880115e-07
41,82,-3.978761091203971e-07
41,83,-3.2828212163782554e-07
41,84,-2.4731989554373677e-07
41,85,-1.5589345398659905e-07
41,86,-5.648106769131964e-08
41,87,3.4446970186497644e-08
41,88,9.119424578665685e-08
41,89,1.0344150695777402e-07
41,90,9.614440791612517e-08
41,91,1.17907864411725e-07
41,92,2.1658856793220208e-07
41,93,3.817015809404546e-07
41,94,5.109089342074636e-07
41,95,5.584961818084248e-07
41,96,5.926920911702259e-07
41,97,7.02816691136594e-07
41,98,8.774571107798777e-07
41,99,1.022264947000006e-06
41,100,1.0919029600405466e-06
41,101,1.1549385391503393e-06
41,102,1.3221911874845788e-06
41,103,1.5813584370866383e-06
41,104,1.755621029379202e-06
41,105,1.8227075223552135e-06
41,106,1.92512874421623e-06
41,107,2.1299297827419403e-06
41,108,2.3681771314386997e-06
41,109,2.5721905972225496e-06
41,110,2.749139842085158e-06
41,111,2.9264064175464277e-06
41,112,3.1179907197088246e-06
41,113,3.321559554587003e-06
41,114,3.5145398156084056e-06
41,115,3.703594432719722e-06
41,116,3.910116408409347e-06
41,117,4.121194289052136e-06
41,118,4.29477849886693e-06
41,119,4.428544311337624e-06
41,120,4.570865165209334e-06
41,121,4.7286867266711115e-06
41,122,4.855782091840573e-06
41,123,4.971215097257571e-06
41,124,5.08072463884289e-06
41,125,5.1549720935822505e-06
41,126,5.200627874484732e-06
41,127,5.228768728901817e-06
42,0,-5.05858857042194e-07
42,1,-6.110147690564898e-07
42,2,-7.131270066237322e-07
42,3,-8.340907793566223e-07
42,4,-9.825811307105015e-07
42,5,-1.1577260621750743e-06
42,6,-1.3660183699865073e-06
42,7,-1.5530675283718792e-06
42,8,-1.9533395994169615e-06
42,9,-2.5560908540243607e-06
42,10,-3.509721326102e-06
42,11,-5.198986055550556e-06
42,12,-7.590816197476469e-06
42,13,-1.1279649912555737e-05
42,14,-1.6900160627836008e-05
42,15,-2.420159267595949e-05
42,16,-2.977536786318752e-05
42,17,-3.0745454817187104e-05
42,18,-3.01050468591883e-05
42,19,-3.0593318172384235e-05
42,20,-3.534810253506875e-05
42,21,-4.248709122705775e-05
42,22,-6.295395302323066e-05
42,23,-7.44645442034626e-05
42,24,-7.075747678626294e-05
42,25,-6.868958744378518e-05
42,26,-6.895745061419203e-05
42,27,-6.955405937918412e-05
42,28,-6.916777458644126e-05
42,29,-6.738097584057128e-05
42,30,-6.431353426771636e-05
42,31,-6.026887608290274e-05
42,32,-5.557936148681984e-05
42,33,-5.059110480693103e-05
42,34,-4.376354625830145e-05
42,35,-3.5711378329702145e-05
42,36,-2.7846415035278634e-05
42,37,-2.036634551955514e-05
42,38,-1.3639633893834161e-05
42,39,-7.809606498822238e-06
42,40,-2.9457804348702258e-06
42,41,9.484152110668389e-07
42,42,3.919497311225515e-06
42,43,6.04847794344347e-06
42,44,7.4383345789545835e-06
42,45,8.20610234270507e-06
42,46,8.425955655663622e-06
42,47,8.084961289301165e-06
42,48,7.283503558827172e-06
42,49,6.172701628275936e-06
42,50,4.9198559029283934e-06
42,51,3.6427286483199417e-06
42,52,2.4265976700579116e-06
42,53,1.3269183216798814e-06
42,54,3.742396534998472e-07
42,55,-4.2036598797223156e-07
42,56,-1.0600045137129864e-06
42,57,-1.557872884230957e-06
42,58,-1.9618032786509315e-06
42,59,-2.261082130101137e-06
42,60,-2.443897268480356e-06
42,61,-2.5430756585452074e-06
42,62,-2.589312424443024e-06
42,63,-2.6094858394832956e-06
42,64,-2.62335126996574e-06
42,65,-2.642705961291107e-06
42,66,-2.6716901917285033e-06
42,67,-2.7085408722078547e-06
42,68,-2.7479874205119153e-06
42,69,-2.785076187195777e-06
42,70,-2.813748736474711e-06
42,71,-2.8323900137507192e-06
42,72,-2.8451377377793606e-06
42,73,-2.8601500928270654e-06
42,74,-2.8867205104672453e-06
42,75,-2.931417530331296e-06
42,76,-2.9963493675450145e-06
42,77,-3.0785870295586613e-06
42,78,-3.1713604939265642e-06
42,79,-3.266631358559292e-06
42,80,-3.358745066326774e-06
42,81,-3.442744397711319e-06
42,82,-3.5160399436433173e-06
42,83,-3.5796503634489633e-06
42,84,-3.6324541808033267e-06
42,85,-3.6725523104520422e-06
42,86,-3.701280516978276e-06
42,87,-3.7279095827797016e-06
42,88,-3.7665608026017622e-06
42,89,-3.822474964330493e-06
42,90,-3.883273238566593e-06
42,91,-3.927198465751389e-06
42,92,-3.933083270003645e-06
42,93,-3.911524593207665e-06
42,94,-3.9120260268968564e-06
42,95,-3.951925152242945e-06
42,96,-3.987805634805786e-06
42,97,-3.968264959668618e-06
42,98,-3.902010721348981e-06
42,99,-3.846250616964858e-06
42,100,-3.830216767390719e-06
42,101,-3.819447461754841e-06
42,102,-3.7491980964509395e-06
42,103,-3.630412922653318e-06
42,104,-3.5628271840036506e-06
42,105,-3.5545217484901726e-06
42,106,-3.522231042283851e-06
42,107,-3.4299441075200465e-06
42,108,-3.3228488431190505e-06
42,109,-3.240689471197861e-06
42,110,-3.1778917756004375e-06
42,111,-3.1163227507646364e-06
42,112,-3.0462185513412944e-06
42,113,-2.973203438691776e-06
42,114,-2.9052786010488163e-06
42,115,-2.8300858474559577e-06
42,116,-2.7387836224460645e-06
42,117,-2.653541706445559e-06
42,118,-2.600099244441374e-06
42,119,-2.563496707069044e-06
42,120,-2.5051296779124657e-06
42,121,-2.4351671782116517e-06
42,122,-2.381117829294842e-06
42,123,-2.3289274690795604e-06
42,124,-2.2743983201411284e-06
42,125,-2.2387543549879956e-06
42,126,-2.2275846821601826e-06
42,127,-2.227434437592101e-06
43,0,-9.900390348944107e-07
43,1,-1.1923944389090389e-06
43,2,-1.3781672486706629e-06
43,3,-1.5936866416221184e-06
43,4,-1.8554226533678954e-06
43,5,-2.160731701236846e-06
43,6,-2.5205350256465756e-06
43,7,-2.8341044882999e-06
43,8,-3.5147310454936663e-06
43,9,-4.5242576076168315e-06
43,10,-6.103424312338054e-06
43,11,-8.874946589188877e-06
43,12,-1.2730127678168726e-05
43,13,-1.8595818037005228e-05
43,14,-2.7403052056328993e-05
43,15,-3.8609896167995006e-05
43,16,-4.6748874721208945e-05
43,17,-4.751490331836836e-05
43,18,-4.5800322779189846e-05
43,19,-4.582011407379821e-05
43,20,-5.207448749783512e-05
43,21,-6.151385379918019e-05
43,22,-8.911323083924175e-05
43,23,-0.00010253037937400149
43,24,-9.469540047695736e-05
43,25,-8.926132594166665e-05
43,26,-8.689718839798187e-05
43,27,-8.485659227099728e-05
43,28,-8.15285157236754e-05
43,29,-7.653518539651509e-05
43,30,-7.016570708967586e-05
43,31,-6.289291590682036e-05
43,32,-5.5176226410993925e-05
43,33,-4.743528800392774e-05
43,34,-3.781878573835027e-05
43,35,-2.725807488128127e-05
43,36,-1.7655415709649117e-05
43,37,-9.225427865017368e-06
43,38,-2.278847710062765e-06
43,39,3.1653859764009055e-06
43,40,7.178963632938585e-06
43,41,9.897557770983274e-06
43,42,1.1493240260059946e-05
43,43,1.2152348146933576e-05
43,44,1.2061250017293435e-05
43,45,1.1398984582189143e-05
43,46,1.0104875394567324e-05
43,47,8.25791078707131e-06
43,48,6.144496373562225e-06
43,49,3.937162171030319e-06
43,50,1.8290741964927487e-06
43,51,-7.756960601580877e-08
43,52,-1.7207475645362308e-06
43,53,-3.074012678649177e-06
43,54,-4.139769039532278e-06
43,55,-4.941535580114899e-06
43,56,-5.516215461742722e-06
43,57,-5.908847561080028e-06
43,58,-6.167571844908998e-06
43,59,-6.304635671322965e-06
43,60,-6.338714205778545e-06
43,61,-6.304086116569504e-06
43,62,-6.228436333874606e-06
43,63,-6.132063367039475e-06
43,64,-6.030867041351154e-06
43,65,-5.9377251026995295e-06
43,66,-5.862766479093303e-06
43,67,-5.8133228452826105e-06
43,68,-5.791923192029488e-06
43,69,-5.802038199341185e-06
43,70,-5.838417002617966e-06
43,71,-5.900904092963838e-06
43,72,-5.981171950828047e-06
43,73,-6.069373986440711e-06
43,74,-6.161900544833742e-06
43,75,-6.259006579900783e-06
43,76,-6.362436668683688e-06
43,77,-6.472580935036215e-06
43,78,-6.58813785455913e-06
43,79,-6.707776136087237e-06
43,80,-6.83059658587338e-06
43,81,-6.955354215781354e-06
43,82,-7.075939808731628e-06
43,83,-7.186564308595323e-06
43,84,-7.2802690942726475e-06
43,85,-7.356257412980581e-06
43,86,-7.418415527977164e-06
43,87,-7.470515362744889e-06
43,88,-7.513962594592323e-06
43,89,-7.545852323561648e-06
43,90,-7.563368151775095e-06
43,91,-7.5697135469846075e-06
43,92,-7.556127553203528e-06
43,93,-7.5313731882369026e-06
43,94,-7.505124603833448e-06
43,95,-7.4710539956215236e-06
43,96,-7.417758667994704e-06
43,97,-7.336156344445432e-06
43,98,-7.230871057219771e-06
43,99,-7.1162968803551335e-06
43,100,-7.000474570162692e-06
43,101,-6.880820562079163e-06
43,102,-6.7231928732308615e-06
43,103,-6.538406656473807e-06
43,104,-6.370484547139372e-06
43,105,-6.220096031284234e-06
43,106,-6.065646803577784e-06
43,107,-5.898317203955048e-06
43,108,-5.733922221074529e-06
43,109,-5.584444779819303e-06
43,110,-5.440960399476671e-06
43,111,-5.294941540870654e-06
43,112,-5.1419094431879535e-06
43,113,-4.992658223930285e-06
43,114,-4.851552877372913e-06
43,115,-4.70323265177611e-06
43,116,-4.551071607151624e-06
43,117,-4.424322170717245e-06
43,118,-4.330434869426826e-06
43,119,-4.237763885761422e-06
43,120,-4.117963856236674e-06
43,121,-3.996124563597942e-06
43,122,-3.890848606350867e-06
43,123,-3.7985650514620593e-06
43,124,-3.7205997573083618e-06
43,125,-3.668182716593946e-06
43,126,-3.653798979507597e-06
43,127,-3.6613603626853917e-06
44,0,-1.7495491511276138e-06
44,1,-2.102128136611242e-06
44,2,-2.406446833165093e-06
44,3,-2.751354615865907e-06
44,4,-3.1654809988035284e-06
44,5,-3.6429142748503357e-06
44,6,-4.20030367209441e-06
44,7,-4.669455010099305e-06
44,8,-5.707372163330778e-06
44,9,-7.22218940712513e-06
44,10,-9.56480229165658e-06
44,11,-1.3639303364050439e-05
44,12,-1.9200137247251808e-05
44,13,-2.7541189447004792e-05
44,14,-3.987009062313503e-05
44,15,-5.520209203346653e-05
44,16,-6.569243592809718e-05
44,17,-6.562951162513145e-05
44,18,-6.218222548712769e-05
44,19,-6.114415616223757e-05
44,20,-6.822738074039556e-05
44,21,-7.904161560241987e-05
44,22,-0.00011161923366232819
44,23,-0.00012440123519675644
44,24,-0.00011112620505074726
44,25,-0.00010111224334130196
44,26,-9.477230970676934e-05
44,27,-8.880799251533173e-05
44,28,-8.15244618564473e-05
44,29,-7.270672224067068e-05
44,30,-6.284010467739086e-05
44,31,-5.253850268310252e-05
44,32,-4.233247471809777e-05
44,33,-3.263847366183855e-05
44,34,-2.163698552923122e-05
44,35,-1.0515943401161236e-05
44,36,-1.3465047491161285e-06
44,37,5.753632066507365e-06
44,38,1.0701950139782458e-05
44,39,1.3711886995384297e-05
44,40,1.5073419668608902e-05
44,41,1.5106631608554778e-05
44,42,1.412643937344838e-05
44,43,1.241921639361328e-05
44,44,1.0231946414593837e-05
44,45,7.768967851991721e-06
44,46,4.818293693878909e-06
44,47,1.561006761178083e-06
44,48,-1.56151028431594e-06
44,49,-4.409496222210837e-06
44,50,-6.829872380448473e-06
44,51,-8.782896861047923e-06
44,52,-1.0265453041630924e-05
44,53,-1.1304946252790666e-05
44,54,-1.1952493010342003e-05
44,55,-1.2274792137119724e-05
44,56,-1.2345950818503697e-05
44,57,-1.2243346618588122e-05
44,58,-1.1972806574591057e-05
44,59,-1.1582051911162875e-05
44,60,-1.1154375443264746e-05
44,61,-1.0719237665916006e-05
44,62,-1.0298061008832462e-05
44,63,-9.898452973251443e-06
44,64,-9.526046265819985e-06
44,65,-9.187819567696447e-06
44,66,-8.892514574811342e-06
44,67,-8.649312029153673e-06
44,68,-8.460640353712327e-06
44,69,-8.332984594735081e-06
44,70,-8.249894927483161e-06
44,71,-8.209603448173057e-06
44,72,-8.20117360824804e-06
44,73,-8.199748268305653e-06
44,74,-8.191962271539925e-06
44,75,-8.173921416494796e-06
44,76,-8.147466823207594e-06
44,77,-8.115236803542655e-06
44,78,-8.079278719409762e-06
44,79,-8.042145627581937e-06
44,80,-7.997936908605045e-06
44,81,-7.946129074603715e-06
44,82,-7.87486187311113e-06
44,83,-7.772335387987915e-06
44,84,-7.638451203303905e-06
44,85,-7.478071854797113e-06
44,86,-7.301254470326833e-06
44,87,-7.108849034709742e-06
44,88,-6.8900409463147475e-06
44,89,-6.632694661386475e-06
44,90,-6.34020937506835e-06
44,91,-6.034415562612297e-06
44,92,-5.688154692220618e-06
44,93,-5.304906879945581e-06
44,94,-4.890104227686583e-06
44,95,-4.422575744005994e-06
44,96,-3.92678222850076e-06
44,97,-3.435659676800532e-06
44,98,-2.949070084166543e-06
44,99,-2.438285789815454e-06
44,100,-1.8882142795796151e-06
44,101,-1.3196789156593282e-06
44,102,-6.973861956898898e-07
44,103,-3.0268754552832854e-08
44,104,6.479415874891943e-07
44,105,1.334366510451208e-06
44,106,1.99388799778684e-06
44,107,2.6148050593210964e-06
44,108,3.2146390341818343e-06
44,109,3.804241318262082e-06
44,110,4.4061302784373155e-06
44,111,5.020806328142796e-06
44,112,5.64326439127152e-06
44,113,6.256621693462411e-06
44,114,6.84104773236593e-06
44,115,7.410786520732154e-06
44,116,7.951805844257836e-06
44,117,8.432192430350757e-06
44,118,8.862227321317061e-06
44,119,9.287945541818334e-06
44,120,9.723744756943506e-06
44,121,1.0138622267930946e-05
44,122,1.0504294539220584e-05
44,123,1.0812550472548311e-05
44,124,1.1052347698630965e-05
44,125,1.1222254100074739e-05
44,126,1.1311098458721752e-05
44,127,1.1335360086452156e-05
45,0,-1.7926092167644093e-06
45,1,-1.716166242370524e-06
45,2,-1.9389123106105424e-06
45,3,-2.2125544776973658e-06
45,4,-2.4700481768239114e-06
45,5,-2.816206674631402e-06
45,6,-3.202337735755166e-06
45,7,-3.535593641007079e-06
45,8,-4.289727467450465e-06
45,9,-5.353893977329248e-06
45,10,-6.9849562116235074e-06
45,11,-9.826107424236877e-06
45,12,-1.3651688880094738e-05
45,13,-1.9336123888858505e-05
45,14,-2.7637319820315105e-05
45,15,-3.781851054782205e-05
45,16,-4.461924909483038e-05
45,17,-4.4396769658854465e-05
45,18,-4.2204705728621e-05
45,19,-4.200775636776201e-05
45,20,-4.7832724107043734e-05
45,21,-5.684755608821467e-05
45,22,-8.282498491218247e-05
45,23,-9.502674329335133e-05
45,24,-8.649789102454024e-05
45,25,-7.957073821673163e-05
45,26,-7.508996590265752e-05
45,27,-7.078300979669948e-05
45,28,-6.54766634913264e-05
45,29,-5.9064327896727323e-05
45,30,-5.192139987527212e-05
45,31,-4.448497318407678e-05
45,32,-3.711381984677537e-05
45,33,-3.0088823163176186e-05
45,34,-2.193133093194729e-05
45,35,-1.3491247849120357e-05
45,36,-6.296677268344752e-06
45,37,-4.843350967424355e-07
45,38,3.7636335771588792e-06
45,39,6.479267235400841e-06
45,40,7.766841765895465e-06
45,41,7.788826178751537e-06
45,42,6.748863162762644e-06
45,43,4.873790822456891e-06
45,44,2.396568912140013e-06
45,45,-4.6127976247278176e-07
45,46,-3.899253213472766e-06
45,47,-7.674843563694007e-06
45,48,-1.120799269976957e-05
45,49,-1.4266698011719187e-05
45,50,-1.664876167653851e-05
45,51,-1.8313816004180996e-05
45,52,-1.92905116624491e-05
45,53,-1.9656397736077197e-05
45,54,-1.951951264633371e-05
45,55,-1.9001255654324303e-05
45,56,-1.822276890906599e-05
45,57,-1.7299335186048325e-05
45,58,-1.6167288660555534e-05
45,59,-1.491824986001348e-05
45,60,-1.3729544351371135e-05
45,61,-1.2623643158011172e-05
45,62,-1.1614181729025783e-05
45,63,-1.0691364103952478e-05
45,64,-9.84470141288254e-06
45,65,-9.068270308335347e-06
45,66,-8.361595599161592e-06
45,67,-7.727631813343188e-06
45,68,-7.159390585225805e-06
45,69,-6.65907538414293e-06
45,70,-6.181175074535499e-06
45,71,-5.717645045368024e-06
45,72,-5.277389135855394e-06
45,73,-4.828663831264789e-06
45,74,-4.354221083533359e-06
45,75,-3.849518364061444e-06
45,76,-3.3174731712722806e-06
45,77,-2.7625073842962853e-06
45,78,-2.1883254586910888e-06
45,79,-1.597827649026252e-06
45,80,-9.637397352820641e-07
45,81,-2.8181167201933584e-07
45,82,4.662987889550711e-07
45,83,1.2959076743399872e-06
45,84,2.177814883396269e-06
45,85,3.096864155714212e-06
45,86,4.034645573954464e-06
45,87,4.989848174331863e-06
45,88,5.982250269229445e-06
45,89,7.030384405601268e-06
45,90,8.127984510392925e-06
45,91,9.248224908099235e-06
45,92,1.0486456943919818e-05
45,93,1.1850257694333556e-05
45,94,1.3273319493209066e-05
45,95,1.4776371255919277e-05
45,96,1.6300357956047005e-05
45,97,1.7777429805776066e-05
45,98,1.9211654537551576e-05
45,99,2.0667308057398537e-05
45,100,2.2180328254151455e-05
45,101,2.3724056176725034e-05
45,102,2.538109314121739e-05
45,103,2.715240559460414e-05
45,104,2.89431544797791e-05
45,105,3.0735907514640126e-05
45,106,3.2458249559444846e-05
45,107,3.408680392627543e-05
45,108,3.567067811758383e-05
45,109,3.722996130377053e-05
45,110,3.881477689053214e-05
45,111,4.042231387974187e-05
45,112,4.2030412810780394e-05
45,113,4.3623190454698276e-05
45,114,4.514075502314113e-05
45,115,4.659302114493233e-05
45,116,4.7957302403056137e-05
45,117,4.920766900850452e-05
45,118,5.036949901997642e-05
45,119,5.14945571987144e-05
45,120,5.256927984545238e-05
45,121,5.357744415766798e-05
45,122,5.445552790237052e-05
45,123,5.518716854908116e-05
45,124,5.574443707111513e-05
45,125,5.612103497324656e-05
45,126,5.63093796531501e-05
45,127,5.634360863787994e-05
46,0,0.0
46,1,6.527785505607501e-18
46,2,0.0
46,3,-1.2004483946056352e-17
46,4,-1.0352668951229946e-17
46,5,0.0
46,6,1.8016720187892114e-17
46,7,-1.69477489096572e-17
46,8,0.0
46,9,-1.4065462323253462e-16
46,10,-4.723129800254931e-14
46,11,-3.535014271679468e-12
46,12,-1.1053551090450536e-10
46,13,-1.8455450572107933e-09
46,14,-1.8841036597655487e-08
46,15,-1.2320646846973316e-07
46,16,-4.996319587474483e-07
46,17,-1.302301138192627e-06
46,18,-2.590906688708196e-06
46,19,-4.494974797363321e-06
46,20,-7.868764005163853e-06
46,21,-1.290234755036371e-05
46,22,-2.4793187684670344e-05
46,23,-3.5007147682942066e-05
46,24,-3.636859749521173e-05
46,25,-3.6722287307090694e-05
46,26,-3.7382982867741665e-05
46,27,-3.7833739010278104e-05
46,28,-3.766775788982102e-05
46,29,-3.6809465376158196e-05
46,30,-3.536664648922445e-05
46,31,-3.348071614816943e-05
46,32,-3.128229151419498e-05
46,33,-2.891288266417731e-05
46,34,-2.550764682082254e-05
46,35,-2.138546487180578e-05
46,36,-1.7276365276176868e-05
46,37,-1.3379019782170089e-05
46,38,-1.0014806624581547e-05
46,39,-7.3742970486596355e-06
46,40,-5.5686003736970496e-06
46,41,-4.620855758084325e-06
46,42,-4.477672112964746e-06
46,43,-5.0299594177640785e-06
46,44,-6.137569900237043e-06
46,45,-7.654707807325593e-06
46,46,-9.658505986276003e-06
46,47,-1.2027509058664588e-05
46,48,-1.4389641744943682e-05
46,49,-1.6534070471685987e-05
46,50,-1.8247284405458758e-05
46,51,-1.9405337315482222e-05
46,52,-1.993256768268704e-05
46,53,-1.9806701038679882e-05
46,54,-1.9062605640028784e-05
46,55,-1.7787883584866502e-05
46,56,-1.61104003225683e-05
46,57,-1.4182904133073323e-05
46,58,-1.1886165338673756e-05
46,59,-9.39671246572919e-06
46,60,-7.089647312987134e-06
46,61,-5.052866704233658e-06
46,62,-3.3280462186023805e-06
46,63,-1.8869825034000037e-06
46,64,-6.770859343321342e-07
46,65,3.59703019414775e-07
46,66,1.2748494141979441e-06
46,67,2.1082206587378705e-06
46,68,2.8986097963669635e-06
46,69,3.667012875728017e-06
46,70,4.4800268951281435e-06
46,71,5.354972521885561e-06
46,72,6.252651186087976e-06
46,73,7.18651882095618e-06
46,74,8.162170341780871e-06
46,75,9.17752477459333e-06
46,76,1.0227456237259554e-05
46,77,1.1306869936145322e-05
46,78,1.2412158384129297e-05
46,79,1.3542221972004373e-05
46,80,1.473831053957914e-05
46,81,1.6004885174745457e-05
46,82,1.735247357217954e-05
46,83,1.8791862700680973e-05
46,84,2.0273241317958347e-05
46,85,2.1782602984859678e-05
46,86,2.3303040919243058e-05
46,87,2.4826935657966696e-05
46,88,2.6364954548278918e-05
46,89,2.7928223781276608e-05
46,90,2.951573969488583e-05
46,91,3.1124207964944604e-05
46,92,3.288955746778178e-05
46,93,3.482983245137917e-05
46,94,3.680949705596172e-05
46,95,3.882341480073567e-05
46,96,4.081898278001568e-05
46,97,4.2746019253780035e-05
46,98,4.461044213286567e-05
46,99,4.646169629879409e-05
46,100,4.832814454127007e-05
46,101,5.0212380204102264e-05
46,102,5.222267569411275e-05
46,103,5.437812739891396e-05
46,104,5.652799618606106e-05
46,105,5.863713344124654e-05
46,106,6.06550833712776e-05
46,107,6.256770003167899e-05
46,108,6.442172688064106e-05
46,109,6.623026088341698e-05
46,110,6.805568540567979e-05
46,111,6.990237187489372e-05
46,112,7.172889769984508e-05
46,113,7.352995723118049e-05
46,114,7.524113277091596e-05
46,115,7.686478313100224e-05
46,116,7.838049253522625e-05
46,117,7.977781837614125e-05
46,118,8.107298659676171e-05
46,119,8.230980075338443e-05
46,120,8.346038712805785e-05
46,121,8.453988209486117e-05
46,122,8.545555068662995e-05
46,123,8.618795446217825e-05
46,124,8.66926112209093e-05
46,125,8.695554439462462e-05
46,126,8.704881582783153e-05
46,127,8.707340660271814e-05
47,0,-1.9344846300395034e-18
47,1,0.0
47,2,3.9008323015608125e-18
47,3,-6.002241973028176e-18
47,4,5.176334475614973e-18
47,5,0.0
47,6,0.0
47,7,0.0
47,8,-5.1343168968049107e-17
47,9,-7.630513310365003e-15
47,10,-6.79994009023841e-13
47,11,-2.820386954893103e-11
47,12,-5.555139511313428e-10
47,13,-6.462839404404382e-09
47,14,-4.963115854464391e-08
47,15,-2.591129244912471e-07
47,16,-8.791478059318438e-07
47,17,-1.9893511580828297e-06
47,18,-3.5365975216443248e-06
47,19,-5.6066852048143546e-06
47,20,-9.090372183449639e-06
47,21,-1.396844620304686e-05
47,22,-2.510955234787468e-05
47,23,-3.327236854109023e-05
47,24,-3.2825656160806054e-05
47,25,-3.1726330344986406e-05
47,26,-3.108821939119153e-05
47,27,-3.04162461834316e-05
47,28,-2.9384029977699853e-05
47,29,-2.7960881122150374e-05
47,30,-2.6254977099793907e-05
47,31,-2.438633491252774e-05
47,32,-2.2455242866121038e-05
47,33,-2.0561726849063446e-05
47,34,-1.8100055253317712e-05
47,35,-1.537547128691888e-05
47,36,-1.2908555132190056e-05
47,37,-1.079064299062939e-05
47,38,-9.170919251148605e-06
47,39,-8.104499786504141e-06
47,40,-7.593399704102086e-06
47,41,-7.587814599310963e-06
47,42,-7.998942416750971e-06
47,43,-8.715525153952258e-06
47,44,-9.621485588296203e-06
47,45,-1.0612813000522341e-05
47,46,-1.1674755196310794e-05
47,47,-1.2673212723002398e-05
47,48,-1.3376027608376689e-05
47,49,-1.365901340116682e-05
47,50,-1.3439450608297762e-05
47,51,-1.2686758865545945e-05
47,52,-1.1411374039835247e-05
47,53,-9.664457080240701e-06
47,54,-7.534761151424094e-06
47,55,-5.138742538309887e-06
47,56,-2.6053126021055992e-06
47,57,-5.770216065072686e-08
47,58,2.668576934157312e-06
47,59,5.418661152494315e-06
47,60,7.861676255173374e-06
47,61,9.984988075249345e-06
47,62,1.1810040960378673e-05
47,63,1.3405347725842806e-05
47,64,1.4843742067967184e-05
47,65,1.6188445458518063e-05
47,66,1.7486778178423065e-05
47,67,1.8771041516841757e-05
47,68,2.0075251923715745e-05
47,69,2.1420137588417003e-05
47,70,2.289037249768624e-05
47,71,2.4504846670233202e-05
47,72,2.6171418366936195e-05
47,73,2.7885151555324952e-05
47,74,2.9642643483298725e-05
47,75,3.143691797811549e-05
47,76,3.326132899002119e-05
47,77,3.510983981747668e-05
47,78,3.698000686512372e-05
47,79,3.887783583011597e-05
47,80,4.086950743914059e-05
47,81,4.297061159715622e-05
47,82,4.5189434333844285e-05
47,83,4.753426715017579e-05
47,84,4.992049228188724e-05
47,85,5.232608684149255e-05
47,86,5.473271996021035e-05
47,87,5.712951791861113e-05
47,88,5.9526024634437474e-05
47,89,6.19288874388678e-05
47,90,6.433973647721876e-05
47,91,6.677916213656709e-05
47,92,6.944286913677781e-05
47,93,7.236764608066383e-05
47,94,7.532504136874419e-05
47,95,7.828445436947856e-05
47,96,8.119160170935537e-05
47,97,8.400081797228158e-05
47,98,8.67179614975316e-05
47,99,8.938665473495043e-05
47,100,9.203498644326497e-05
47,101,9.469927680053315e-05
47,102,9.752698695888405e-05
47,103,0.00010055646478992437
47,104,0.00010355020826778142
47,105,0.0001064510241899225
47,106,0.00010922220760375526
47,107,0.00011185605735946457
47,108,0.00011441170314436242
47,109,0.00011689530702872171
47,110,0.00011938778577239978
47,111,0.00012190762688496566
47,112,0.0001243972849609367
47,113,0.00012686115960642088
47,114,0.00012920215023476687
47,115,0.00013140521350521434
47,116,0.00013344606732029808
47,117,0.0001353235362898825
47,118,0.00013705250862870464
47,119,0.00013868769449988566
47,120,0.00014018548423473274
47,121,0.00014161478026146333
47,122,0.0001428520666452847
47,123,0.0001438944135256814
47,124,0.0001447127006558783
47,125,0.00014530217429360417
47,126,0.0001456986373969922
47,127,0.00014590052058622213
48,0,0.0
48,1,0.0
48,2,-1.9504161507804062e-18
48,3,-3.001120986514088e-18
48,4,5.176334475614973e-18
48,5,0.0
48,6,9.008360093946057e-18
48,7,-4.2369372274143e-17
48,8,-3.671036581215511e-15
48,9,-2.0078447466444317e-13
48,10,-7.975112874482306e-12
48,11,-1.8062212073293197e-10
48,12,-2.230839534779836e-09
48,13,-1.8001150379353183e-08
48,14,-1.0349857673823766e-07
48,15,-4.293095040318428e-07
48,16,-1.2126745304915868e-06
48,17,-2.370280861993448e-06
48,18,-3.7465347585422367e-06
48,19,-5.400705229529615e-06
48,20,-8.069538136228707e-06
48,21,-1.156088991037923e-05
48,22,-1.9320720880077963e-05
48,23,-2.3853232386825498e-05
48,24,-2.2188661617204174e-05
48,25,-2.0376533500384118e-05
48,26,-1.9066114301740114e-05
48,27,-1.7871973066675015e-05
48,28,-1.6580055641717874e-05
48,29,-1.5176002650872631e-05
48,30,-1.3723257096222357e-05
48,31,-1.2283694446532992e-05
48,32,-1.0901796027485535e-05
48,33,-9.616353997668106e-06
48,34,-8.079972839199384e-06
48,35,-6.470915976511433e-06
48,36,-5.071611457662388e-06
48,37,-3.898291987359125e-06
48,38,-2.9884948975924994e-06
48,39,-2.3298884446281752e-06
48,40,-1.8867592626914213e-06
48,41,-1.604035925997525e-06
48,42,-1.4155570416016697e-06
48,43,-1.252812862620571e-06
48,44,-1.0524288073377034e-06
48,45,-7.609259264174564e-07
48,46,-2.6115131455877385e-07
48,47,5.435986706606649e-07
48,48,1.6750761944541277e-06
48,49,3.1628401675186833e-06
48,50,4.979226468134473e-06
48,51,7.096272030880519e-06
48,52,9.468009130540928e-06
48,53,1.2032412864796258e-05
48,54,1.4716369426690393e-05
48,55,1.7443474634000985e-05
48,56,2.0144329061164424e-05
48,57,2.2773593562673788e-05
48,58,2.5521014387716115e-05
48,59,2.8324791119154702e-05
48,60,3.0935400345385614e-05
48,61,3.3364769162315234e-05
48,62,3.563603611968603e-05
48,63,3.779766302729237e-05
48,64,3.989312063789495e-05
48,65,4.195487194919503e-05
48,66,4.40035641863101e-05
48,67,4.605300734792961e-05
48,68,4.813029934648837e-05
48,69,5.02600494463e-05
48,70,5.254168212829387e-05
48,71,5.499143664485522e-05
48,72,5.7459635841108674e-05
48,73,5.9924025258929386e-05
48,74,6.237754520062095e-05
48,75,6.48145982040661e-05
48,76,6.723324914871369e-05
48,77,6.963116021597186e-05
48,78,7.201093946246927e-05
48,79,7.439097969392655e-05
48,80,7.684618546870877e-05
48,81,7.940728993111345e-05
48,82,8.207310729065454e-05
48,83,8.484829493555449e-05
48,84,8.763599648062891e-05
48,85,9.041091950225997e-05
48,86,9.316112499102423e-05
48,87,9.587735522884402e-05
48,88,9.856856082317884e-05
48,89,0.00010123564209908477
48,90,0.00010388603645957279
48,91,0.00010657255150635447
48,92,0.00010947751935051734
48,93,0.0001126606948187647
48,94,0.00011586261485904909
48,95,0.0001190260936088699
48,96,0.00012210857617549588
48,97,0.00012507951050060815
48,98,0.00012794375602697726
48,99,0.00013073020966879325
48,100,0.00013346122337380163
48,101,0.00013621004005948174
48,102,0.00013909998003965688
48,103,0.00014219653722886234
48,104,0.0001452395457987378
48,105,0.00014815228720299796
48,106,0.00015092243998330676
48,107,0.00015354937215787144
48,108,0.00015609351029449765
48,109,0.00015854987668173807
48,110,0.0001609950221703388
48,111,0.0001634644299786647
48,112,0.0001658937293304754
48,113,0.00016830524027613438
48,114,0.00017059800253609131
48,115,0.00017275301604548435
48,116,0.00017475450658130295
48,117,0.00017661415930416184
48,118,0.00017833481966996655
48,119,0.00017996497691953462
48,120,0.00018143235651622844
48,121,0.00018284548375932793
48,122,0.00018406239676698174
48,123,0.00018509380669310882
48,124,0.00018591270097919973
48,125,0.0001865104784292406
48,126,0.00018693462121661738
48,127,0.00018716471293155838
49,0,0.0
49,1,-4.079865941004688e-19
49,2,0.0
49,3,0.0
49,4,-1.2940836189037432e-18
49,5,3.5520456131209276e-18
49,6,1.57646301644056e-17
49,7,-1.69477489096572e-17
49,8,-1.1933008187657415e-14
49,9,-5.414279948487619e-13
49,10,-1.500313666153588e-11
49,11,-2.4044772879743087e-10
49,12,-2.202374049186403e-09
49,13,-1.3817638315367433e-08
49,14,-6.441658938402095e-08
49,15,-2.2452025420776034e-07
49,16,-5.48889045049735e-07
49,17,-9.50930775056768e-07
49,18,-1.3573080297567379e-06
49,19,-1.7917341054825859e-06
49,20,-2.465729164373955e-06
49,21,-3.2657748593969164e-06
49,22,-4.9533365768603544e-06
49,23,-5.438100751132478e-06
49,24,-4.442944168598838e-06
49,25,-3.492494814961537e-06
49,26,-2.671524978311663e-06
49,27,-1.8792709342042522e-06
49,28,-1.079945218422436e-06
49,29,-2.792083332700877e-07
49,30,5.110531530356634e-07
49,31,1.2860830348519368e-06
49,32,2.048729774082011e-06
49,33,2.8106885279674256e-06
49,34,3.686120804993364e-06
49,35,4.664526771432206e-06
49,36,5.634386002364579e-06
49,37,6.579723192931978e-06
49,38,7.490312702413808e-06
49,39,8.377196808291125e-06
49,40,9.259618729334346e-06
49,41,1.016084770478073e-05
49,42,1.1105125388869677e-05
49,43,1.211486560173162e-05
49,44,1.3210806107711388e-05
49,45,1.4416798932451358e-05
49,46,1.5877592421771186e-05
49,47,1.765230312128207e-05
49,48,1.96388702672613e-05
49,49,2.1820311615879243e-05
49,50,2.4137519593461545e-05
49,51,2.6559959369625176e-05
49,52,2.9056496313765613e-05
49,53,3.159401915240621e-05
49,54,3.414004709489552e-05
49,55,3.666603087661639e-05
49,56,3.915266864814029e-05
49,57,4.160736543553925e-05
49,58,4.420837894909704e-05
49,59,4.696025005653893e-05
49,60,4.965424520630868e-05
49,61,5.2278849033406985e-05
49,62,5.482553907454276e-05
49,63,5.730571365173024e-05
49,64,5.972947198178966e-05
49,65,6.210300264751102e-05
49,66,6.442920316503367e-05
49,67,6.67132862273195e-05
49,68,6.897760429363392e-05
49,69,7.125440888023377e-05
49,70,7.362230304734553e-05
49,71,7.609433913713502e-05
49,72,7.852064221455766e-05
49,73,8.08716705858645e-05
49,74,8.314254862973989e-05
49,75,8.53329677870818e-05
49,76,8.744763375093444e-05
49,77,8.948903436000002e-05
49,78,9.146446272407876e-05
49,79,9.340044478372491e-05
49,80,9.534490231091734e-05
49,81,9.733574377664783e-05
49,82,9.935885291356418e-05
49,83,0.00010141597213810395
49,84,0.00010344279426717439
49,85,0.00010541761231616652
49,86,0.00010733784883020027
49,87,0.00010919970873046335
49,88,0.00011101321483952505
49,89,0.00011277780591160829
49,90,0.00011450647785117984
49,91,0.00011626784442415418
49,92,0.00011812605173697872
49,93,0.00012015113950776397
49,94,0.0001221823707868692
49,95,0.0001241571082451052
49,96,0.00012605407106858638
49,97,0.0001278608344602457
49,98,0.0001295821365582553
49,99,0.0001312324874642772
49,100,0.00013282746029332973
49,101,0.00013445126626585187
49,102,0.0001361215296455819
49,103,0.00013791688185931547
49,104,0.00013968445905411148
49,105,0.00014135276176188146
49,106,0.0001429290908966137
49,107,0.00014441804639872582
49,108,0.00014586807703302694
49,109,0.00014726968262898055
49,110,0.00014866218565183072
49,111,0.00015008519841309612
49,112,0.00015148263024276416
49,113,0.0001528779402476569
49,114,0.00015419857612652854
49,115,0.00015542072911278328
49,116,0.00015653209243182307
49,117,0.00015754566140530838
49,118,0.00015845121162841216
49,119,0.00015928416890353538
49,120,0.00015996502170833118
49,121,0.00016060585991745527
49,122,0.00016111530080017912
49,123,0.00016152287148632274
49,124,0.0001618243871567436
49,125,0.00016202509767759019
49,126,0.00016217945844116042
49,127,0.00016227346934796167
50,0,6.045264468873448e-20
50,1,0.0
50,2,0.0
50,3,1.500560493257044e-18
50,4,1.729219235760127e-16
50,5,5.778882208746655e-15
50,6,9.344906796830823e-14
50,7,8.781094773188411e-13
50,8,1.153348292280657e-11
50,9,1.1859796738810666e-10
50,10,1.017001506582867e-09
50,11,6.872356152055958e-09
50,12,3.2861835819054903e-08
50,13,1.2470977896411696e-07
50,14,3.9193299891217805e-07
50,15,1.0010704501239315e-06
50,16,1.9164645018874056e-06
50,17,2.7441244551192233e-06
50,18,3.3848560871489974e-06
50,19,4.00823618192623e-06
50,20,5.093554130356149e-06
50,21,6.407558838096444e-06
50,22,9.532460128431328e-06
50,23,1.0780086092344677e-05
50,24,9.6040404519081e-06
50,25,8.749014133212615e-06
50,26,8.35572182233513e-06
50,27,8.189971953775941e-06
50,28,8.116671216408905e-06
50,29,8.094474194347772e-06
50,30,8.12528149562801e-06
50,31,8.220322726979968e-06
50,32,8.391787688879562e-06
50,33,8.661147170663675e-06
50,34,8.984812368460825e-06
50,35,9.439908385169745e-06
50,36,1.000868641989383e-05
50,37,1.065345894416983e-05
50,38,1.1358521613856084e-05
50,39,1.2116950371511316e-05
50,40,1.2927319709458072e-05
50,41,1.3789851558427298e-05
50,42,1.4705751371558729e-05
50,43,1.567653015721281e-05
50,44,1.670617754669747e-05
50,45,1.7807684643648863e-05
50,46,1.907952952978995e-05
50,47,2.0559790308418843e-05
50,48,2.2151840874242274e-05
50,49,2.3835294812679838e-05
50,50,2.5567610109853956e-05
50,51,2.73316486694613e-05
50,52,2.9114202953969094e-05
50,53,3.09030911139425e-05
50,54,3.268803806381054e-05
50,55,3.446164543437137e-05
50,56,3.622213540134407e-05
50,57,3.798736893281375e-05
50,58,3.9879585610085125e-05
50,59,4.191910274391345e-05
50,60,4.3954927955344286e-05
50,61,4.596290538257916e-05
50,62,4.7922436933043274e-05
50,63,4.98290919765641e-05
50,64,5.168071767102014e-05
50,65,5.3475708834814906e-05
50,66,5.521318314324142e-05
50,67,5.689715947050503e-05
50,68,5.854277472386643e-05
50,69,6.017672530975649e-05
50,70,6.184200512894968e-05
50,71,6.354749349798882e-05
50,72,6.519175861919777e-05
50,73,6.675208761374776e-05
50,74,6.822579608123051e-05
50,75,6.961380972621037e-05
50,76,7.092095358102734e-05
50,77,7.215005545533227e-05
50,78,7.330686688914863e-05
50,79,7.441205253212591e-05
50,80,7.548333915323547e-05
50,81,7.654890336406878e-05
50,82,7.75898983662854e-05
50,83,7.860468136583954e-05
50,84,7.956646781301554e-05
50,85,8.046248468557706e-05
50,86,8.129649878238077e-05
50,87,8.206866590512018e-05
50,88,8.278633227366109e-05
50,89,8.344945590734937e-05
50,90,8.407048778398653e-05
50,91,8.470388371291401e-05
50,92,8.531910927606128e-05
50,93,8.597027336375378e-05
50,94,8.661657577162155e-05
50,95,8.721336039769877e-05
50,96,8.775498368178537e-05
50,97,8.82415153946119e-05
50,98,8.868019886435216e-05
50,99,8.908099584675661e-05
50,100,8.945207288686417e-05
50,101,8.985418763463779e-05
50,102,9.02338332459681e-05
50,103,9.065492496318038e-05
50,104,9.108400128901327e-05
50,105,9.14758435525668e-05
50,106,9.184024097884554e-05
50,107,9.217819911894183e-05
50,108,9.251166896620563e-05
50,109,9.282692538527403e-05
50,110,9.312294063143202e-05
50,111,9.342265259520429e-05
50,112,9.368696861022012e-05
50,113,9.392707543011425e-05
50,114,9.411328259442433e-05
50,115,9.422828217461476e-05
50,116,9.426644651441295e-05
50,117,9.423910100296946e-05
50,118,9.41353985968117e-05
50,119,9.397995110339949e-05
50,120,9.371533032541487e-05
50,121,9.342468440004695e-05
50,122,9.309725310541002e-05
50,123,9.276832578260711e-05
50,124,9.244302982206394e-05
50,125,9.212267520391937e-05
50,126,9.185754110519364e-05
50,127,9.170078625271575e-05
51,0,0.0
51,1,0.0
51,2,1.7066141319328556e-18
51,3,2.121182934765075e-16
51,4,8.692642748968078e-15
51,5,1.6047135667156633e-13
51,6,1.6659937292792543e-12
51,7,1.0903937494965713e-11
51,8,9.343235212623241e-11
51,9,6.715936105323113e-10
51,10,4.132538022551141e-09
51,11,2.1250780113624956e-08
51,12,8.160505852451608e-08
51,13,2.5913374255798474e-07
51,14,7.03506411502966e-07
51,15,1.5924616449072383e-06
51,16,2.757362746826729e-06
51,17,3.628853682005268e-06
51,18,4.170150630983512e-06
51,19,4.64775181205545e-06
51,20,5.5900547856464274e-06
51,21,6.687127287825846e-06
51,22,9.399894566386635e-06
51,23,1.0011697118886766e-05
51,24,8.449622158621381e-06
51,25,7.321803277693608e-06
51,26,6.687673710681789e-06
51,27,6.271864164376993e-06
51,28,5.983926772800515e-06
51,29,5.724086925101407e-06
51,30,5.551138439023402e-06
51,31,5.44309312150852e-06
51,32,5.40279251903602e-06
51,33,5.438884917257905e-06
51,34,5.497302971309975e-06
51,35,5.6785681997559766e-06
51,36,5.854317511945215e-06
51,37,6.12680818622588e-06
51,38,6.442746779494931e-06
51,39,6.793804414698092e-06
51,40,7.206585304452781e-06
51,41,7.611570917781259e-06
51,42,8.029089611382416e-06
51,43,8.523153220960189e-06
51,44,9.060731516135506e-06
51,45,9.549914360565202e-06
51,46,1.0140208898966165e-05
51,47,1.0845034618533279e-05
51,48,1.1589536585692071e-05
51,49,1.2376032142725283e-05
51,50,1.3181311867811923e-05
51,51,1.399579010243514e-05
51,52,1.481539949981117e-05
51,53,1.5640440948981863e-05
51,54,1.6509526752728842e-05
51,55,1.7314510617199856e-05
51,56,1.8144652427724345e-05
51,57,1.8956354837325212e-05
51,58,1.985896637456885e-05
51,59,2.0844642543565076e-05
51,60,2.1829963726034773e-05
51,61,2.2802406658826414e-05
51,62,2.3758961671718687e-05
51,63,2.466651344720522e-05
51,64,2.5553371520294466e-05
51,65,2.64082859298755e-05
51,66,2.7226031906680697e-05
51,67,2.8020696976318242e-05
51,68,2.8795884022944384e-05
51,69,2.955421449200655e-05
51,70,3.026734149085227e-05
51,71,3.1073089279308785e-05
51,72,3.179564317206861e-05
51,73,3.253714027596445e-05
51,74,3.319310321418109e-05
51,75,3.387146575638116e-05
51,76,3.444174601664138e-05
51,77,3.500306468943815e-05
51,78,3.55128504561653e-05
51,79,3.601209415066225e-05
51,80,3.646114126838643e-05
51,81,3.689539882931547e-05
51,82,3.728472665004996e-05
51,83,3.7618641587902846e-05
51,84,3.795702070005482e-05
51,85,3.8301802176014665e-05
51,86,3.8582004539645506e-05
51,87,3.881233205477467e-05
51,88,3.8997062629821264e-05
51,89,3.913607485157289e-05
51,90,3.9234256253832726e-05
51,91,3.9310965103723e-05
51,92,3.9354503882579483e-05
51,93,3.9485077083688064e-05
51,94,3.956456727911474e-05
51,95,3.959123767634479e-05
51,96,3.9549879854470427e-05
51,97,3.950881930431748e-05
51,98,3.9521651290492705e-05
51,99,3.947346078261062e-05
51,100,3.9363628823177965e-05
51,101,3.935987116891888e-05
51,102,3.930421606788017e-05
51,103,3.9245197269011315e-05
51,104,3.9260695477955364e-05
51,105,3.9280334378343445e-05
51,106,3.9339884816890415e-05
51,107,3.941620428611694e-05
51,108,3.9457283251615385e-05
51,109,3.947159173652006e-05
51,110,3.944534041455082e-05
51,111,3.940751372136847e-05
51,112,3.931982712760993e-05
51,113,3.9203318947831976e-05
51,114,3.904148487282987e-05
51,115,3.882966108137764e-05
51,116,3.8569214712592516e-05
51,117,3.8268919938813854e-05
51,118,3.791840560111693e-05
51,119,3.75358986198906e-05
51,120,3.707131842240545e-05
51,121,3.657793259165872e-05
51,122,3.6046455199463274e-05
51,123,3.54827255091552e-05
51,124,3.487738596878657e-05
51,125,3.4191846674196545e-05
51,126,3.338798115075749e-05
51,127,3.206382254637737e-05
52,0,0.0
52,1,0.0
52,2,0.0
52,3,0.0
52,4,0.0
52,5,0.0
52,6,0.0
52,7,0.0
52,8,0.0
52,9,0.0
52,10,0.0
52,11,0.0
52,12,0.0
52,13,0.0
52,14,0.0
52,15,0.0
52,16,0.0
52,17,0.0
52,18,0.0
52,19,0.0
52,20,0.0
52,21,0.0
52,22,0.0
52,23,0.0
52,24,0.0
52,25,0.0
52,26,0.0
52,27,0.0
52,28,0.0
52,29,0.0
52,30,0.0
52,31,0.0
52,32,0.0
52,33,0.0
52,34,0.0
52,35,0.0
52,36,0.0
52,37,0.0
52,38,0.0
52,39,0.0
52,40,0.0
52,41,0.0
52,42,0.0
52,43,0.0
52,44,0.0
52,45,0.0
52,46,0.0
52,47,0.0
52,48,0.0
52,49,0.0
52,50,0.0
52,51,0.0
52,52,0.0
52,53,0.0
52,54,0.0
52,55,0.0
52,56,0.0
52,57,0.0
52,58,0.0
52,59,0.0
52,60,0.0
52,61,0.0
52,62,0.0
52,63,0.0
52,64,0.0
52,65,0.0
52,66,0.0
52,67,0.0
52,68,0.0
52,69,0.0
52,70,0.0
52,71,0.0
52,72,0.0
52,73,0.0
52,74,0.0
52,75,0.0
52,76,0.0
52,77,0.0
52,78,0.0
52,79,0.0
52,80,0.0
52,81,0.0
52,82,0.0
52,83,0.0
52,84,0.0
52,85,0.0
52,86,0.0
52,87,0.0
52,88,0.0
52,89,0.0
52,90,0.0
52,91,0.0
52,92,0.0
52,93,0.0
52,94,0.0
52,95,0.0
52,96,0.0
52,97,0.0
52,98,0.0
52,99,0.0
52,100,0.0
52,101,0.0
52,102,0.0
52,103,0.0
52,104,0.0
52,105,0.0
52,106,0.0
52,107,0.0
52,108,0.0
52,109,0.0
52,110,0.0
52,111,0.0
52,112,0.0
52,113,0.0
52,114,0.0
52,115,0.0
52,116,0.0
52,117,0.0
52,118,0.0
52,119,0.0
52,120,0.0
52,121,0.0
52,122,0.0
52,123,0.0
52,124,0.0
52,125,0.0
52,126,0.0
52,127,0.0
53,0,0.0
53,1,0.0
53,2,0.0
53,3,0.0
53,4,0.0
53,5,0.0
53,6,0.0
53,7,0.0
53,8,0.0
53,9,0.0
53,10,0.0
53,11,0.0
53,12,0.0
53,13,0.0
53,14,0.0
53,15,0.0
53,16,0.0
53,17,0.0
53,18,0.0
53,19,0.0
53,20,0.0
53,21,0.0
53,22,0.0
53,23,0.0
53,24,0.0
53,25,0.0
53,26,0.0
53,27,0.0
53,28,0.0
53,29,0.0
53,30,0.0
53,31,0.0
53,32,0.0
53,33,0.0
53,34,0.0
53,35,0.0
53,36,0.0
53,37,0.0
53,38,0.0
53,39,0.0
53,40,0.0
53,41,0.0
53,42,0.0
53,43,0.0
53,44,0.0
53,45,0.0
53,46,0.0
53,47,0.0
53,48,0.0
53,49,0.0
53,50,0.0
53,51,0.0
53,52,0.0
53,53,0.0
53,54,0.0
53,55,0.0
53,56,0.0
53,57,0.0
53,58,0.0
53,59,0.0
53,60,0.0
53,61,0.0
53,62,0.0
53,63,0.0
53,64,0.0
53,65,0.0
53,66,0.0
53,67,0.0
53,68,0.0
53,69,0.0
53,70,0.0
53,71,0.0
53,72,0.0
53,73,0.0
53,74,0.0
53,75,0.0
53,76,0.0
53,77,0.0
53,78,0.0
53,79,0.0
53,80,0.0
53,81,0.0
53,82,0.0
53,83,0.0
53,84,0.0
53,85,0.0
53,86,0.0
53,87,0.0
53,88,0.0
53,89,0.0
53,90,0.0
53,91,0.0
53,92,0.0
53,93,0.0
53,94,0.0
53,95,0.0
53,96,0.0
53,97,0.0
53,98,0.0
53,99,0.0
53,100,0.0
53,101,0.0
53,102,0.0
53,103,0.0
53,104,0.0
53,105,0.0
53,106,0.0
53,107,0.0
53,108,0.0
53,109,0.0
53,110,0.0
53,111,0.0
53,112,0.0
53,113,0.0
53,114,0.0
53,115,0.0
53,116,0.0
53,117,0.0
53,118,0.0
53,119,0.0
53,120,-2.9966219816041485e-16
53,121,-5.971709280160397e-16
53,122,-2.976740361154472e-16
53,123,0.0
53,124,-2.9641486725330873e-16
53,125,0.0
53,126,-8.874007843623519e-16
53,127,-2.957411936010043e-16
54,0,0.0
54,1,0.0
54,2,0.0
54,3,0.0
54,4,0.0
54,5,0.0
54,6,0.0
54,7,0.0
54,8,0.0
54,9,0.0
54,10,0.0
54,11,0.0
54,12,0.0
54,13,0.0
54,14,0.0
54,15,0.0
54,16,0.0
54,17,0.0
54,18,0.0
54,19,0.0
54,20,0.0
54,21,0.0
54,22,0.0
54,23,0.0
54,24,0.0
54,25,0.0
54,26,0.0
54,27,0.0
54,28,0.0
54,29,0.0
54,30,0.0
54,31,0.0
54,32,0.0
54,33,0.0
54,34,0.0
54,35,0.0
54,36,0.0
54,37,0.0
54,38,0.0
54,39,0.0
54,40,0.0
54,41,0.0
54,42,0.0
54,43,0.0
54,44,0.0
54,45,0.0
54,46,0.0
54,47,0.0
54,48,0.0
54,49,0.0
54,50,0.0
54,51,0.0
54,52,0.0
54,53,0.0
54,54,0.0
54,55,0.0
54,56,0.0
54,57,0.0
54,58,0.0
54,59,0.0
54,60,0.0
54,61,0.0
54,62,0.0
54,63,0.0
54,64,0.0
54,65,0.0
54,66,0.0
54,67,0.0
54,68,0.0
54,69,0.0
54,70,0.0
54,71,0.0
54,72,0.0
54,73,0.0
54,74,0.0
54,75,0.0
54,76,0.0
54,77,0.0
54,78,0.0
54,79,0.0
54,80,0.0
54,81,0.0
54,82,0.0
54,83,0.0
54,84,0.0
54,85,0.0
54,86,0.0
54,87,0.0
54,88,0.0
54,89,0.0
54,90,0.0
54,91,0.0
54,92,0.0
54,93,0.0
54,94,0.0
54,95,0.0
54,96,0.0
54,97,0.0
54,98,0.0
54,99,0.0
54,100,0.0
54,101,0.0
54,102,0.0
54,103,-2.1680697823291037e-17
54,104,-4.279823246396189e-17
54,105,-2.1132161395197744e-17
54,106,-1.670478129766468e-16
54,107,-3.9225007408318536e-16
54,108,-6.945333168748107e-16
54,109,-1.2540244144888185e-15
54,110,-2.463792529540321e-15
54,111,-4.346783279180641e-15
54,112,-7.436575472482656e-15
54,113,-1.2564551346371893e-14
54,114,-2.058196775619553e-14
54,115,-3.1108027431498346e-14
54,116,-4.5883687973459325e-14
54,117,-6.529862896194287e-14
54,118,-9.092308384209105e-14
54,119,-1.1990449612093174e-13
54,120,-1.5344577434551742e-13
54,121,-1.9301684088968433e-13
54,122,-2.3343225819628226e-13
54,123,-2.721648548820531e-13
54,124,-3.0901249911157434e-13
54,125,-3.396471631393285e-13
54,126,-3.6405617178465493e-13
54,127,-3.770330541920804e-13
55,0,0.0
55,1,0.0
55,2,0.0
55,3,0.0
55,4,0.0
55,5,0.0
55,6,0.0
55,7,0.0
55,8,0.0
55,9,0.0
55,10,0.0
55,11,0.0
55,12,0.0
55,13,0.0
55,14,0.0
55,15,0.0
55,16,0.0
55,17,0.0
55,18,0.0
55,19,0.0
55,20,0.0
55,21,0.0
55,22,0.0
55,23,0.0
55,24,0.0
55,25,0.0
55,26,0.0
55,27,0.0
55,28,0.0
55,29,0.0
55,30,0.0
55,31,0.0
55,32,0.0
55,33,0.0
55,34,0.0
55,35,0.0
55,36,0.0
55,37,0.0
55,38,0.0
55,39,0.0
55,40,0.0
55,41,0.0
55,42,0.0
55,43,0.0
55,44,0.0
55,45,0.0
55,46,0.0
55,47,0.0
55,48,0.0
55,49,0.0
55,50,0.0
55,51,0.0
55,52,0.0
55,53,0.0
55,54,0.0
55,55,0.0
55,56,0.0
55,57,0.0
55,58,0.0
55,59,0.0
55,60,0.0
55,61,0.0
55,62,0.0
55,63,0.0
55,64,0.0
55,65,0.0
55,66,0.0
55,67,0.0
55,68,0.0
55,69,0.0
55,70,0.0
55,71,0.0
55,72,0.0
55,73,0.0
55,74,0.0
55,75,0.0
55,76,0.0
55,77,0.0
55,78,0.0
55,79,0.0
55,80,0.0
55,81,0.0
55,82,0.0
55,83,0.0
55,84,0.0
55,85,0.0
55,86,0.0
55,87,0.0
55,88,0.0
55,89,0.0
55,90,0.0
55,91,0.0
55,92,-1.0028462898946045e-18
55,93,-2.55955482894823e-18
55,94,-3.870097250322375e-18
55,95,-1.5603195766673103e-17
55,96,-2.583670744617091e-17
55,97,-6.082359478150595e-17
55,98,-1.0239480428221444e-16
55,99,-1.7606266651646827e-16
55,100,-2.851269355179618e-16
55,101,-4.944335608973129e-16
55,102,-9.62157238550539e-16
55,103,-1.8797842534600307e-15
55,104,-3.123936608678094e-15
55,105,-4.444027503405726e-15
55,106,-5.293327573697495e-15
55,107,-4.2863642963958615e-15
55,108,1.4790750874990225e-15
55,109,1.6959668895949588e-14
55,110,5.16025571030781e-14
55,111,1.2118519171229384e-13
55,112,2.5025711822936285e-13
55,113,4.725205355763327e-13
55,114,8.209461759786498e-13
55,115,1.3344139725950926e-12
55,116,2.0536657405257665e-12
55,117,3.0151613433373916e-12
55,118,4.250265049239977e-12
55,119,5.759914701418532e-12
55,120,7.564966339782365e-12
55,121,9.630391272898605e-12
55,122,1.1807353433071957e-11
55,123,1.3972095500881924e-11
55,124,1.5984709547516858e-11
55,125,1.7712202841726297e-11
55,126,1.9026905806704372e-11
55,127,1.9760151750141222e-11
56,0,0.0
56,1,0.0
56,2,0.0
56,3,0.0
56,4,0.0
56,5,0.0
56,6,0.0
56,7,0.0
56,8,0.0
56,9,0.0
56,10,0.0
56,11,0.0
56,12,0.0
56,13,0.0
56,14,0.0
56,15,0.0
56,16,0.0
56,17,0.0
56,18,0.0
56,19,0.0
56,20,0.0
56,21,0.0
56,22,0.0
56,23,0.0
56,24,0.0
56,25,0.0
56,26,0.0
56,27,0.0
56,28,0.0
56,29,0.0
56,30,0.0
56,31,0.0
56,32,0.0
56,33,0.0
56,34,0.0
56,35,0.0
56,36,0.0
56,37,0.0
56,38,0.0
56,39,0.0
56,40,0.0
56,41,0.0
56,42,0.0
56,43,0.0
56,44,0.0
56,45,0.0
56,46,0.0
56,47,0.0
56,48,0.0
56,49,0.0
56,50,0.0
56,51,0.0
56,52,0.0
56,53,0.0
56,54,0.0
56,55,0.0
56,56,0.0
56,57,0.0
56,58,0.0
56,59,0.0
56,60,0.0
56,61,0.0
56,62,0.0
56,63,0.0
56,64,0.0
56,65,0.0
56,66,0.0
56,67,0.0
56,68,0.0
56,69,0.0
56,70,0.0
56,71,0.0
56,72,0.0
56,73,0.0
56,74,0.0
56,75,0.0
56,76,0.0
56,77,0.0
56,78,0.0
56,79,0.0
56,80,-4.895821691263816e-21
56,81,-9.59614901374636e-22
56,82,-3.7605909331545865e-20
56,83,-6.16940256533407e-20
56,84,-2.0941077789633563e-19
56,85,-4.851594395892155e-19
56,86,-9.991473134115978e-19
56,87,-1.9875754308289647e-18
56,88,-3.50940416122932e-18
56,89,-5.23932627891295e-18
56,90,-6.99831867512366e-18
56,91,-8.425857841715478e-18
56,92,-8.210803998512073e-18
56,93,9.659858368867118e-19
56,94,4.054531572408051e-17
56,95,1.5108162974151938e-16
56,96,3.981199078885573e-16
56,97,8.845801173630797e-16
56,98,1.779200499939187e-15
56,99,3.4147171890542285e-15
56,100,6.494765047555474e-15
56,101,1.2323087939900426e-14
56,102,2.459486521303519e-14
56,103,4.959026118984141e-14
56,104,9.37247854841653e-14
56,105,1.669274055851804e-13
56,106,2.839990482232703e-13
56,107,4.650457937998647e-13
56,108,7.352971571207153e-13
56,109,1.1251762353953889e-12
56,110,1.691500513489534e-12
56,111,2.4911234981235848e-12
56,112,3.586904806817121e-12
56,113,5.0356058810081176e-12
56,114,6.817165956574668e-12
56,115,8.925119319923145e-12
56,116,1.136585700213602e-11
56,117,1.4140648670650626e-11
56,118,1.7202366812065417e-11
56,119,2.0399701538237042e-11
56,120,2.3666918571822563e-11
56,121,2.6945574943474887e-11
56,122,3.0018658266898676e-11
56,123,3.280189761578251e-11
56,124,3.51981733610938e-11
56,125,3.716593935731067e-11
56,126,3.872795869818265e-11
56,127,3.9671007654758714e-11
57,0,0.0
57,1,0.0
57,2,0.0
57,3,0.0
57,4,0.0
57,5,0.0
57,6,0.0
57,7,0.0
57,8,0.0
57,9,0.0
57,10,0.0
57,11,0.0
57,12,0.0
57,13,0.0
57,14,0.0
57,15,0.0
57,16,0.0
57,17,0.0
57,18,0.0
57,19,0.0
57,20,0.0
57,21,0.0
57,22,0.0
57,23,0.0
57,24,0.0
57,25,0.0
57,26,0.0
57,27,0.0
57,28,0.0
57,29,0.0
57,30,0.0
57,31,0.0
57,32,0.0
57,33,0.0
57,34,0.0
57,35,0.0
57,36,0.0
57,37,0.0
57,38,0.0
57,39,0.0
57,40,0.0
57,41,0.0
57,42,0.0
57,43,0.0
57,44,0.0
57,45,0.0
57,46,0.0
57,47,0.0
57,48,0.0
57,49,0.0
57,50,0.0
57,51,0.0
57,52,0.0
57,53,0.0
57,54,0.0
57,55,0.0
57,56,0.0
57,57,0.0
57,58,0.0
57,59,0.0
57,60,0.0
57,61,0.0
57,62,0.0
57,63,0.0
57,64,0.0
57,65,0.0
57,66,0.0
57,67,0.0
57,68,0.0
57,69,0.0
57,70,0.0
57,71,-2.3236498142851083e-24
57,72,-9.074625878158225e-24
57,73,-3.65724296017658e-23
57,74,-1.516792610216189e-22
57,75,-3.6454835337384066e-22
57,76,-1.0247031865640854e-21
57,77,-2.3175832253101968e-21
57,78,-4.4935948989456004e-21
57,79,-7.352717929771445e-21
57,80,-8.623148439808025e-21
57,81,2.4252767233960524e-21
57,82,6.217461376787807e-20
57,83,2.7487868088001105e-19
57,84,8.686076430287293e-19
57,85,2.2893322723202903e-18
57,86,5.306300331853059e-18
57,87,1.1160665228177013e-17
57,88,2.1880525848285414e-17
57,89,4.0957991307689554e-17
57,90,7.438475780192753e-17
57,91,1.317544199568666e-16
57,92,2.41635287153737e-16
57,93,4.460202383467254e-16
57,94,7.761611605600164e-16
57,95,1.2720059350063597e-15
57,96,1.972780832865303e-15
57,97,2.902461203566552e-15
57,98,4.036599973135061e-15
57,99,5.328117378337236e-15
57,100,6.870200692016804e-15
57,101,9.038520796674402e-15
57,102,1.2591495750675095e-14
57,103,1.73583279878719e-14
57,104,2.0870018340375394e-14
57,105,1.995449825512983e-14
57,106,1.0928175080321862e-14
57,107,-1.1597914967061753e-14
57,108,-5.5727924479598344e-14
57,109,-1.3187489967137718e-13
57,110,-2.5863571201045766e-13
57,111,-4.58545691978406e-13
57,112,-7.604600160403645e-13
57,113,-1.1953996753058577e-12
57,114,-1.778337258112582e-12
57,115,-2.5278556599877503e-12
57,116,-3.453730955419342e-12
57,117,-4.553876809813775e-12
57,118,-5.8278100938257495e-12
57,119,-7.254825303392048e-12
57,120,-8.832103100553394e-12
57,121,-1.0510122670323457e-11
57,122,-1.2163215844296994e-11
57,123,-1.3720613683559914e-11
57,124,-1.511305269788864e-11
57,125,-1.6272358149148458e-11
57,126,-1.711955159520795e-11
57,127,-1.7571399785600347e-11
58,0,0.0
58,1,0.0
58,2,0.0
58,3,0.0
58,4,0.0
58,5,0.0
58,6,0.0
58,7,0.0
58,8,0.0
58,9,0.0
58,10,0.0
58,11,0.0
58,12,0.0
58,13,0.0
58,14,0.0
58,15,0.0
58,16,0.0
58,17,0.0
58,18,0.0
58,19,0.0
58,20,0.0
58,21,0.0
58,22,0.0
58,23,0.0
58,24,0.0
58,25,0.0
58,26,0.0
58,27,0.0
58,28,0.0
58,29,0.0
58,30,0.0
58,31,0.0
58,32,0.0
58,33,0.0
58,34,0.0
58,35,0.0
58,36,0.0
58,37,0.0
58,38,0.0
58,39,0.0
58,40,0.0
58,41,0.0
58,42,0.0
58,43,0.0
58,44,0.0
58,45,0.0
58,46,0.0
58,47,0.0
58,48,0.0
58,49,0.0
58,50,0.0
58,51,0.0
58,52,0.0
58,53,0.0
58,54,0.0
58,55,0.0
58,56,0.0
58,57,0.0
58,58,0.0
58,59,0.0
58,60,0.0
58,61,0.0
58,62,-8.795808848014423e-29
58,63,-1.7149691092217289e-28
58,64,-6.69129632362664e-28
58,65,-2.9387227438367752e-27
58,66,-8.928044870365315e-27
58,67,-3.520838316075617e-26
58,68,-9.440631719696714e-26
58,69,-1.855878220165416e-25
58,70,-9.191446933271659e-26
58,71,1.8896673660604727e-24
58,72,1.337322032642397e-23
58,73,6.147300293458501e-23
58,74,2.2981217277032144e-22
58,75,7.472756912798537e-22
58,76,2.182762056424366e-21
58,77,5.8292340513743676e-21
58,78,1.4391545394335072e-20
58,79,3.310629263386501e-20
58,80,7.383209282722924e-20
58,81,1.5803900241404066e-19
58,82,3.264446655532407e-19
58,83,6.436448491049523e-19
58,84,1.180002324738382e-18
58,85,2.0095662398962503e-18
58,86,3.1652661829004574e-18
58,87,4.572047095644934e-18
58,88,5.986672775192564e-18
58,89,6.997275164163813e-18
58,90,7.075601524636187e-18
58,91,5.522513838917396e-18
58,92,1.0894261311038182e-19
58,93,-1.4300905539293193e-17
58,94,-4.544620591890947e-17
58,95,-1.0440955643882504e-16
58,96,-2.0451271986230958e-16
58,97,-3.633694193962505e-16
58,98,-6.079902954803929e-16
58,99,-9.803104693032357e-16
58,100,-1.5376926770254744e-15
58,101,-2.3509486249456233e-15
58,102,-3.658928052938076e-15
58,103,-5.737020602666219e-15
58,104,-8.699363705421757e-15
58,105,-1.2753937827385657e-14
58,106,-1.813982135354702e-14
58,107,-2.5140832414854565e-14
58,108,-3.407131505948455e-14
58,109,-4.5216587048791884e-14
58,110,-5.936744848722892e-14
58,111,-7.699171405280894e-14
58,112,-9.84564196373552e-14
58,113,-1.239509631526954e-13
58,114,-1.5257441893771133e-13
58,115,-1.8408746636932924e-13
58,116,-2.1833994329700113e-13
58,117,-2.5496325448679856e-13
58,118,-2.933050143097448e-13
58,119,-3.3198705843664377e-13
58,120,-3.704300056980417e-13
58,121,-4.0792390444433397e-13
58,122,-4.4226607119686724e-13
58,123,-4.729525333022656e-13
58,124,-4.993689232372999e-13
58,125,-5.21006804851797e-13
58,126,-5.371850397347065e-13
58,127,-5.461333569351874e-13
59,0,0.0
59,1,0.0
59,2,0.0
59,3,0.0
59,4,0.0
59,5,0.0
59,6,0.0
59,7,0.0
59,8,0.0
59,9,0.0
59,10,0.0
59,11,0.0
59,12,0.0
59,13,0.0
59,14,0.0
59,15,0.0
59,16,0.0
59,17,0.0
59,18,0.0
59,19,0.0
59,20,0.0
59,21,0.0
59,22,0.0
59,23,0.0
59,24,0.0
59,25,0.0
59,26,0.0
59,27,0.0
59,28,0.0
59,29,0.0
59,30,0.0
59,31,0.0
59,32,0.0
59,33,0.0
59,34,0.0
59,35,0.0
59,36,0.0
59,37,0.0
59,38,0.0
59,39,0.0
59,40,0.0
59,41,0.0
59,42,0.0
59,43,0.0
59,44,0.0
59,45,0.0
59,46,0.0
59,47,0.0
59,48,0.0
59,49,0.0
59,50,0.0
59,51,0.0
59,52,0.0
59,53,0.0
59,54,0.0
59,55,0.0
59,56,-1.57107116829849e-33
59,57,3.838279706885775e-33
59,58,7.477995756055052e-34
59,59,7.996126852569706e-32
59,60,5.348000395730336e-31
59,61,5.107864354784744e-30
59,62,3.4044568975636885e-29
59,63,1.941587036557242e-28
59,64,9.492184177598316e-28
59,65,4.060633402891323e-27
59,66,1.5413523544735975e-26
59,67,5.25395060588642e-26
59,68,1.652875981449967e-25
59,69,4.799789454410375e-25
59,70,1.3956544888963804e-24
59,71,3.9022820910012894e-24
59,72,9.819019384264713e-24
59,73,2.2272041208681324e-23
59,74,4.5525817682316883e-23
59,75,8.34344818906662e-23
59,76,1.3505063713014315e-22
59,77,1.8537631890117997e-22
59,78,1.8858227756046466e-22
59,79,4.0029842244057797e-23
59,80,-5.089224111076751e-22
59,81,-1.9631395871420178e-21
59,82,-5.369451179982353e-21
59,83,-1.2563050382172478e-20
59,84,-2.6019742687955493e-20
59,85,-4.9333394778352055e-20
59,86,-8.743333672061582e-20
59,87,-1.470898367803015e-19
59,88,-2.3757987690655826e-19
59,89,-3.711000093868631e-19
59,90,-5.62798292870855e-19
59,91,-8.310355561969171e-19
59,92,-1.2486803552171847e-18
59,93,-1.888223669377242e-18
59,94,-2.7666043832578676e-18
59,95,-3.9290407003979895e-18
59,96,-5.4100622642897975e-18
59,97,-7.238605572647063e-18
59,98,-9.446848038535227e-18
59,99,-1.2097778935255506e-17
59,100,-1.5305504672269566e-17
59,101,-1.922405717285962e-17
59,102,-2.4505213401092675e-17
59,103,-3.1414719296971416e-17
59,104,-3.9351831235525084e-17
59,105,-4.816208485527681e-17
59,106,-5.788289071309488e-17
59,107,-6.859882123756393e-17
59,108,-8.029477058097474e-17
59,109,-9.27847201228663e-17
59,110,-1.0624153983183987e-16
59,111,-1.2039066958337684e-16
59,112,-1.3476574271058627e-16
59,113,-1.4897385879089137e-16
59,114,-1.6219621928602294e-16
59,115,-1.745196054145803e-16
59,116,-1.8654001287559696e-16
59,117,-1.9862579066022863e-16
59,118,-2.100944225890038e-16
59,119,-2.1961761372530229e-16
59,120,-2.2657473033559996e-16
59,121,-2.3175350081023754e-16
59,122,-2.3586108336982003e-16
59,123,-2.3963928902956246e-16
59,124,-2.43252332348635e-16
59,125,-2.4697738577086013e-16
59,126,-2.5107164425517854e-16
59,127,-2.5410755418364556e-16
60,0,0.0
60,1,0.0
60,2,0.0
60,3,0.0
60,4,0.0
60,5,0.0
60,6,0.0
60,7,0.0
60,8,0.0
60,9,0.0
60,10,0.0
60,11,0.0
60,12,0.0
60,13,0.0
60,14,0.0
60,15,0.0
60,16,0.0
60,17,0.0
60,18,0.0
60,19,0.0
60,20,0.0
60,21,0.0
60,22,0.0
60,23,0.0
60,24,0.0
60,25,0.0
60,26,0.0
60,27,0.0
60,28,0.0
60,29,0.0
60,30,0.0
60,31,0.0
60,32,0.0
60,33,0.0
60,34,0.0
60,35,0.0
60,36,0.0
60,37,0.0
60,38,0.0
60,39,0.0
60,40,0.0
60,41,0.0
60,42,0.0
60,43,0.0
60,44,0.0
60,45,0.0
60,46,0.0
60,47,0.0
60,48,1.7434160037462671e-40
60,49,3.9474157365119145e-40
60,50,6.026642572530568e-39
60,51,4.92276337007926e-38
60,52,4.251453879485517e-37
60,53,3.1716087687590645e-36
60,54,2.0183730374894574e-35
60,55,1.1261871412778673e-34
60,56,5.547329651217519e-34
60,57,2.426243627369968e-33
60,58,1.1299845390651054e-32
60,59,5.059303646299864e-32
60,60,1.965681493334763e-31
60,61,6.573871722783799e-31
60,62,1.8574303199098844e-30
60,63,4.285570696130366e-30
60,64,7.155312051989006e-30
60,65,3.228195891981873e-30
60,66,-3.638736388435279e-29
60,67,-1.999493601991326e-28
60,68,-7.311263338694001e-28
60,69,-2.2193633992947852e-27
60,70,-6.467964400537301e-27
60,71,-1.7806373196156556e-26
60,72,-4.4298955457282234e-26
60,73,-1.0131098302371958e-25
60,74,-2.157061120074207e-25
60,75,-4.316914500336612e-25
60,76,-8.181145561440687e-25
60,77,-1.4767177547137249e-24
60,78,-2.5507646074471877e-24
60,79,-4.23413111559521e-24
60,80,-6.917409473733992e-24
60,81,-1.1080553145096672e-23
60,82,-1.7461027471308276e-23
60,83,-2.693293769949876e-23
60,84,-3.998563201751571e-23
60,85,-5.71925833543061e-23
60,86,-7.895327018940395e-23
60,87,-1.0554089213770223e-22
60,88,-1.3732016296128985e-22
60,89,-1.749379824590482e-22
60,90,-2.193131386732803e-22
60,91,-2.7140779228010083e-22
60,92,-3.3865398874298267e-22
60,93,-4.22358887601492e-22
60,94,-5.133888829583124e-22
60,95,-6.079775707152384e-22
60,96,-7.019422737626008e-22
60,97,-7.886488965831949e-22
60,98,-8.577789134395956e-22
60,99,-9.011001508151744e-22
60,100,-9.203811777166132e-22
60,101,-9.264030798496651e-22
60,102,-9.18763053244654e-22
60,103,-8.700043060073205e-22
60,104,-7.37298541938778e-22
60,105,-5.107123229485431e-22
60,106,-2.234930429914532e-22
60,107,9.061649535387787e-23
60,108,4.2302939446953997e-22
60,109,7.780472371379623e-22
60,110,1.1737183327672811e-21
60,111,1.6064098070124128e-21
60,112,2.0556076363862863e-21
60,113,2.5013777021700246e-21
60,114,2.933806669969803e-21
60,115,3.345310875270732e-21
60,116,3.662163293639304e-21
60,117,3.808582218973461e-21
60,118,3.825943237850413e-21
60,119,3.8361892948431094e-21
60,120,3.860711229782948e-21
60,121,3.833227993700016e-21
60,122,3.726865114589643e-21
60,123,3.583565725307692e-21
60,124,3.4837072656170305e-21
60,125,3.414971108881028e-21
60,126,3.253474230602654e-21
60,127,3.059372141148442e-21
61,0,0.0
61,1,0.0
61,2,0.0
61,3,0.0
61,4,0.0
61,5,0.0
61,6,0.0
61,7,0.0
61,8,0.0
61,9,0.0
61,10,0.0
61,11,0.0
61,12,0.0
61,13,0.0
61,14,0.0
61,15,0.0
61,16,0.0
61,17,0.0
61,18,0.0
61,19,0.0
61,20,0.0
61,21,0.0
61,22,0.0
61,23,0.0
61,24,0.0
61,25,0.0
61,26,0.0
61,27,0.0
61,28,0.0
61,29,0.0
61,30,0.0
61,31,0.0
61,32,0.0
61,33,0.0
61,34,0.0
61,35,0.0
61,36,0.0
61,37,0.0
61,38,0.0
61,39,0.0
61,40,0.0
61,41,-6.64280374174684e-49
61,42,-9.793167125141224e-48
61,43,-1.1814396861868447e-46
61,44,-1.0932530008935748e-45
61,45,-9.15365831683243e-45
61,46,-9.18927507198463e-44
61,47,-9.038533743127157e-43
61,48,-7.972799811392681e-42
61,49,-6.165726251894002e-41
61,50,-4.118754761691082e-40
61,51,-2.4089531626906048e-39
61,52,-1.247618697743089e-38
61,53,-5.777758700379712e-38
61,54,-2.4135226677665244e-37
61,55,-9.167125891506187e-37
61,56,-3.1897502998673864e-36
61,57,-1.0245655303469712e-35
61,58,-3.513348362298541e-35
61,59,-1.2041081011987505e-34
61,60,-3.8034636287326347e-34
61,61,-1.1088212161551462e-33
61,62,-2.9810330487424476e-33
61,63,-7.441235707657463e-33
61,64,-1.735441490581663e-32
61,65,-3.80313841085975e-32
61,66,-7.87222924527666e-32
61,67,-1.5464450375860093e-31
61,68,-2.921379613981323e-31
61,69,-5.310321690055228e-31
61,70,-9.69374890312765e-31
61,71,-1.748511458749975e-30
61,72,-2.9976208992397936e-30
61,73,-4.8996854931966004e-30
61,74,-7.664575928416567e-30
61,75,-1.1520669772326722e-29
61,76,-1.670569946596615e-29
61,77,-2.3452579693443716e-29
61,78,-3.196902883649918e-29
61,79,-4.2419096934833394e-29
61,80,-5.546254075465886e-29
61,81,-7.136477086793028e-29
61,82,-9.047084967513366e-29
61,83,-1.128569033053619e-28
61,84,-1.369645298510914e-28
61,85,-1.6017128684792535e-28
61,86,-1.7725132870810775e-28
61,87,-1.8133692489483465e-28
61,88,-1.6770327410761394e-28
61,89,-1.3829208925365934e-28
61,90,-1.0279249211424795e-28
61,91,-7.387653040789424e-29
61,92,-5.90659327555884e-29
61,93,-6.392064689514956e-29
61,94,-9.696909845127404e-29
61,95,-2.0381066957945068e-28
61,96,-4.727284058700929e-28
61,97,-9.791424870206544e-28
61,98,-1.7410837292332938e-27
61,99,-2.781263357155232e-27
61,100,-4.252856884235098e-27
61,101,-6.452839565689283e-27
61,102,-1.0088435879978857e-26
61,103,-1.5566712994814416e-26
61,104,-2.2548569483415767e-26
61,105,-3.125499623982266e-26
61,106,-4.2202451755767945e-26
61,107,-5.572141819407522e-26
61,108,-7.185810050713601e-26
61,109,-9.058943056338857e-26
61,110,-1.1279499116440352e-25
61,111,-1.3881675037339556e-25
61,112,-1.6907951410855298e-25
61,113,-2.039010723324171e-25
61,114,-2.4140337903156667e-25
61,115,-2.802840295496371e-25
61,116,-3.199543569695418e-25
61,117,-3.6043800524516963e-25
61,118,-4.0124235595849393e-25
61,119,-4.406789226025633e-25
61,120,-4.784963638927243e-25
61,121,-5.146818873096758e-25
61,122,-5.461145028285603e-25
61,123,-5.714054109730156e-25
61,124,-5.888013736300349e-25
61,125,-5.981387285400384e-25
61,126,-6.024761139084786e-25
61,127,-6.042074616668089e-25
62,0,0.0
62,1,0.0
62,2,0.0
62,3,0.0
62,4,0.0
62,5,0.0
62,6,0.0
62,7,0.0
62,8,0.0
62,9,0.0
62,10,0.0
62,11,0.0
62,12,0.0
62,13,0.0
62,14,0.0
62,15,0.0
62,16,0.0
62,17,0.0
62,18,0.0
62,19,0.0
62,20,0.0
62,21,0.0
62,22,0.0
62,23,0.0
62,24,0.0
62,25,0.0
62,26,0.0
62,27,0.0
62,28,0.0
62,29,0.0
62,30,0.0
62,31,0.0
62,32,0.0
62,33,1.4347431173820417e-61
62,34,7.6288031606416e-60
62,35,1.7964229376688096e-58
62,36,-1.7121909482435178e-57
62,37,-2.6836191230367876e-55
62,38,-8.901193554760389e-54
62,39,-1.7141642613706736e-52
62,40,-2.2803483402726048e-51
62,41,-2.2762259424989386e-50
62,42,-1.797896092253648e-49
62,43,-1.1678110537383018e-48
62,44,-6.426215943721446e-48
62,45,-3.0702517810140126e-47
62,46,-1.6152351093502443e-46
62,47,-8.292688409919225e-46
62,48,-3.829142077419419e-45
62,49,-1.5807386432769178e-44
62,50,-5.782355721165523e-44
62,51,-1.900404569671291e-43
62,52,-5.677636695792136e-43
62,53,-1.557379676704997e-42
62,54,-3.9561491100196516e-42
62,55,-9.37827957598594e-42
62,56,-2.0892707763509413e-41
62,57,-4.405374896782834e-41
62,58,-9.608921490791177e-41
62,59,-2.1073017842616623e-40
62,60,-4.406378845558362e-40
62,61,-8.830615898408481e-40
62,62,-1.700230958533725e-39
62,63,-3.166247026038284e-39
62,64,-5.733136523144122e-39
62,65,-1.0133991048968667e-38
62,66,-1.7538907240077096e-38
62,67,-2.978640642471144e-38
62,68,-5.008744843300527e-38
62,69,-8.331196593538343e-38
62,70,-1.4213940478917399e-37
62,71,-2.4535317574867198e-37
62,72,-4.124931674480727e-37
62,73,-6.76035829554554e-37
62,74,-1.0842504353927569e-36
62,75,-1.7109991668202857e-36
62,76,-2.6690769173313077e-36
62,77,-4.123240111312455e-36
62,78,-6.299158853379464e-36
62,79,-9.492119342757361e-36
62,80,-1.4334967023947865e-35
62,81,-2.1637867928714526e-35
62,82,-3.287823871060234e-35
62,83,-5.0256741452348e-35
62,84,-7.577070233689413e-35
62,85,-1.1145840593603283e-34
62,86,-1.5806832057068065e-34
62,87,-2.149036571483913e-34
62,88,-2.8139771266688456e-34
62,89,-3.5939894636828867e-34
62,90,-4.536024991129931e-34
62,91,-5.685136301204174e-34
62,92,-7.1838433532202086e-34
62,93,-8.885495483259762e-34
62,94,-1.0263410869863774e-33
62,95,-1.0926485449397101e-33
62,96,-1.0444088475567738e-33
62,97,-7.917332916644505e-34
62,98,-1.5507572756045553e-34
62,99,1.104892622398753e-33
62,100,3.202315116059441e-33
62,101,6.302239217783036e-33
62,102,1.1228986150244539e-32
62,103,1.8993182778200753e-32
62,104,3.0106435752173426e-32
62,105,4.5345846368210156e-32
62,106,6.5418801463313e-32
62,107,9.116395439268656e-32
62,108,1.2350952945295011e-31
62,109,1.6318299117926064e-31
62,110,2.127496550325908e-31
62,111,2.733657602628865e-31
62,112,3.4543828792986077e-31
62,113,4.282897839534908e-31
62,114,5.17451281299586e-31
62,115,6.105812566816408e-31
62,116,7.045088778639755e-31
62,117,7.952445477961437e-31
62,118,8.798660653964064e-31
62,119,9.554726969300822e-31
62,120,1.018781800065288e-30
62,121,1.0653391123578959e-30
62,122,1.0896534631158674e-30
62,123,1.0927592391476178e-30
62,124,1.079608047478688e-30
62,125,1.0577874124052355e-30
62,126,1.0349127368713456e-30
62,127,1.0194635592749653e-30
63,0,0.0
63,1,0.0
63,2,0.0
63,3,0.0
63,4,0.0
63,5,0.0
63,6,0.0
63,7,0.0
63,8,0.0
63,9,0.0
63,10,0.0
63,11,0.0
63,12,0.0
63,13,0.0
63,14,0.0
63,15,0.0
63,16,0.0
63,17,0.0
63,18,0.0
63,19,0.0
63,20,0.0
63,21,0.0
63,22,0.0
63,23,0.0
63,24,0.0
63,25,0.0
63,26,1.3737824035281163e-73
63,27,1.0596221562213843e-70
63,28,2.5288670768877254e-68
63,29,2.564863615326504e-66
63,30,1.3737651655512109e-64
63,31,4.510551437605049e-63
63,32,1.002291736644971e-61
63,33,1.6132921618925567e-60
63,34,3.6693160434322226e-59
63,35,7.055683437809312e-58
63,36,9.866377724401618e-57
63,37,1.0194912004418167e-55
63,38,8.035290835415511e-55
63,39,5.063055293891049e-54
63,40,2.6483889386145877e-53
63,41,1.185078719943728e-52
63,42,4.646718149820238e-52
63,43,1.6277769686359568e-51
63,44,5.176289918942938e-51
63,45,1.5151834773893327e-50
63,46,4.768027126630689e-50
63,47,1.5128401518497246e-49
63,48,4.5237650844375445e-49
63,49,1.2706274540171796e-48
63,50,3.320822655380973e-48
63,51,8.144161992781083e-48
63,52,1.8878773456995484e-47
63,53,4.1620048073507786e-47
63,54,8.7724380087284e-47
63,55,1.7758401007595768e-46
63,56,3.4666213947361126e-46
63,57,6.5524497894404115e-46
63,58,1.2937834672262487e-45
63,59,2.6071372374082073e-45
63,60,5.0993147574108856e-45
63,61,9.683476927758236e-45
63,62,1.7815755771672883e-44
63,63,3.18422487024596e-44
63,64,5.542391067790525e-44
63,65,9.415361149415222e-44
63,66,1.5641087800886818e-43
63,67,2.545404018163009e-43
63,68,4.092073346892652e-43
63,69,6.4986836810774876e-43
63,70,1.0551727746323971e-42
63,71,1.7347378815826652e-42
63,72,2.795167959279189e-42
63,73,4.417962880295173e-42
63,74,6.85754630748334e-42
63,75,1.0464712077080034e-41
63,76,1.5716673682135715e-41
63,77,2.3253550236318256e-41
63,78,3.3925686750152483e-41
63,79,4.886172948367464e-41
63,80,7.062981940107846e-41
63,81,1.0221355520362737e-40
63,82,1.4852825277212237e-40
63,83,2.160082009423884e-40
63,84,3.0993986768889803e-40
63,85,4.390283601448223e-40
63,86,6.14430485702504e-40
63,87,8.502119541526685e-40
63,88,1.1640079730144661e-39
63,89,1.5774839469814847e-39
63,90,2.1171048556633212e-39
63,91,2.8165591416669202e-39
63,92,3.842771691898576e-39
63,93,5.346374708140062e-39
63,94,7.359745123815687e-39
63,95,1.0022250094856274e-38
63,96,1.3489572240627505e-38
63,97,1.795387994198391e-38
63,98,2.3644442414173116e-38
63,99,3.082831512272562e-38
63,100,3.979906478423197e-38
63,101,5.09179460379706e-38
63,102,6.626212385262178e-38
63,103,8.729615659575734e-38
63,104,1.1336582689024359e-37
63,105,1.4495434650157377e-37
63,106,1.8241209875366245e-37
63,107,2.258765801990762e-37
63,108,2.753069165590771e-37
63,109,3.303137138406661e-37
63,110,3.925848649985117e-37
63,111,4.616802516913196e-37
63,112,5.3605440876324105e-37
63,113,6.137667389535947e-37
63,114,6.891239978571792e-37
63,115,7.589483503961453e-37
63,116,8.202628179305238e-37
63,117,8.705696676015403e-37
63,118,9.07991676103155e-37
63,119,9.311527608830495e-37
63,120,9.380578240379402e-37
63,121,9.289409871235755e-37
63,122,9.045420612944434e-37
63,123,8.686427587463678e-37
63,124,8.261923388001832e-37
63,125,7.83289545240722e-37
63,126,7.471097136896545e-37
63,127,7.2537574081079405e-37
64,0,0.0
64,1,0.0
64,2,0.0
64,3,0.0
64,4,0.0
64,5,0.0
64,6,0.0
64,7,0.0
64,8,0.0
64,9,0.0
64,10,0.0
64,11,0.0
64,12,0.0
64,13,0.0
64,14,0.0
64,15,0.0
64,16,0.0
64,17,0.0
64,18,0.0
64,19,0.0
64,20,0.0
64,21,0.0
64,22,0.0
64,23,6.089152516952999e-82
64,24,3.251937193219208e-78
64,25,4.094540242987536e-75
64,26,1.8514429387034847e-72
64,27,3.428135642404461e-70
64,28,2.8285229167119034e-68
64,29,1.166420398975187e-66
64,30,2.7212246682958752e-65
64,31,4.012582242901212e-64
64,32,4.097962357323409e-63
64,33,3.1243765549109853e-62
64,34,2.8162570744651997e-61
64,35,2.265052503804081e-60
64,36,1.4291260676621423e-59
64,37,7.282359237410684e-59
64,38,3.0723014444434687e-58
64,39,1.1113350618441902e-57
64,40,3.5405273098444733e-57
64,41,1.0142731045876492e-56
64,42,2.655929625360857e-56
64,43,6.440745698989503e-56
64,44,1.4621906629042987e-55
64,45,3.1375473652849533e-55
64,46,7.072182209982321e-55
64,47,1.613956775520464e-54
64,48,3.536911870421973e-54
64,49,7.431206370978987e-54
64,50,1.485272302129459e-53
64,51,2.8400355863978953e-53
64,52,5.221114774340677e-53
64,53,9.26783157331407e-53
64,54,1.5942933007340803e-52
64,55,2.6664134737017873e-52
64,56,4.3482009424994256e-52
64,57,6.934953478944916e-52
64,58,1.1418926239921828e-51
64,59,1.9142268683964922e-51
64,60,3.1446095105086045e-51
64,61,5.063089258452282e-51
64,62,7.975488306079738e-51
64,63,1.2314584118416174e-50
64,64,1.8671056489778532e-50
64,65,2.7841617631072307e-50
64,66,4.088826553883236e-50
64,67,5.921161671671261e-50
64,68,8.507742159410565e-50
64,69,1.2131418577256874e-49
64,70,1.7613108416838177e-49
64,71,2.5878060304711753e-49
64,72,3.75020292063316e-49
64,73,5.363114513098894e-49
64,74,7.574105845491584e-49
64,75,1.0571021239995128e-48
64,76,1.4591258898633606e-48
64,77,1.9932141737336523e-48
64,78,2.696504197612711e-48
64,79,3.6158968595177613e-48
64,80,4.8695823005566947e-48
64,81,6.576176398904873e-48
64,82,8.922904781117512e-48
64,83,1.2136397559226265e-47
64,84,1.635058252733177e-47
64,85,2.1826663024979814e-47
64,86,2.8887251707915386e-47
64,87,3.792498492621159e-47
64,88,4.9421323122740705e-47
64,89,6.395541130122047e-47
64,90,8.22144996305897e-47
64,91,1.0506904734572114e-46
64,92,1.3741752491133971e-46
64,93,1.8323940771459005e-46
64,94,2.4264763797126168e-46
64,95,3.1902290680797926e-46
64,96,4.159825070430116e-46
64,97,5.379771009097969e-46
64,98,6.903132140112915e-46
64,99,8.791665041200222e-46
64,100,1.1110416859259533e-45
64,101,1.3941626133560137e-45
64,102,1.778933347625159e-45
64,103,2.2984538187854272e-45
64,104,2.9312418558889075e-45
64,105,3.683035722134959e-45
64,106,4.553905522839862e-45
64,107,5.536803531741014e-45
64,108,6.619021936750226e-45
64,109,7.778630755314045e-45
64,110,9.031995259035119e-45
64,111,1.034795134530219e-44
64,112,1.1665327013681748e-44
64,113,1.2921494872078898e-44
64,114,1.399522573865533e-44
64,115,1.4822936385695397e-44
64,116,1.5356712749620598e-44
64,117,1.5570086259279556e-44
64,118,1.5448892941557963e-44
64,119,1.5006262354109533e-44
64,120,1.4227766403593976e-44
64,121,1.3176197277981842e-44
64,122,1.195903450998859e-44
64,123,1.0685085239568809e-44
64,124,9.461745672367024e-45
64,125,8.392970865091935e-45
64,126,7.58112491916845e-45
64,127,7.127278068627858e-45
65,0,0.0
65,1,0.0
65,2,0.0
65,3,0.0
65,4,0.0
65,5,0.0
65,6,0.0
65,7,0.0
65,8,0.0
65,9,0.0
65,10,0.0
65,11,0.0
65,12,0.0
65,13,0.0
65,14,0.0
65,15,0.0
65,16,0.0
65,17,0.0
65,18,0.0
65,19,4.609573664788507e-98
65,20,9.110103754050349e-94
65,21,2.527495527357472e-90
65,22,9.500603053546484e-86
65,23,7.076194204373794e-82
65,24,7.03712701277888e-79
65,25,1.6366638963850248e-76
65,26,1.28623757273109e-74
65,27,4.413503257984325e-73
65,28,8.010773868758234e-72
65,29,8.909067743614217e-71
65,30,6.791010567695259e-70
65,31,3.8604187228336615e-69
65,32,1.7441457746162907e-68
65,33,6.584405639846063e-68
65,34,2.7427646934020174e-67
65,35,1.1003192876282724e-66
65,36,3.7952092639122295e-66
65,37,1.1460144950621066e-65
65,38,3.0666349611365402e-65
65,39,7.429524247905848e-65
65,40,1.656941852989012e-64
65,41,3.446357873724344e-64
65,42,6.755263033535322e-64
65,43,1.2583590291583825e-63
65,44,2.2434980282394855e-63
65,45,3.8534189297386804e-63
65,46,6.853300985858346e-63
65,47,1.2354022317159488e-62
65,48,2.1691733722124374e-62
65,49,3.7067383234121086e-62
65,50,6.126194755564735e-62
65,51,9.828403899478944e-62
65,52,1.535614129538076e-61
65,53,2.3433998512226902e-61
65,54,3.501703062994581e-61
65,55,5.135159708502867e-61
65,56,7.405638797446224e-61
65,57,1.0527173299407406e-60
65,58,1.5352096957871878e-60
65,59,2.2776182254397057e-60
65,60,3.3372698777157915e-60
65,61,4.8289030008540503e-60
65,62,6.888598494694693e-60
65,63,9.700749306075662e-60
65,64,1.3502445243513387e-59
65,65,1.8597175125980007e-59
65,66,2.537015753042648e-59
65,67,3.4304664311680296e-59
65,68,4.620100895663883e-59
65,69,6.198594492288986e-59
65,70,8.459757518129361e-59
65,71,1.1694718469717828e-58
65,72,1.6020736724456735e-58
65,73,2.1751534531831915e-58
65,74,2.9278591418236113e-58
65,75,3.908681172071281e-58
65,76,5.1774801100838265e-58
65,77,6.80784878372008e-58
65,78,8.890502006798177e-58
65,79,1.1539441715854591e-57
65,80,1.5060166431643742e-57
65,81,1.9742940096655097e-57
65,82,2.6035608340759334e-57
65,83,3.447140510036072e-57
65,84,4.532087604202296e-57
65,85,5.918142162852432e-57
65,86,7.679595357748682e-57
65,87,9.907604376768312e-57
65,88,1.2715484834906314e-56
65,89,1.6241364031687775e-56
65,90,2.064811685063427e-56
65,91,2.6142527652701134e-56
65,92,3.389685679497344e-56
65,93,4.4879320239983365e-56
65,94,5.914754165957995e-56
65,95,7.758097646235358e-56
65,96,1.0112586324315579e-55
65,97,1.3096876025416904e-55
65,98,1.685757367961482e-55
65,99,2.1570938573233686e-55
65,100,2.7422167816709342e-55
65,101,3.464829369857666e-55
65,102,4.459525993046011e-55
65,103,5.8202388637187225e-55
65,104,7.496857216084544e-55
65,105,9.505315912759772e-55
65,106,1.1839775687400192e-54
65,107,1.4469996160088342e-54
65,108,1.734558296780924e-54
65,109,2.0387016203363867e-54
65,110,2.3605695269309037e-54
65,111,2.688291233681309e-54
65,112,3.000838476230224e-54
65,113,3.277853892886923e-54
65,114,3.4867641653990705e-54
65,115,3.6118045552996233e-54
65,116,3.6437936535906127e-54
65,117,3.58142844589573e-54
65,118,3.427077243634973e-54
65,119,3.192702953796593e-54
65,120,2.88119691179593e-54
65,121,2.5183023876996008e-54
65,122,2.1426270551257165e-54
65,123,1.7830293328694056e-54
65,124,1.4633024697104613e-54
65,125,1.2020813280209932e-54
65,126,1.0142677720000437e-54
65,127,9.133579460021828e-55
66,0,0.0
66,1,0.0
66,2,0.0
66,3,0.0
66,4,0.0
66,5,0.0
66,6,0.0
66,7,0.0
66,8,0.0
66,9,0.0
66,10,0.0
66,11,0.0
66,12,0.0
66,13,5.7687702857932845e-120
66,14,8.922846318260727e-116
66,15,9.052542818794693e-112
66,16,6.326464210813854e-108
66,17,3.003203206061334e-104
66,18,9.066383220039231e-101
66,19,1.4019935190949939e-97
66,20,1.707734987950837e-94
66,21,7.960293382680005e-92
66,22,1.228403605515132e-88
66,23,3.848527684528509e-86
66,24,2.6487585979617284e-84
66,25,7.335928888314598e-83
66,26,1.0713795876906988e-81
66,27,9.612418242660558e-81
66,28,5.910844140803497e-80
66,29,2.712508208944535e-79
66,30,9.923134991412609e-79
66,31,3.0426395708726564e-78
66,32,8.123263846177635e-78
66,33,1.9472758828257117e-77
66,34,4.967291265283853e-77
66,35,1.2593773895265678e-76
66,36,2.9083535329744355e-76
66,37,6.178566785423341e-76
66,38,1.2146125715490095e-75
66,39,2.2390075784783043e-75
66,40,3.910811575550631e-75
66,41,6.526524024839182e-75
66,42,1.047695315481977e-74
66,43,1.6267310086652553e-74
66,44,2.454660957480709e-74
66,45,3.616256452137753e-74
66,46,5.469221759210473e-74
66,47,8.387281073492513e-74
66,48,1.2663238322158822e-73
66,49,1.881436554058678e-73
66,50,2.737051559734083e-73
66,51,3.9074246103040164e-73
66,52,5.484991400839443e-73
66,53,7.585106855763464e-73
66,54,1.0351236932751071e-72
66,55,1.3961679358062696e-72
66,56,1.8639329496540743e-72
66,57,2.467439161961343e-72
66,58,3.3428186762183977e-72
66,59,4.611195301098369e-72
66,60,6.321432281449202e-72
66,61,8.608041426389273e-72
66,62,1.1623447347665134e-71
66,63,1.5576635911652187e-71
66,64,2.0734504158658867e-71
66,65,2.743768285022464e-71
66,66,3.611633775527602e-71
66,67,4.730259774911331e-71
66,68,6.190007721728776e-71
66,69,8.093203205142651e-71
66,70,1.0774694208481827e-70
66,71,1.455565522409207e-70
66,72,1.9546404026568345e-70
66,73,2.6087609014565778e-70
66,74,3.460363101757001e-70
66,75,4.5621599001092663e-70
66,76,5.979521316073741e-70
66,77,7.793565573926266e-70
66,78,1.0105436498578822e-69
66,79,1.304391785279205e-69
66,80,1.6953392490718432e-69
66,81,2.2167834231022618e-69
66,82,2.9197743603040147e-69
66,83,3.8663635371389286e-69
66,84,5.090545954659259e-69
66,85,6.665290553087352e-69
66,86,8.683317188921045e-69
66,87,1.1261264332383648e-68
66,88,1.454793134743748e-68
66,89,1.872990752391677e-68
66,90,2.402951421796268e-68
66,91,3.073019794598344e-68
66,92,4.034179056258985e-68
66,93,5.421553125819112e-68
66,94,7.263191540131474e-68
66,95,9.699119571560514e-68
66,96,1.2885357223405852e-67
66,97,1.7022601614084538e-67
66,98,2.2369129343807706e-67
66,99,2.9248260539599844e-67
66,100,3.8009588439655045e-67
66,101,4.910554220569593e-67
66,102,6.48056407612656e-67
66,103,8.688403385143022e-67
66,104,1.1481558597493515e-66
66,105,1.4903603853581247e-66
66,106,1.8948712533728152e-66
66,107,2.3557170643083185e-66
66,108,2.8621105208604787e-66
66,109,3.3969267262267985e-66
66,110,3.957360529567346e-66
66,111,4.516428045707834e-66
66,112,5.028937732216074e-66
66,113,5.452264595809922e-66
66,114,5.727163112600887e-66
66,115,5.828091367672183e-66
66,116,5.745999972221819e-66
66,117,5.489814516414343e-66
66,118,5.076141144241126e-66
66,119,4.540902030652117e-66
66,120,3.9018070289643197e-66
66,121,3.2162047244658525e-66
66,122,2.558924114455848e-66
66,123,1.9734134471304206e-66
66,124,1.4874135776953888e-66
66,125,1.115082557610179e-66
66,126,8.61847224070803e-67
66,127,7.311944378157212e-67
67,0,1.1695344491963467e-145
67,1,5.954821519029632e-145
67,2,9.660412430703259e-144
67,3,1.7802770124676393e-142
67,4,3.523203214091994e-141
67,5,7.327451295053821e-140
67,6,1.6004889283462414e-138
67,7,3.546719934146187e-137
67,8,4.1826089114522436e-135
67,9,9.446984926625392e-133
67,10,9.263846976584477e-130
67,11,1.8096656303167917e-126
67,12,5.074245183647796e-123
67,13,1.7684895776167092e-119
67,14,5.620580981540645e-116
67,15,1.149167208817149e-112
67,16,1.1053689120574685e-109
67,17,4.3767511003980065e-107
67,18,7.808113908626056e-105
67,19,7.045976143089058e-103
67,20,4.9445372357244466e-101
67,21,1.9768167858186753e-99
67,22,1.5188091171975578e-97
67,23,4.941485862106314e-96
67,24,6.140484862095394e-95
67,25,4.565927214893071e-94
67,26,2.3852371055724334e-93
67,27,9.442988879624394e-93
67,28,2.993075053546878e-92
67,29,7.95534064200454e-92
67,30,1.8416280824246022e-91
67,31,3.825770291342956e-91
67,32,7.300530450339253e-91
67,33,1.3051009898343665e-90
67,34,2.4283951085999763e-90
67,35,4.5398029165272e-90
67,36,8.015624434925409e-90
67,37,1.3432375780909891e-89
67,38,2.142870206217585e-89
67,39,3.2816299074788545e-89
67,40,4.856047214962767e-89
67,41,6.980642716714176e-89
67,42,9.791556848392879e-89
67,43,1.3450059711339934e-88
67,44,1.8151787408214423e-88
67,45,2.414783334595889e-88
67,46,3.2833777530345773e-88
67,47,4.5314397116622033e-88
67,48,6.208881155592596e-88
67,49,8.443165112395308e-88
67,50,1.1346747873959447e-87
67,51,1.5086480941886785e-87
67,52,1.9864327839100552e-87
67,53,2.593062953380328e-87
67,54,3.359527279157204e-87
67,55,4.324285694055052e-87
67,56,5.535590336964726e-87
67,57,7.057280887150104e-87
67,58,9.209443841739738e-87
67,59,1.22620636224326e-86
67,60,1.6302632647819616e-86
67,61,2.1622758940252608e-86
67,62,2.8555276228176227e-86
67,63,3.7566626223571186e-86
67,64,4.9262476551606374e-86
67,65,6.443001993371417e-86
67,66,8.40777137292015e-86
67,67,1.0945759564908762e-85
67,68,1.4271207664814387e-85
67,69,1.862993611469688e-85
67,70,2.4813607842592597e-85
67,71,3.360723159405622e-85
67,72,4.5324885164128936e-85
67,73,6.084634327747573e-85
67,74,8.128119729272791e-85
67,75,1.0803122332125792e-84
67,76,1.4286492268587911e-84
67,77,1.8802350325346926e-84
67,78,2.4636124051487086e-84
67,79,3.21582569495581e-84
67,80,4.232616429374838e-84
67,81,5.612283800791093e-84
67,82,7.5054754954344535e-84
67,83,1.0101985911625702e-83
67,84,1.352453962300743e-83
67,85,1.8014925079173354e-83
67,86,2.388869609283291e-83
67,87,3.1555245318311198e-83
67,88,4.155298091704891e-83
67,89,5.458040462101421e-83
67,90,7.148831217302514e-83
67,91,9.337318997297295e-83
67,92,1.2560469327660261e-82
67,93,1.7350575106030243e-82
67,94,2.3915793234581138e-82
67,95,3.289694207847652e-82
67,96,4.504347798623558e-82
67,97,6.135088959593462e-82
67,98,8.315607386323807e-82
67,99,1.1220770551882767e-81
67,100,1.5048079943577123e-81
67,101,2.0058206647756628e-81
67,102,2.7406220819617814e-81
67,103,3.811627792406673e-81
67,104,5.214243898582774e-81
67,105,6.984863587892764e-81
67,106,9.127367664302958e-81
67,107,1.1609229762091513e-80
67,108,1.4362534545734378e-80
67,109,1.7275587156377852e-80
67,110,2.030338839992057e-80
67,111,2.3260080954020542e-80
67,112,2.584906250221314e-80
67,113,2.7798790212364426e-80
67,114,2.878226402901827e-80
67,115,2.868798789822027e-80
67,116,2.7527450710372566e-80
67,117,2.5432923254569262e-80
67,118,2.258116046511132e-80
67,119,1.925359637892248e-80
67,120,1.5614809900244748e-80
67,121,1.2013265977105047e-80
67,122,8.833401746988103e-81
67,123,6.225991971617365e-81
67,124,4.235096370602101e-81
67,125,2.8293698766992622e-81
67,126,1.9410950512972697e-81
67,127,1.507470713019436e-81
68,0,8.055995146859525e-145
68,1,2.5234760487657015e-144
68,2,2.6165493801428164e-143
68,3,3.1187215662851492e-142
68,4,4.003868049370579e-141
68,5,5.36937594206455e-140
68,6,7.44304226336991e-139
68,7,1.0190310092708939e-137
68,8,5.144447332633822e-136
68,9,4.13486400706837e-134
68,10,8.122015325892932e-132
68,11,2.014296755541419e-129
68,12,4.421122984227968e-127
68,13,8.22035521796146e-125
68,14,1.1835595034395514e-122
68,15,1.161862406868045e-120
68,16,6.609822866121341e-119
68,17,2.0651799566673566e-117
68,18,3.9914968826397654e-116
68,19,5.330741641179811e-115
68,20,6.4354773501944984e-114
68,21,5.90816598247848e-113
68,22,8.223765331729857e-112
68,23,7.046329968392137e-111
68,24,3.1694474471637e-110
68,25,1.0720267441982122e-109
68,26,3.0052341429140773e-109
68,27,7.204026720317464e-109
68,28,1.5120805053312294e-108
68,29,2.847383151842551e-108
68,30,4.918408820070016e-108
68,31,7.939276660908464e-108
68,32,1.2158832850467824e-107
68,33,1.7905777025915768e-107
68,34,2.7063890020155242e-107
68,35,4.1250284448635485e-107
68,36,6.081990998543145e-107
68,37,8.691537874748634e-107
68,38,1.2058445863674172e-106
68,39,1.6326371270762206e-106
68,40,2.165767694668001e-106
68,41,2.824223534539327e-106
68,42,3.630666435815133e-106
68,43,4.61187570940732e-106
68,44,5.801226931830324e-106
68,45,7.243811935338594e-106
68,46,9.231846013074174e-106
68,47,1.1964981244983794e-105
68,48,1.5497542554945728e-105
68,49,2.0053566326248394e-105
68,50,2.5821580596691965e-105
68,51,3.309033207138223e-105
68,52,4.2206680739869264e-105
68,53,5.360865699381776e-105
68,54,6.7846754682299764e-105
68,55,8.561430027864412e-105
68,56,1.0779459352022703e-104
68,57,1.3557542390615073e-104
68,58,1.7483542818397885e-104
68,59,2.3067292928007317e-104
68,60,3.0493861142707757e-104
68,61,4.033408547730157e-104
68,62,5.326138884681277e-104
68,63,7.023600453655652e-104
68,64,9.25359409539621e-104
68,65,1.2186593798386673e-103
68,66,1.6046138472261478e-103
68,67,2.1113900769067876e-103
68,68,2.787178088560067e-103
68,69,3.689016740255359e-103
68,70,4.994198046282118e-103
68,71,6.890030739298132e-103
68,72,9.471959519041556e-103
68,73,1.2968858603436657e-102
68,74,1.7675294488547518e-102
68,75,2.3972219284872384e-102
68,76,3.2351380002912675e-102
68,77,4.3452116852804804e-102
68,78,5.810935036599282e-102
68,79,7.743119950918882e-102
68,80,1.0417070374102513e-101
68,81,1.4135296049289897e-101
68,82,1.936617531759151e-101
68,83,2.6723940587667262e-101
68,84,3.667459639529539e-101
68,85,5.0073100391697856e-101
68,86,6.806857157103634e-101
68,87,9.220234328534737e-101
68,88,1.245697523407063e-100
68,89,1.67990599074836e-100
68,90,2.2599859046349568e-100
68,91,3.032300567833468e-100
68,92,4.206186373350352e-100
68,93,6.012033107985641e-100
68,94,8.582188493116058e-100
68,95,1.2239433952272924e-99
68,96,1.7381968358705727e-99
68,97,2.455932450449886e-99
68,98,3.454386666532268e-99
68,99,4.839469735443388e-99
68,100,6.736922960795824e-99
68,101,9.317697562684478e-99
68,102,1.3262955452610142e-98
68,103,1.925584177953918e-98
68,104,2.7423586416079603e-98
68,105,3.8094534888666714e-98
68,106,5.135516869536588e-98
68,107,6.700504960629157e-98
68,108,8.45425840903451e-98
68,109,1.0310788560825684e-97
68,110,1.2217296718382085e-97
68,111,1.4024598882538572e-97
68,112,1.550657699636987e-97
68,113,1.6466773039226814e-97
68,114,1.6707123011125183e-97
68,115,1.6194165906400056e-97
68,116,1.49965299706148e-97
68,117,1.326959702470857e-97
68,118,1.1189203060925097e-97
68,119,8.981658368073467e-98
68,120,6.779352703775834e-98
68,121,4.7913168060062213e-98
68,122,3.2007027251568887e-98
68,123,2.023934425332587e-98
68,124,1.2165661128351469e-98
68,125,7.0492412258572314e-99
68,126,4.128157927700914e-99
68,127,2.8108078231761893e-99
69,0,1.9195316266729076e-150
69,1,2.2931530430093913e-150
69,2,9.119696927082881e-150
69,3,4.070207024195675e-149
69,4,1.9118332558993514e-148
69,5,9.18690831344267e-148
69,6,4.4807992866264523e-147
69,7,2.1254739720758993e-146
69,8,2.0495295987009036e-145
69,9,2.7924611342218306e-144
69,10,6.066159578338042e-143
69,11,1.6313214609120782e-141
69,12,4.060652521991375e-140
69,13,9.28641447621055e-139
69,14,1.850328006643186e-137
69,15,2.9248581851003627e-136
69,16,3.1959064905840656e-135
69,17,2.31698347639029e-134
69,18,1.2558100653387822e-133
69,19,5.628153423773418e-133
69,20,2.5088376034976503e-132
69,21,9.873815382072695e-132
69,22,5.312747578848431e-131
69,23,2.0576346532815118e-130
69,24,5.0138721309389326e-130
69,25,1.0468427500003851e-129
69,26,1.9919516238887785e-129
69,27,3.476449527561254e-129
69,28,5.600165538454455e-129
69,29,8.429093137067017e-129
69,30,1.2013787032107664e-128
69,31,1.6412925301982007e-128
69,32,2.1718475405219886e-128
69,33,2.8110515800884716e-128
69,34,3.7027659064969315e-128
69,35,4.928638543599893e-128
69,36,6.453848096288713e-128
69,37,8.314290825280321e-128
69,38,1.0546651257033992e-127
69,39,1.321313937288026e-127
69,40,1.6382627438696318e-127
69,41,2.013885079741953e-127
69,42,2.4585949877819626e-127
69,43,2.984832587331802e-127
69,44,3.6086411246234357e-127
69,45,4.35243787458135e-127
69,46,5.3607866127424715e-127
69,47,6.731487074538859e-127
69,48,8.489902775760612e-127
69,49,1.0750478252880654e-126
69,50,1.3612465109520418e-126
69,51,1.7224087820564376e-126
69,52,2.1763022870982373e-126
69,53,2.745910840525626e-126
69,54,3.4606870487370495e-126
69,55,4.358413558885951e-126
69,56,5.488083774444538e-126
69,57,6.916435766134368e-126
69,58,8.959636325059712e-126
69,59,1.1909895966634895e-125
69,60,1.590038643100461e-125
69,61,2.1280490309231855e-125
69,62,2.8479684445403475e-125
69,63,3.8120392613167897e-125
69,64,5.105465543060397e-125
69,65,6.845316797132749e-125
69,66,9.18950915522888e-125
69,67,1.234141975196023e-124
69,68,1.6649378574041877e-124
69,69,2.254164070276777e-124
69,70,3.1300308458476686e-124
69,71,4.4381027336292975e-124
69,72,6.270383648469288e-124
69,73,8.82263275127289e-124
69,74,1.2352950141613325e-123
69,75,1.720388423538671e-123
69,76,2.3828744164322306e-123
69,77,3.283289373090361e-123
69,78,4.5027987266254016e-123
69,79,6.151765929767868e-123
69,80,8.495531464004427e-123
69,81,1.1845590402705037e-122
69,82,1.6690583826116707e-122
69,83,2.3696977446830305e-122
69,84,3.3440306617575025e-122
69,85,4.693178441978987e-122
69,86,6.557285119851162e-122
69,87,9.130860361279544e-122
69,88,1.268769426928422e-121
69,89,1.7610484115917318e-121
69,90,2.439383957081988e-121
69,91,3.370158781739175e-121
69,92,4.833384106131795e-121
69,93,7.169267463221228e-121
69,94,1.0631925129824467e-120
69,95,1.5774392916083845e-120
69,96,2.3317297096445743e-120
69,97,3.429918377395838e-120
69,98,5.02530188639048e-120
69,99,7.339031340775107e-120
69,100,1.0648001245347766e-119
69,101,1.5343337754865977e-119
69,102,2.2858687825884008e-119
69,103,3.480904125940503e-119
69,104,5.183026287245319e-119
69,105,7.49195540116635e-119
69,106,1.0444168348047499e-118
69,107,1.3995039484012833e-118
69,108,1.8008877600495547e-118
69,109,2.224456906125849e-118
69,110,2.6509966730088794e-118
69,111,3.037873254901955e-118
69,112,3.324276251853928e-118
69,113,3.461934526715416e-118
69,114,3.413458486230754e-118
69,115,3.1863991963846026e-118
69,116,2.816131609399668e-118
69,117,2.3567288737807694e-118
69,118,1.8609823171742972e-118
69,119,1.3846161427393062e-118
69,120,9.558448394940849e-119
69,121,6.085556841108156e-119
69,122,3.6180596929103026e-119
69,123,2.0094248049151916e-119
69,124,1.0442563189290269e-119
69,125,5.120672329433693e-120
69,126,2.467975901487397e-120
69,127,1.397231805521266e-120
70,0,1.0325924279362273e-166
70,1,6.382413394001115e-167
70,2,1.3397311799324249e-166
70,3,3.165566902310452e-166
70,4,7.881633169005261e-166
70,5,2.0090482675150406e-165
70,6,5.200668603750808e-165
70,7,1.3106758099759884e-164
70,8,5.009150691952835e-164
70,9,2.4488173318049575e-163
70,10,1.56128380550667e-162
70,11,1.198928256134789e-161
70,12,8.803491535279644e-161
70,13,6.236195136983805e-160
70,14,4.113117240821841e-159
70,15,2.3384134338269864e-158
70,16,1.0111830308847204e-157
70,17,3.2139441376108635e-157
70,18,8.463873693602358e-157
70,19,2.0323846273741497e-156
70,20,5.12993080956705e-156
70,21,1.2317385071200738e-155
70,22,3.847551068342521e-155
70,23,9.175468862890376e-155
70,24,1.5275133152106043e-154
70,25,2.3506298327836985e-154
70,26,3.4870944668520864e-154
70,27,4.9501067060002344e-154
70,28,6.701632853420966e-154
70,29,8.699876433149491e-154
70,30,1.091844168649072e-153
70,31,1.3357846696801957e-153
70,32,1.6051785252068258e-153
70,33,1.9089889145014515e-153
70,34,2.300350796316724e-153
70,35,2.8077329153753634e-153
70,36,3.4134379147103346e-153
70,37,4.1276883868631134e-153
70,38,4.965959522437826e-153
70,39,5.952467137172985e-153
70,40,7.111991993359487e-153
70,41,8.475182368661032e-153
70,42,1.008106036994179e-152
70,43,1.1976041378569928e-152
70,44,1.4221070771221852e-152
70,45,1.6902087574978428e-152
70,46,2.0545548354347988e-152
70,47,2.5527697037569917e-152
70,48,3.1972381738632473e-152
70,49,4.0348118677165165e-152
70,50,5.108423909175343e-152
70,51,6.4797210395548984e-152
70,52,8.222703914346419e-152
70,53,1.0435423628045228e-151
70,54,1.3246076803197272e-151
70,55,1.6822332540545672e-151
70,56,2.138569440600613e-151
70,57,2.724176668743785e-151
70,58,3.5769284067947056e-151
70,59,4.83391026442323e-151
70,60,6.572192540870952e-151
70,61,8.968532360795275e-151
70,62,1.2249445354517842e-150
70,63,1.6749225717518698e-150
70,64,2.2939319106761502e-150
70,65,3.148821663767836e-150
70,66,4.332593091254853e-150
70,67,5.968062514138962e-150
70,68,8.266822992484814e-150
70,69,1.1499337880898127e-149
70,70,1.644990004916167e-149
70,71,2.4073518505990105e-149
70,72,3.5085350928531827e-149
70,73,5.089626951306603e-149
70,74,7.341307166132604e-149
70,75,1.052319954073547e-148
70,76,1.498728090086013e-148
70,77,2.1215888018837364e-148
70,78,2.987254321316625e-148
70,79,4.188179065057208e-148
70,80,5.941646690979423e-148
70,81,8.518265288922936e-148
70,82,1.2347654397046384e-147
70,83,1.8037048414160326e-147
70,84,2.616554819102162e-147
70,85,3.772964420920754e-147
70,86,5.415305691546986e-147
70,87,7.747996705283143e-147
70,88,1.106920582450288e-146
70,89,1.5812052029262017e-146
70,90,2.2553726404203223e-146
70,91,3.2088476663637524e-146
70,92,4.759610029973131e-146
70,93,7.33073960592171e-146
70,94,1.1306394569336865e-145
70,95,1.7481830506478616e-145
70,96,2.6951991390321764e-145
70,97,4.137193160187781e-145
70,98,6.331702463240036e-145
70,99,9.671112874123658e-145
70,100,1.4675047127171133e-144
70,101,2.211172636503009e-144
70,102,3.4630618691333613e-144
70,103,5.556288118292967e-144
70,104,8.685390902640741e-144
70,105,1.3106826287862621e-143
70,106,1.8933518316578336e-143
70,107,2.6076077950955484e-143
70,108,3.420387123296501e-143
70,109,4.271321322587395e-143
70,110,5.103418655484087e-143
70,111,5.810759473086834e-143
70,112,6.2530900010045505e-143
70,113,6.334517635853667e-143
70,114,6.011120328114628e-143
70,115,5.343402727311996e-143
70,116,4.449738666605875e-143
70,117,3.471928803693984e-143
70,118,2.526815119797142e-143
70,119,1.7121199956259503e-143
70,120,1.0599082060945046e-143
70,121,5.945694617312682e-144
70,122,3.073414523865453e-144
70,123,1.4637347892516446e-144
70,124,6.423672964715561e-145
70,125,2.6069207071348804e-145
70,126,1.0063511963709217e-145
70,127,4.496415372589191e-146
71,0,9.576763296073875e-192
71,1,4.138955749051637e-192
71,2,6.106458063602915e-192
71,3,1.014406618489682e-191
71,4,1.7759581956410835e-191
71,5,3.1849197369838664e-191
71,6,5.803318750295253e-191
71,7,1.0305627419199658e-190
71,8,2.4070739579257286e-190
71,9,6.675934501754277e-190
71,10,2.1927407286127817e-189
71,11,8.408678114715327e-189
71,12,3.133769819436985e-188
71,13,1.1548075974166664e-187
71,14,4.0992619912355794e-187
71,15,1.309311584403687e-186
71,16,3.343747223429751e-186
71,17,6.624894464648089e-186
71,18,1.148733278053166e-185
71,19,1.914109855997733e-185
71,20,3.4550840872102205e-185
71,21,6.159279357562418e-185
71,22,1.388861261379918e-184
71,23,2.440171670545243e-184
71,24,3.182293110641237e-184
71,25,4.01652239976003e-184
71,26,5.060649187212228e-184
71,27,6.268941052357989e-184
71,28,7.566824976567369e-184
71,29,8.912346840756143e-184
71,30,1.0293081942822368e-183
71,31,1.1724536180429922e-183
71,32,1.3246773059032973e-183
71,33,1.4935727376536126e-183
71,34,1.7037122883547379e-183
71,35,1.9743381757811657e-183
71,36,2.3000940163580994e-183
71,37,2.6868483047067375e-183
71,38,3.1460865302103743e-183
71,39,3.6930917301436147e-183
71,40,4.3422110917105786e-183
71,41,5.1116424986952405e-183
71,42,6.025254844767274e-183
71,43,7.111423688648818e-183
71,44,8.408098574783562e-183
71,45,9.969070026899126e-183
71,46,1.2110244978598528e-182
71,47,1.5072249243205057e-182
71,48,1.8955188461430523e-182
71,49,2.4080328425211544e-182
71,50,3.075887919787261e-182
71,51,3.9422983433033574e-182
71,52,5.0592117238297297e-182
71,53,6.497011177310818e-182
71,54,8.349500963522284e-182
71,55,1.0741721261991452e-181
71,56,1.384198220058664e-181
71,57,1.7885753513888843e-181
71,58,2.388962073086677e-181
71,59,3.2938758726970347e-181
71,60,4.5753564117120975e-181
71,61,6.383980306770227e-181
71,62,8.92045322558512e-181
71,63,1.2487097727883508e-180
71,64,1.7523389973941836e-180
71,65,2.4672965887948593e-180
71,66,3.4860258011100476e-180
71,67,4.933762069594644e-180
71,68,7.028660898459108e-180
71,69,1.0060033657532542e-179
71,70,1.484692159939699e-179
71,71,2.245203667757227e-179
71,72,3.378170691455997e-179
71,73,5.0547952660893626e-179
71,74,7.5118039006048e-179
71,75,1.1079061998095245e-178
71,76,1.6213428807893552e-178
71,77,2.3555657259600845e-178
71,78,3.400809519385977e-178
71,79,4.8857529576083774e-178
71,80,7.108823040127488e-178
71,81,1.0460862338282217e-177
71,82,1.5567165965234855e-177
71,83,2.333874676586224e-177
71,84,3.471085797313886e-177
71,85,5.128295247148308e-177
71,86,7.5407750749100465e-177
71,87,1.1057658000120821e-176
71,88,1.620678374023581e-176
71,89,2.3785119940448997e-176
71,90,3.488596736830298e-176
71,91,5.105264210038517e-176
71,92,7.823716248073296e-176
71,93,1.2504655215477717e-175
71,94,2.0061477389447349e-175
71,95,3.236134049702304e-175
71,96,5.212302101204158e-175
71,97,8.367487379820603e-175
71,98,1.34146914606857e-174
71,99,2.1506331644246824e-174
71,100,3.426301171443127e-174
71,101,5.420975576041378e-174
71,102,8.971374965928247e-174
71,103,1.524752622870822e-173
71,104,2.51460608659018e-173
71,105,3.9776633966899515e-173
71,106,5.970057571427016e-173
71,107,8.461243204388819e-173
71,108,1.1311164246727451e-172
71,109,1.425819618714852e-172
71,110,1.7026781150284868e-172
71,111,1.9172473304869102e-172
71,112,2.0158356398288735e-172
71,113,1.969878985417407e-172
71,114,1.7811080730437802e-172
71,115,1.490187611462989e-172
71,116,1.153867395913135e-172
71,117,8.270373870429279e-173
71,118,5.456551820298623e-173
71,119,3.305988950468255e-173
71,120,1.798277941946917e-173
71,121,8.684727027355142e-174
71,122,3.8081821197011977e-174
71,123,1.5157900798936854e-174
71,124,5.47449351136377e-175
71,125,1.7956336466407066e-175
71,126,5.435452637291494e-176
71,127,1.8348781122377465e-176
72,0,1.472039393849431e-224
72,1,5.264406791124216e-225
72,2,6.427063993590717e-225
72,3,8.803322125337549e-225
72,4,1.2676682102731943e-224
72,5,1.8681430045914421e-224
72,6,2.796044973497925e-224
72,7,4.079279630926616e-224
72,8,7.272430045153257e-224
72,9,1.4658534300582795e-223
72,10,3.330606572793427e-223
72,11,8.62478636548388e-223
72,12,2.1868278841571214e-222
72,13,5.547466916178388e-222
72,14,1.3785746915132907e-221
72,15,3.150245351894511e-221
72,16,5.90634719308649e-221
72,17,8.838741661152061e-221
72,18,1.1920293429831354e-220
72,19,1.5896922745772734e-220
72,20,2.334223703334566e-220
72,21,3.4524869989873698e-220
72,22,6.345642955181806e-220
72,23,9.150780458778014e-220
72,24,1.017260150522703e-219
72,25,1.1268998275692745e-219
72,26,1.2749315365315637e-219
72,27,1.4440500661144895e-219
72,28,1.6172340941144568e-219
72,29,1.7891735830249345e-219
72,30,1.960389110307632e-219
72,31,2.135949074591518e-219
72,32,2.3243273982080028e-219
72,33,2.53893802762687e-219
72,34,2.8064814513862325e-219
72,35,3.161707127137413e-219
72,36,3.6053092420525697e-219
72,37,4.1459208928653845e-219
72,38,4.803973818316667e-219
72,39,5.604076186611779e-219
72,40,6.567546134331454e-219
72,41,7.722542151482702e-219
72,42,9.107459263617707e-219
72,43,1.0768001860718784e-218
72,44,1.2766548123903255e-218
72,45,1.519202512770159e-218
72,46,1.8551722389412406e-218
72,47,2.3253863544168844e-218
72,48,2.9501144765741183e-218
72,49,3.7878388797193546e-218
72,50,4.898035757305609e-218
72,51,6.361010367278721e-218
72,52,8.273041694203651e-218
72,53,1.0767299421310084e-217
72,54,1.4024435305448313e-217
72,55,1.8289608960626492e-217
72,56,2.389888187772753e-217
72,57,3.1329510840996703e-217
72,58,4.2569803422160735e-217
72,59,5.988403712169619e-217
72,60,8.497861181695258e-217
72,61,1.2120678153884568e-216
72,62,1.7320296496460343e-216
72,63,2.4810389003194092e-216
72,64,3.5660183602639945e-216
72,65,5.1487460801091006e-216
72,66,7.469139226156363e-216
72,67,1.0860233854675776e-215
72,68,1.5911157283159643e-215
72,69,2.342990581998913e-215
72,70,3.566630242278779e-215
72,71,5.570726691238572e-215
72,72,8.646256629054932e-215
72,73,1.333036839842295e-214
72,74,2.0380200036045215e-214
72,75,3.087124185842225e-214
72,76,4.631848648347352e-214
72,77,6.888815131189592e-214
72,78,1.0169257829688822e-213
72,79,1.4926317511929515e-213
72,80,2.2204928981551387e-213
72,81,3.34315889713611e-213
72,82,5.0890166540145956e-213
72,83,7.798872886394297e-213
72,84,1.1841482418404586e-212
72,85,1.7849204994202485e-212
72,86,2.6777987213711783e-212
72,87,4.009250749731441e-212
72,88,6.008851521120296e-212
72,89,9.037012968086527e-212
72,90,1.3601634749648448e-211
72,91,2.043806427545391e-211
72,92,3.231252347929312e-211
72,93,5.354849641348256e-211
72,94,8.938652164851528e-211
72,95,1.5065974251428148e-210
72,96,2.540905787058226e-210
72,97,4.2785270974616414e-210
72,98,7.213163510554833e-210
72,99,1.2195877985058827e-209
72,100,2.0505166113680885e-209
72,101,3.4255607768294643e-209
72,102,6.03133107558593e-209
72,103,1.093576089363074e-208
72,104,1.9154040924716592e-208
72,105,3.1936190120872613e-208
72,106,5.000304444115132e-208
72,107,7.310611803374906e-208
72,108,9.969209198740744e-208
72,109,1.2677751458931524e-207
72,110,1.5099001560821263e-207
72,111,1.6750496974801024e-207
72,112,1.711150287517576e-207
72,113,1.6009818430644664e-207
72,114,1.3666501788763773e-207
72,115,1.0646170995551699e-207
72,116,7.57030044414302e-208
72,117,4.915357963445087e-208
72,118,2.8945559372808562e-208
72,119,1.5413096903796918e-208
72,120,7.227235362709269e-209
72,121,2.940041960071023e-209
72,122,1.0684030898838804e-209
72,123,3.46789218074345e-210
72,124,1.0049955287979578e-210
72,125,2.6001932129440906e-211
72,126,6.053493763220409e-212
72,127,1.4950554124883564e-212
73,0,4.3209698302178696e-265
73,1,1.3950465969364857e-265
73,2,1.5408835417816832e-265
73,3,1.9007208332025812e-265
73,4,2.4549990988065634e-265
73,5,3.237428554442792e-265
73,6,4.328504486001409e-265
73,7,5.636118784426952e-265
73,8,8.603868566722322e-265
73,9,1.4385113357848315e-264
73,10,2.6370884334503998e-264
73,11,5.418627526362056e-264
73,12,1.0936859800751852e-263
73,13,2.2206256812885257e-263
73,14,4.453258744180687e-263
73,15,8.303446930103827e-263
73,16,1.2876436962528896e-262
73,17,1.618519812851011e-262
73,18,1.86360728719299e-262
73,19,2.156843301528724e-262
73,20,2.77378458328429e-262
73,21,3.6345325036188845e-262
73,22,5.850208439309173e-262
73,23,7.410406685981029e-262
73,24,7.415922216670156e-262
73,25,7.5399032561583e-262
73,26,7.950339586516377e-262
73,27,8.497263355594992e-262
73,28,9.071662753622724e-262
73,29,9.651495361082432e-262
73,30,1.0241655814648795e-261
73,31,1.0868560785522967e-261
73,32,1.157412147001233e-261
73,33,1.242208418295308e-261
73,34,1.3505161723147688e-261
73,35,1.5009774949977937e-261
73,36,1.6968917628530738e-261
73,37,1.9422251277706942e-261
73,38,2.248078724465587e-261
73,39,2.627059226344875e-261
73,40,3.0891219745158227e-261
73,41,3.6479908595623486e-261
73,42,4.323168826649725e-261
73,43,5.137774060733532e-261
73,44,6.1240359461594435e-261
73,45,7.328226495568806e-261
73,46,9.009306115062794e-261
73,47,1.1385126463955549e-260
73,48,1.4578753762557346e-260
73,49,1.892407177827914e-260
73,50,2.4774660835793712e-260
73,51,3.2595165685360594e-260
73,52,4.293706474160826e-260
73,53,5.657830506757578e-260
73,54,7.45913479366054e-260
73,55,9.845592772166802e-260
73,56,1.30236023545833e-259
73,57,1.729089560422351e-259
73,58,2.3855031125188478e-259
73,59,3.417268539054397e-259
73,60,4.9453237656537976e-259
73,61,7.197481534593306e-259
73,62,1.0499232768602895e-258
73,63,1.536350426542e-258
73,64,2.258202329957926e-258
73,65,3.3392458553722758e-258
73,66,4.968993624209299e-258
73,67,7.416530574299583e-258
73,68,1.1166897116891877e-257
73,69,1.69059234809721e-257
73,70,2.6523306331274655e-257
73,71,4.274174943567327e-257
73,72,6.833690271506069e-257
73,73,1.0837765129770333e-256
73,74,1.70114575909249e-256
73,75,2.6399633614934263e-256
73,76,4.0491127385243576e-256
73,77,6.144615429047351e-256
73,78,9.241849815290465e-256
73,79,1.3808240703200324e-255
73,80,2.0921683223721198e-255
73,81,3.2103923102494333e-255
73,82,4.977095145315602e-255
73,83,7.75905036516205e-255
73,84,1.196728641464051e-254
73,85,1.831249557346065e-254
73,86,2.7897288484928854e-254
73,87,4.246538099074639e-254
73,88,6.485272189310184e-254
73,89,9.969288822565539e-254
73,90,1.536837573813459e-253
73,91,2.367735544234811e-253
73,92,3.8582883271988913e-253
73,93,6.629609247746576e-253
73,94,1.1530912851441024e-252
73,95,2.036730103741244e-252
73,96,3.610658397893304e-252
73,97,6.407126170749718e-252
73,98,1.1424080070721817e-251
73,99,2.050835788521899e-251
73,100,3.6648007944168345e-251
73,101,6.513205916910425e-251
73,102,1.2311674389428938e-250
73,103,2.403883881355043e-250
73,104,4.510983987272405e-250
73,105,7.987773274306819e-250
73,106,1.3122807305710498e-249
73,107,1.9873588779104055e-249
73,108,2.7715166702904657e-249
73,109,3.559319866422091e-249
73,110,4.2256066988412077e-249
73,111,4.608884977861762e-249
73,112,4.557010898987886e-249
73,113,4.059356118806994e-249
73,114,3.247935497367029e-249
73,115,2.3351541663770387e-249
73,116,1.509345164911718e-249
73,117,8.775053161454555e-250
73,118,4.5525678009440935e-250
73,119,2.0998783082481963e-250
73,120,8.354466943159754e-251
73,121,2.8110504838696592e-251
73,122,8.303541210762435e-252
73,123,2.1536559050556542e-252
73,124,4.903920634738031e-253
73,125,9.802340705669822e-254
73,126,1.7263744268331916e-254
73,127,3.060499695350039e-255
74,0,3.898504e-318
74,1,1.036377e-318
74,2,9.1084e-319
74,3,8.9752e-319
74,4,9.2891e-319
74,5,9.82114e-319
74,6,1.051693e-318
74,7,1.09575e-318
74,8,1.237303e-318
74,9,1.42841e-318
74,10,1.712847e-318
74,11,2.2887e-318
74,12,3.15053e-318
74,13,4.397446e-318
74,14,6.71163e-318
74,15,9.631365e-318
74,16,1.2189286e-317
74,17,1.305196e-317
74,18,1.3843077e-317
74,19,1.484636e-317
74,20,1.8157703e-317
74,21,2.333868e-317
74,22,3.8194096e-317
74,23,5.1343994e-317
74,24,5.7160297e-317
74,25,6.668195e-317
74,26,8.2815066e-317
74,27,1.06106413e-316
74,28,1.3771595e-316
74,29,1.8188968e-316
74,30,2.42883946e-316
74,31,3.26852557e-316
74,32,4.4383835e-316
74,33,6.0973568e-316
74,34,9.03859424e-316
74,35,1.443339994e-315
74,36,2.48125489e-315
74,37,4.372476307e-315
74,38,7.838862814e-315
74,39,1.4562049285e-314
74,40,2.794803473e-314
74,41,5.4634939406e-314
74,42,1.0906135707e-313
74,43,2.20381226133e-313
74,44,4.51303962917e-313
74,45,9.3979297207e-313
74,46,2.26028464794e-312
74,47,6.2611472938e-312
74,48,2.3625107001673e-311
74,49,5.602570741508e-311
74,50,1.34391686437023e-310
74,51,2.5628198681106e-310
74,52,4.10975971905415e-310
74,53,6.31142811226964e-310
74,54,9.20329681744916e-310
74,55,1.31712264065958e-309
74,56,1.820299124944497e-309
74,57,2.51080607612884e-309
74,58,3.549045093857803e-309
74,59,5.238201508090733e-309
74,60,7.74910032357485e-309
74,61,1.152500036484301e-308
74,62,1.715424393977777e-308
74,63,2.561335840134686e-308
74,64,3.843482670891668e-308
74,65,5.813520100639518e-308
74,66,8.865647072731602e-308
74,67,1.3572493666052787e-307
74,68,2.099133441757546e-307
74,69,3.265594574199141e-307
74,70,5.277124770357696e-307
74,71,8.766495156583386e-307
74,72,1.4420862987259514e-306
74,73,2.3490643998844694e-306
74,74,3.7782924417528994e-306
74,75,5.992631302186069e-306
74,76,9.368747167747047e-306
74,77,1.445851692460646e-305
74,78,2.2077359502634964e-305
74,79,3.3452086787908757e-305
74,80,5.142424368599644e-305
74,81,8.011659417654464e-305
74,82,1.2595164515242078e-304
74,83,1.987859379344825e-304
74,84,3.099028042518873e-304
74,85,4.790577813836858e-304
74,86,7.377070091717686e-304
74,87,1.1372506069124954e-303
74,88,1.7645947666666513e-303
74,89,2.767786398355226e-303
74,90,4.366399670909338e-303
74,91,6.895575543610408e-303
74,92,1.1588278646205372e-302
74,93,2.0684412016125033e-302
74,94,3.761887135059202e-302
74,95,6.999865068679034e-302
74,96,1.3124154486352754e-301
74,97,2.4714579101388973e-301
74,98,4.698187907691927e-301
74,99,9.035940792230681e-301
74,100,1.7321185284339473e-300
74,101,3.3064780627955755e-300
74,102,6.787096538011883e-300
74,103,1.4436837129154495e-299
74,104,2.9340763820383955e-299
74,105,5.56971382166512e-299
74,106,9.673932576605918e-299
74,107,1.5264427633439029e-298
74,108,2.186297021434975e-298
74,109,2.8434247155810024e-298
74,110,3.369694689950957e-298
74,111,3.613434034638564e-298
74,112,3.4527067537116963e-298
74,113,2.9192582078223707e-298
74,114,2.1793775736730563e-298
74,115,1.4376769107160258e-298
74,116,8.386862286094824e-299
74,117,4.33014135305106e-299
74,118,1.9609159139995232e-299
74,119,7.753744559980361e-300
74,120,2.5884525072140767e-300
74,121,7.111466316265292e-301
74,122,1.6846035122081364e-301
74,123,3.4430570915377086e-302
74,124,6.073756448604306e-303
74,125,9.25141973662992e-304
74,126,1.2194333564453363e-304
74,127,1.542523171379964e-305
75,0,0.0
75,1,0.0
75,2,0.0
75,3,0.0
75,4,0.0
75,5,0.0
75,6,0.0
75,7,0.0
75,8,0.0
75,9,0.0
75,10,0.0
75,11,0.0
75,12,0.0
75,13,0.0
75,14,0.0
75,15,0.0
75,16,0.0
75,17,0.0
75,18,0.0
75,19,0.0
75,20,0.0
75,21,0.0
75,22,0.0
75,23,0.0
75,24,0.0
75,25,0.0
75,26,0.0
75,27,0.0
75,28,0.0
75,29,0.0
75,30,0.0
75,31,0.0
75,32,0.0
75,33,0.0
75,34,0.0
75,35,0.0
75,36,0.0
75,37,0.0
75,38,0.0
75,39,0.0
75,40,0.0
75,41,0.0
75,42,0.0
75,43,0.0
75,44,0.0
75,45,0.0
75,46,0.0
75,47,0.0
75,48,0.0
75,49,0.0
75,50,0.0
75,51,0.0
75,52,0.0
75,53,0.0
75,54,0.0
75,55,0.0
75,56,0.0
75,57,0.0
75,58,0.0
75,59,0.0
75,60,0.0
75,61,0.0
75,62,0.0
75,63,0.0
75,64,0.0
75,65,0.0
75,66,0.0
75,67,0.0
75,68,0.0
75,69,0.0
75,70,0.0
75,71,0.0
75,72,0.0
75,73,0.0
75,74,0.0
75,75,0.0
75,76,0.0
75,77,0.0
75,78,0.0
75,79,0.0
75,80,0.0
75,81,0.0
75,82,0.0
75,83,0.0
75,84,0.0
75,85,0.0
75,86,0.0
75,87,0.0
75,88,0.0
75,89,0.0
75,90,0.0
75,91,0.0
75,92,0.0
75,93,0.0
75,94,0.0
75,95,0.0
75,96,0.0
75,97,0.0
75,98,0.0
75,99,0.0
75,100,0.0
75,101,0.0
75,102,0.0
75,103,0.0
75,104,0.0
75,105,0.0
75,106,0.0
75,107,0.0
75,108,0.0
75,109,0.0
75,110,0.0
75,111,0.0
75,112,0.0
75,113,0.0
75,114,0.0
75,115,0.0
75,116,0.0
75,117,0.0
75,118,0.0
75,119,0.0
75,120,0.0
75,121,0.0
75,122,0.0
75,123,0.0
75,124,0.0
75,125,0.0
75,126,0.0
75,127,0.0
