block,cell_index,thermal_log_contribution
0,0,0.0
0,1,0.0
0,2,0.0
0,3,0.0
0,4,0.0
0,5,0.0
0,6,0.0
0,7,0.0
0,8,0.0
0,9,0.0
0,10,0.0
0,11,0.0
0,12,0.0
0,13,0.0
0,14,0.0
0,15,0.0
0,16,0.0
0,17,0.0
0,18,0.0
0,19,0.0
0,20,0.0
0,21,0.0
0,22,0.0
0,23,0.0
0,24,0.0
0,25,0.0
0,26,0.0
0,27,0.0
0,28,0.0
0,29,0.0
0,30,0.0
0,31,0.0
0,32,0.0
0,33,0.0
0,34,0.0
0,35,0.0
0,36,0.0
0,37,0.0
0,38,0.0
0,39,0.0
0,40,0.0
0,41,0.0
0,42,0.0
0,43,0.0
0,44,0.0
0,45,0.0
0,46,0.0
0,47,0.0
0,48,0.0
0,49,0.0
0,50,0.0
0,51,0.0
0,52,0.0
0,53,0.0
0,54,0.0
0,55,0.0
0,56,0.0
0,57,0.0
0,58,0.0
0,59,0.0
0,60,0.0
0,61,0.0
0,62,0.0
0,63,0.0
0,64,0.0
0,65,0.0
0,66,0.0
0,67,0.0
0,68,0.0
0,69,0.0
0,70,0.0
0,71,0.0
0,72,0.0
0,73,0.0
0,74,0.0
0,75,0.0
0,76,0.0
0,77,0.0
0,78,0.0
0,79,0.0
0,80,0.0
0,81,0.0
0,82,0.0
0,83,0.0
0,84,0.0
0,85,0.0
0,86,0.0
0,87,0.0
0,88,0.0
0,89,0.0
0,90,0.0
0,91,0.0
0,92,0.0
0,93,0.0
0,94,0.0
0,95,0.0
0,96,0.0
0,97,0.0
0,98,0.0
0,99,0.0
0,100,0.0
0,101,0.0
0,102,0.0
0,103,0.0
0,104,0.0
0,105,0.0
0,106,0.0
0,107,0.0
0,108,0.0
0,109,0.0
0,110,0.0
0,111,0.0
0,112,0.0
0,113,0.0
0,114,0.0
0,115,0.0
0,116,0.0
0,117,0.0
0,118,0.0
0,119,0.0
0,120,0.0
0,121,0.0
0,122,0.0
0,123,0.0
0,124,0.0
0,125,0.0
0,126,0.0
0,127,0.0
1,0,0.0
1,1,0.0
1,2,0.0
1,3,0.0
1,4,0.0
1,5,0.0
1,6,0.0
1,7,0.0
1,8,0.0
1,9,0.0
1,10,0.0
1,11,0.0
1,12,0.0
1,13,0.0
1,14,0.0
1,15,0.0
1,16,0.0
1,17,0.0
1,18,0.0
1,19,0.0
1,20,0.0
1,21,0.0
1,22,0.0
1,23,0.0
1,24,0.0
1,25,0.0
1,26,0.0
1,27,0.0
1,28,0.0
1,29,0.0
1,30,0.0
1,31,0.0
1,32,0.0
1,33,0.0
1,34,0.0
1,35,0.0
1,36,0.0
1,37,0.0
1,38,0.0
1,39,0.0
1,40,0.0
1,41,0.0
1,42,0.0
1,43,0.0
1,44,0.0
1,45,0.0
1,46,0.0
1,47,0.0
1,48,0.0
1,49,0.0
1,50,0.0
1,51,0.0
1,52,0.0
1,53,0.0
1,54,0.0
1,55,0.0
1,56,0.0
1,57,0.0
1,58,0.0
1,59,0.0
1,60,0.0
1,61,0.0
1,62,0.0
1,63,0.0
1,64,0.0
1,65,0.0
1,66,0.0
1,67,0.0
1,68,0.0
1,69,0.0
1,70,0.0
1,71,0.0
1,72,0.0
1,73,0.0
1,74,0.0
1,75,0.0
1,76,0.0
1,77,0.0
1,78,0.0
1,79,0.0
1,80,0.0
1,81,0.0
1,82,0.0
1,83,0.0
1,84,0.0
1,85,0.0
1,86,0.0
1,87,0.0
1,88,0.0
1,89,0.0
1,90,0.0
1,91,0.0
1,92,0.0
1,93,0.0
1,94,0.0
1,95,0.0
1,96,0.0
1,97,0.0
1,98,0.0
1,99,0.0
1,100,0.0
1,101,0.0
1,102,0.0
1,103,0.0
1,104,0.0
1,105,0.0
1,106,0.0
1,107,0.0
1,108,0.0
1,109,0.0
1,110,0.0
1,111,0.0
1,112,0.0
1,113,0.0
1,114,0.0
1,115,0.0
1,116,0.0
1,117,0.0
1,118,0.0
1,119,0.0
1,120,0.0
1,121,0.0
1,122,0.0
1,123,0.0
1,124,0.0
1,125,0.0
1,126,0.0
1,127,0.0
2,0,0.0
2,1,0.0
2,2,0.0
2,3,0.0
2,4,0.0
2,5,0.0
2,6,0.0
2,7,0.0
2,8,0.0
2,9,0.0
2,10,0.0
2,11,0.0
2,12,0.0
2,13,0.0
2,14,0.0
2,15,0.0
2,16,0.0
2,17,0.0
2,18,0.0
2,19,0.0
2,20,0.0
2,21,0.0
2,22,0.0
2,23,0.0
2,24,0.0
2,25,0.0
2,26,0.0
2,27,0.0
2,28,0.0
2,29,0.0
2,30,0.0
2,31,0.0
2,32,0.0
2,33,0.0
2,34,0.0
2,35,0.0
2,36,0.0
2,37,0.0
2,38,0.0
2,39,0.0
2,40,0.0
2,41,0.0
2,42,0.0
2,43,0.0
2,44,0.0
2,45,0.0
2,46,0.0
2,47,0.0
2,48,0.0
2,49,0.0
2,50,0.0
2,51,0.0
2,52,0.0
2,53,0.0
2,54,0.0
2,55,0.0
2,56,0.0
2,57,0.0
2,58,0.0
2,59,0.0
2,60,0.0
2,61,0.0
2,62,0.0
2,63,0.0
2,64,0.0
2,65,0.0
2,66,0.0
2,67,0.0
2,68,0.0
2,69,0.0
2,70,0.0
2,71,0.0
2,72,0.0
2,73,0.0
2,74,0.0
2,75,0.0
2,76,0.0
2,77,0.0
2,78,0.0
2,79,0.0
2,80,0.0
2,81,0.0
2,82,0.0
2,83,0.0
2,84,0.0
2,85,0.0
2,86,0.0
2,87,0.0
2,88,0.0
2,89,0.0
2,90,0.0
2,91,0.0
2,92,0.0
2,93,0.0
2,94,0.0
2,95,0.0
2,96,0.0
2,97,0.0
2,98,0.0
2,99,0.0
2,100,0.0
2,101,0.0
2,102,0.0
2,103,0.0
2,104,0.0
2,105,0.0
2,106,0.0
2,107,0.0
2,108,0.0
2,109,0.0
2,110,0.0
2,111,0.0
2,112,0.0
2,113,0.0
2,114,0.0
2,115,0.0
2,116,0.0
2,117,0.0
2,118,0.0
2,119,0.0
2,120,0.0
2,121,0.0
2,122,0.0
2,123,0.0
2,124,0.0
2,125,0.0
2,126,0.0
2,127,0.0
3,0,1.6927428048619481e-18
3,1,2.0400291417596332e-18
3,2,3.1696068957109745e-18
3,3,2.6261623113606518e-18
3,4,4.529671768447757e-18
3,5,3.848440597337469e-18
3,6,4.786281154134434e-18
3,7,4.634815006381535e-18
3,8,2.4071595645621375e-18
3,9,4.121779919099219e-18
3,10,3.560705829598018e-18
3,11,6.922038546169235e-19
3,12,0.0
3,13,0.0
3,14,2.4894654266977297e-18
3,15,0.0
3,16,0.0
3,17,0.0
3,18,0.0
3,19,0.0
3,20,0.0
3,21,0.0
3,22,0.0
3,23,0.0
3,24,0.0
3,25,0.0
3,26,0.0
3,27,0.0
3,28,0.0
3,29,0.0
3,30,0.0
3,31,0.0
3,32,0.0
3,33,0.0
3,34,0.0
3,35,0.0
3,36,0.0
3,37,0.0
3,38,0.0
3,39,0.0
3,40,0.0
3,41,0.0
3,42,0.0
3,43,0.0
3,44,0.0
3,45,0.0
3,46,0.0
3,47,0.0
3,48,0.0
3,49,0.0
3,50,0.0
3,51,0.0
3,52,0.0
3,53,0.0
3,54,0.0
3,55,0.0
3,56,0.0
3,57,0.0
3,58,0.0
3,59,0.0
3,60,0.0
3,61,0.0
3,62,0.0
3,63,0.0
3,64,0.0
3,65,0.0
3,66,0.0
3,67,0.0
3,68,0.0
3,69,0.0
3,70,0.0
3,71,0.0
3,72,0.0
3,73,0.0
3,74,0.0
3,75,0.0
3,76,0.0
3,77,0.0
3,78,0.0
3,79,0.0
3,80,0.0
3,81,0.0
3,82,0.0
3,83,0.0
3,84,0.0
3,85,0.0
3,86,0.0
3,87,0.0
3,88,0.0
3,89,0.0
3,90,0.0
3,91,0.0
3,92,0.0
3,93,0.0
3,94,0.0
3,95,0.0
3,96,0.0
3,97,0.0
3,98,0.0
3,99,0.0
3,100,0.0
3,101,0.0
3,102,0.0
3,103,0.0
3,104,0.0
3,105,0.0
3,106,0.0
3,107,0.0
3,108,0.0
3,109,0.0
3,110,0.0
3,111,0.0
3,112,0.0
3,113,0.0
3,114,0.0
3,115,0.0
3,116,0.0
3,117,0.0
3,118,0.0
3,119,0.0
3,120,0.0
3,121,0.0
3,122,0.0
3,123,0.0
3,124,0.0
3,125,0.0
3,126,0.0
3,127,0.0
4,0,3.056609864779289e-16
4,1,3.716933096286052e-16
4,2,4.973844667115683e-16
4,3,6.182736413031935e-16
4,4,7.250710309351017e-16
4,5,8.135011354987203e-16
4,6,8.722293538534397e-16
4,7,8.665779829074504e-16
4,8,8.754036949790974e-16
4,9,8.086932201272668e-16
4,10,7.014590484308096e-16
4,11,5.70375976204345e-16
4,12,4.009615020659081e-16
4,13,2.587353729714847e-16
4,14,1.8919937242902745e-16
4,15,7.241821674173674e-17
4,16,4.770959735666398e-17
4,17,3.983228468888612e-17
4,18,0.0
4,19,0.0
4,20,0.0
4,21,0.0
4,22,0.0
4,23,0.0
4,24,0.0
4,25,0.0
4,26,0.0
4,27,0.0
4,28,0.0
4,29,0.0
4,30,0.0
4,31,0.0
4,32,0.0
4,33,0.0
4,34,0.0
4,35,0.0
4,36,0.0
4,37,0.0
4,38,0.0
4,39,0.0
4,40,0.0
4,41,0.0
4,42,0.0
4,43,0.0
4,44,0.0
4,45,0.0
4,46,0.0
4,47,0.0
4,48,0.0
4,49,0.0
4,50,0.0
4,51,0.0
4,52,0.0
4,53,0.0
4,54,0.0
4,55,0.0
4,56,0.0
4,57,0.0
4,58,0.0
4,59,0.0
4,60,0.0
4,61,0.0
4,62,0.0
4,63,0.0
4,64,0.0
4,65,0.0
4,66,0.0
4,67,0.0
4,68,0.0
4,69,0.0
4,70,0.0
4,71,0.0
4,72,0.0
4,73,0.0
4,74,0.0
4,75,0.0
4,76,0.0
4,77,0.0
4,78,0.0
4,79,0.0
4,80,0.0
4,81,0.0
4,82,0.0
4,83,0.0
4,84,0.0
4,85,0.0
4,86,0.0
4,87,0.0
4,88,0.0
4,89,0.0
4,90,0.0
4,91,0.0
4,92,0.0
4,93,0.0
4,94,0.0
4,95,0.0
4,96,0.0
4,97,0.0
4,98,0.0
4,99,0.0
4,100,0.0
4,101,0.0
4,102,0.0
4,103,0.0
4,104,0.0
4,105,0.0
4,106,0.0
4,107,0.0
4,108,0.0
4,109,0.0
4,110,0.0
4,111,0.0
4,112,0.0
4,113,0.0
4,114,0.0
4,115,0.0
4,116,0.0
4,117,0.0
4,118,0.0
4,119,0.0
4,120,0.0
4,121,0.0
4,122,0.0
4,123,0.0
4,124,0.0
4,125,0.0
4,126,0.0
4,127,0.0
5,0,2.2195727298151253e-14
5,1,2.7415135624451012e-14
5,2,3.75520396048933e-14
5,3,4.830788055143471e-14
5,4,5.933934726263253e-14
5,5,6.97088767768183e-14
5,6,7.901080310865026e-14
5,7,8.291604592445028e-14
5,8,9.122171885864677e-14
5,9,9.535875235500015e-14
5,10,9.530822603890693e-14
5,11,9.257395910875811e-14
5,12,8.204063514221716e-14
5,13,6.91977803651737e-14
5,14,5.4984822879472756e-14
5,15,3.891875664728835e-14
5,16,2.2086362936311642e-14
5,17,9.867025950075504e-15
5,18,4.005985952314336e-15
5,19,1.6765720776673406e-15
5,20,7.261838568206522e-16
5,21,3.589311157638901e-16
5,22,7.613154305116557e-17
5,23,1.3159471905441819e-17
5,24,0.0
5,25,0.0
5,26,0.0
5,27,0.0
5,28,0.0
5,29,0.0
5,30,0.0
5,31,0.0
5,32,0.0
5,33,0.0
5,34,0.0
5,35,0.0
5,36,0.0
5,37,0.0
5,38,0.0
5,39,0.0
5,40,0.0
5,41,0.0
5,42,0.0
5,43,0.0
5,44,0.0
5,45,0.0
5,46,0.0
5,47,0.0
5,48,0.0
5,49,0.0
5,50,0.0
5,51,0.0
5,52,0.0
5,53,0.0
5,54,0.0
5,55,0.0
5,56,0.0
5,57,0.0
5,58,0.0
5,59,0.0
5,60,0.0
5,61,0.0
5,62,0.0
5,63,0.0
5,64,0.0
5,65,0.0
5,66,0.0
5,67,0.0
5,68,0.0
5,69,0.0
5,70,0.0
5,71,0.0
5,72,0.0
5,73,0.0
5,74,0.0
5,75,0.0
5,76,0.0
5,77,0.0
5,78,0.0
5,79,0.0
5,80,0.0
5,81,0.0
5,82,0.0
5,83,0.0
5,84,0.0
5,85,0.0
5,86,0.0
5,87,0.0
5,88,0.0
5,89,0.0
5,90,0.0
5,91,0.0
5,92,0.0
5,93,0.0
5,94,0.0
5,95,0.0
5,96,0.0
5,97,0.0
5,98,0.0
5,99,0.0
5,100,0.0
5,101,0.0
5,102,0.0
5,103,0.0
5,104,0.0
5,105,0.0
5,106,0.0
5,107,0.0
5,108,0.0
5,109,0.0
5,110,0.0
5,111,0.0
5,112,0.0
5,113,0.0
5,114,0.0
5,115,0.0
5,116,0.0
5,117,0.0
5,118,0.0
5,119,0.0
5,120,0.0
5,121,0.0
5,122,0.0
5,123,0.0
5,124,0.0
5,125,0.0
5,126,0.0
5,127,0.0
6,0,6.803278424980586e-13
6,1,8.490487046371656e-13
6,2,1.1824194142858286e-12
6,3,1.5581733808787261e-12
6,4,1.9717732388609448e-12
6,5,2.397638883055232e-12
6,6,2.824788809039279e-12
6,7,3.092661091212476e-12
6,8,3.6160778918330573e-12
6,9,4.108846323283741e-12
6,10,4.5560079724596025e-12
6,11,5.034340489505097e-12
6,12,5.149532271784407e-12
6,13,5.081351756317384e-12
6,14,4.797433886996635e-12
6,15,4.10327047424936e-12
6,16,2.8558837752106107e-12
6,17,1.5896894109542926e-12
6,18,8.099361927047612e-13
6,19,4.165228269289624e-13
6,20,2.3053856701749795e-13
6,21,1.221626902922883e-13
6,22,6.2529374026024e-14
6,23,1.6646731960383903e-14
6,24,2.946845745317156e-15
6,25,4.585148652705462e-16
6,26,1.4986959725488638e-16
6,27,0.0
6,28,0.0
6,29,0.0
6,30,0.0
6,31,0.0
6,32,0.0
6,33,0.0
6,34,0.0
6,35,0.0
6,36,0.0
6,37,0.0
6,38,0.0
6,39,0.0
6,40,0.0
6,41,0.0
6,42,0.0
6,43,0.0
6,44,0.0
6,45,0.0
6,46,0.0
6,47,0.0
6,48,0.0
6,49,0.0
6,50,0.0
6,51,0.0
6,52,0.0
6,53,0.0
6,54,0.0
6,55,0.0
6,56,0.0
6,57,0.0
6,58,0.0
6,59,0.0
6,60,0.0
6,61,0.0
6,62,0.0
6,63,0.0
6,64,0.0
6,65,0.0
6,66,0.0
6,67,0.0
6,68,0.0
6,69,0.0
6,70,0.0
6,71,0.0
6,72,0.0
6,73,0.0
6,74,0.0
6,75,0.0
6,76,0.0
6,77,0.0
6,78,0.0
6,79,0.0
6,80,0.0
6,81,0.0
6,82,0.0
6,83,0.0
6,84,0.0
6,85,0.0
6,86,0.0
6,87,0.0
6,88,0.0
6,89,0.0
6,90,0.0
6,91,0.0
6,92,0.0
6,93,0.0
6,94,0.0
6,95,0.0
6,96,0.0
6,97,0.0
6,98,0.0
6,99,0.0
6,100,0.0
6,101,0.0
6,102,0.0
6,103,0.0
6,104,0.0
6,105,0.0
6,106,0.0
6,107,0.0
6,108,0.0
6,109,0.0
6,110,0.0
6,111,0.0
6,112,0.0
6,113,0.0
6,114,0.0
6,115,0.0
6,116,0.0
6,117,0.0
6,118,0.0
6,119,0.0
6,120,0.0
6,121,0.0
6,122,0.0
6,123,0.0
6,124,0.0
6,125,0.0
6,126,0.0
6,127,0.0
7,0,5.909012073988047e-12
7,1,7.410222254819111e-12
7,2,1.0427065557456995e-11
7,3,1.3961934903110144e-11
7,4,1.8028111757109147e-11
7,5,2.244675092253195e-11
7,6,2.716093152357546e-11
7,7,3.062522292912808e-11
7,8,3.73653600789905e-11
7,9,4.501185913657711e-11
7,10,5.3703372415318675e-11
7,11,6.499574489349458e-11
7,12,7.356316641125544e-11
7,13,8.116064120607387e-11
7,14,8.662660060846611e-11
7,15,8.47100382724759e-11
7,16,6.810116272415536e-11
7,17,4.415429242938009e-11
7,18,2.6374289248443157e-11
7,19,1.6002362587342188e-11
7,20,1.0598531607911493e-11
7,21,6.861501824079922e-12
7,22,4.549963604681386e-12
7,23,1.7646720230478426e-12
7,24,4.790024928224655e-13
7,25,1.2148650386776992e-13
7,26,2.974911505509495e-14
7,27,7.145695334402488e-15
7,28,1.606844265401719e-15
7,29,1.5181898705495385e-16
7,30,-1.6254519325334426e-17
7,31,0.0
7,32,0.0
7,33,0.0
7,34,0.0
7,35,0.0
7,36,0.0
7,37,0.0
7,38,0.0
7,39,0.0
7,40,0.0
7,41,0.0
7,42,0.0
7,43,0.0
7,44,0.0
7,45,0.0
7,46,0.0
7,47,0.0
7,48,0.0
7,49,0.0
7,50,0.0
7,51,0.0
7,52,0.0
7,53,0.0
7,54,0.0
7,55,0.0
7,56,0.0
7,57,0.0
7,58,0.0
7,59,0.0
7,60,0.0
7,61,0.0
7,62,0.0
7,63,0.0
7,64,0.0
7,65,0.0
7,66,0.0
7,67,0.0
7,68,0.0
7,69,0.0
7,70,0.0
7,71,0.0
7,72,0.0
7,73,0.0
7,74,0.0
7,75,0.0
7,76,0.0
7,77,0.0
7,78,0.0
7,79,0.0
7,80,0.0
7,81,0.0
7,82,0.0
7,83,0.0
7,84,0.0
7,85,0.0
7,86,0.0
7,87,0.0
7,88,0.0
7,89,0.0
7,90,0.0
7,91,0.0
7,92,0.0
7,93,0.0
7,94,0.0
7,95,0.0
7,96,0.0
7,97,0.0
7,98,0.0
7,99,0.0
7,100,0.0
7,101,0.0
7,102,0.0
7,103,0.0
7,104,0.0
7,105,0.0
7,106,0.0
7,107,0.0
7,108,0.0
7,109,0.0
7,110,0.0
7,111,0.0
7,112,0.0
7,113,0.0
7,114,0.0
7,115,0.0
7,116,0.0
7,117,0.0
7,118,0.0
7,119,0.0
7,120,0.0
7,121,0.0
7,122,0.0
7,123,0.0
7,124,0.0
7,125,0.0
7,126,0.0
7,127,0.0
8,0,-6.793224306544988e-11
8,1,-8.632729465500663e-11
8,2,-1.229651657660865e-10
8,3,-1.6747487258800251e-10
8,4,-2.2078673283390933e-10
8,5,-2.8156913143237396e-10
8,6,-3.499498047365955e-10
8,7,-4.0636709377209727e-10
8,8,-5.172583641134578e-10
8,9,-6.60140657866298e-10
8,10,-8.465157543034734e-10
8,11,-1.119799916352463e-09
8,12,-1.3982439193981736e-09
8,13,-1.7179866000854266e-09
8,14,-2.0619447840498252e-09
8,15,-2.288534221799093e-09
8,16,-2.1045912291608703e-09
8,17,-1.5695713416877824e-09
8,18,-1.082442299005137e-09
8,19,-7.607497065142959e-10
8,20,-5.903628755532331e-10
8,21,-4.550587375742446e-10
8,22,-3.7937595190842803e-10
8,23,-2.0244936891066385e-10
8,24,-7.785483544076536e-11
8,25,-2.8482644399172457e-11
8,26,-1.0275434261788146e-11
8,27,-3.6007988845572782e-12
8,28,-1.2128705035031694e-12
8,29,-3.9216531233928523e-13
8,30,-1.222014762878642e-13
8,31,-3.710640503836555e-14
8,32,-1.0880550079016782e-14
8,33,-2.669298087055687e-15
8,34,-7.590895390016496e-16
8,35,2.6822061409145676e-17
8,36,2.5723942990333657e-17
8,37,0.0
8,38,0.0
8,39,0.0
8,40,0.0
8,41,0.0
8,42,0.0
8,43,0.0
8,44,0.0
8,45,0.0
8,46,0.0
8,47,0.0
8,48,0.0
8,49,0.0
8,50,0.0
8,51,0.0
8,52,0.0
8,53,0.0
8,54,0.0
8,55,0.0
8,56,0.0
8,57,0.0
8,58,0.0
8,59,0.0
8,60,0.0
8,61,0.0
8,62,0.0
8,63,0.0
8,64,0.0
8,65,0.0
8,66,0.0
8,67,0.0
8,68,0.0
8,69,0.0
8,70,0.0
8,71,0.0
8,72,0.0
8,73,0.0
8,74,0.0
8,75,0.0
8,76,0.0
8,77,0.0
8,78,0.0
8,79,0.0
8,80,0.0
8,81,0.0
8,82,0.0
8,83,0.0
8,84,0.0
8,85,0.0
8,86,0.0
8,87,0.0
8,88,0.0
8,89,0.0
8,90,0.0
8,91,0.0
8,92,0.0
8,93,0.0
8,94,0.0
8,95,0.0
8,96,0.0
8,97,0.0
8,98,0.0
8,99,0.0
8,100,0.0
8,101,0.0
8,102,0.0
8,103,0.0
8,104,0.0
8,105,0.0
8,106,0.0
8,107,0.0
8,108,0.0
8,109,0.0
8,110,0.0
8,111,0.0
8,112,0.0
8,113,0.0
8,114,0.0
8,115,0.0
8,116,0.0
8,117,0.0
8,118,0.0
8,119,0.0
8,120,0.0
8,121,0.0
8,122,0.0
8,123,0.0
8,124,0.0
8,125,0.0
8,126,0.0
8,127,0.0
9,0,-1.3407054390655115e-09
9,1,-1.7073580236419504e-09
9,2,-2.443110154539097e-09
9,3,-3.353585369028527e-09
9,4,-4.466622221395651e-09
9,5,-5.766506796624358e-09
9,6,-7.268108595162246e-09
9,7,-8.573496606966741e-09
9,8,-1.1166318474893678e-08
9,9,-1.4711022489016265e-08
9,10,-1.9640741986679534e-08
9,11,-2.7323288980975814e-08
9,12,-3.609431169409077e-08
9,13,-4.720311222311658e-08
9,14,-6.067617406167732e-08
9,15,-7.255903279946473e-08
9,16,-7.226816633609722e-08
9,17,-5.8607065737371735e-08
9,18,-4.408991352688837e-08
9,19,-3.390572041686316e-08
9,20,-2.9033849697757858e-08
9,21,-2.497078442727356e-08
9,22,-2.4123045603611085e-08
9,23,-1.580396790210261e-08
9,24,-7.623154249224722e-09
9,25,-3.554932135420864e-09
9,26,-1.6556003737640959e-09
9,27,-7.569808953609647e-10
9,28,-3.3569876010199054e-10
9,29,-1.4410729100116844e-10
9,30,-6.008434305051894e-11
9,31,-2.4441221819933042e-11
9,32,-9.736278895706851e-12
9,33,-3.809792360932743e-12
9,34,-1.2350105655283138e-12
9,35,-3.005948422122956e-13
9,36,-6.148022374689744e-14
9,37,-6.723083281157362e-15
9,38,3.285444455184304e-15
9,39,3.8599055102175695e-15
9,40,2.6653581481911786e-15
9,41,1.8065631174503295e-15
9,42,1.2513541762080925e-15
9,43,9.72219942506845e-16
9,44,7.487003554124385e-16
9,45,7.299848566292187e-16
9,46,3.7304607494989543e-16
9,47,3.6138994170951597e-16
9,48,1.4023429174036997e-16
9,49,0.0
9,50,0.0
9,51,6.433686311787318e-17
9,52,0.0
9,53,6.100504759401766e-17
9,54,0.0
9,55,0.0
9,56,0.0
9,57,0.0
9,58,0.0
9,59,0.0
9,60,0.0
9,61,0.0
9,62,0.0
9,63,0.0
9,64,0.0
9,65,0.0
9,66,0.0
9,67,0.0
9,68,0.0
9,69,0.0
9,70,0.0
9,71,0.0
9,72,0.0
9,73,0.0
9,74,0.0
9,75,0.0
9,76,0.0
9,77,0.0
9,78,0.0
9,79,0.0
9,80,0.0
9,81,0.0
9,82,0.0
9,83,0.0
9,84,0.0
9,85,0.0
9,86,0.0
9,87,0.0
9,88,0.0
9,89,0.0
9,90,0.0
9,91,0.0
9,92,0.0
9,93,0.0
9,94,0.0
9,95,0.0
9,96,0.0
9,97,0.0
9,98,0.0
9,99,0.0
9,100,0.0
9,101,0.0
9,102,0.0
9,103,0.0
9,104,0.0
9,105,0.0
9,106,0.0
9,107,0.0
9,108,0.0
9,109,0.0
9,110,0.0
9,111,0.0
9,112,0.0
9,113,0.0
9,114,0.0
9,115,0.0
9,116,0.0
9,117,0.0
9,118,0.0
9,119,0.0
9,120,0.0
9,121,0.0
9,122,0.0
9,123,0.0
9,124,0.0
9,125,0.0
9,126,0.0
9,127,0.0
10,0,-6.4952270670565494e-09
10,1,-8.305004016143719e-09
10,2,-1.1933160644193626e-08
10,3,-1.648991037502545e-08
10,4,-2.215257619060378e-08
10,5,-2.88940232633717e-08
10,6,-3.6846550220859686e-08
10,7,-4.4038950049945826e-08
10,8,-5.846465131697919e-08
10,9,-7.908830065468314e-08
10,10,-1.0919012339586998e-07
10,11,-1.5836234625961563e-07
10,12,-2.191373899987615e-07
10,13,-3.0161328672589826e-07
10,14,-4.099465081940713e-07
10,15,-5.206102817725882e-07
10,16,-5.526397991656922e-07
10,17,-4.789401796155233e-07
10,18,-3.8584898080937273e-07
10,19,-3.1844562679486886e-07
10,20,-2.94573219032325e-07
10,21,-2.760532564517865e-07
10,22,-2.9954647869988907e-07
10,23,-2.3023015450288687e-07
10,24,-1.322725624593434e-07
10,25,-7.426966046675969e-08
10,26,-4.198914835341896e-08
10,27,-2.346069148863735e-08
10,28,-1.2785163374786265e-08
10,29,-6.7765782038879e-09
10,30,-3.5025107230804856e-09
10,31,-1.7715585390644752e-09
10,32,-8.792848763930468e-10
10,33,-4.2893986413892043e-10
10,34,-1.7826076377702503e-10
10,35,-5.837027732682846e-11
10,36,-1.6007289452480908e-11
10,37,-2.13729783574146e-12
10,38,1.6705770827556711e-12
10,39,2.2937028981907168e-12
10,40,2.0339792255204914e-12
10,41,1.6104219789842936e-12
10,42,1.2282041239482428e-12
10,43,9.255533852665166e-13
10,44,6.962913305335678e-13
10,45,5.249743726832443e-13
10,46,3.8640112443310173e-13
10,47,2.761741934544121e-13
10,48,2.0032468575111852e-13
10,49,1.4646197029828297e-13
10,50,1.0820863972979437e-13
10,51,8.20295004752883e-14
10,52,6.162584512184875e-14
10,53,4.746192702814574e-14
10,54,3.698524733461027e-14
10,55,2.7547572517361366e-14
10,56,2.0887991289976508e-14
10,57,1.6487446375600188e-14
10,58,1.2343923542513568e-14
10,59,1.0271468520860413e-14
10,60,1.091495133572645e-14
10,61,8.19476794357321e-15
10,62,6.339632469194954e-15
10,63,5.1901767208175384e-15
10,64,5.523514712046409e-15
10,65,3.86389397402867e-15
10,66,3.86148386338798e-15
10,67,3.345056901418531e-15
10,68,2.347697588418195e-15
10,69,2.1328386866076275e-15
10,70,1.9227350137517545e-15
10,71,2.2661535691937468e-15
10,72,2.1367442013034378e-15
10,73,1.2678190029187843e-15
10,74,1.0939052210127437e-15
10,75,1.5697902349209934e-15
10,76,1.5368359889209003e-15
10,77,9.579891433583037e-16
10,78,7.37733086497467e-16
10,79,7.894235825563014e-16
10,80,5.159729098177045e-16
10,81,5.690920076297535e-16
10,82,3.7183754960435997e-16
10,83,4.857684070603578e-16
10,84,2.9772556114870747e-16
10,85,2.921299176105355e-16
10,86,3.4415856549390696e-16
10,87,1.1268216392636092e-16
10,88,4.4295895618257295e-16
10,89,1.0888069561021649e-16
10,90,0.0
10,91,0.0
10,92,0.0
10,93,0.0
10,94,1.0014685274862594e-16
10,95,0.0
10,96,0.0
10,97,9.550748294399884e-17
10,98,1.882335659206273e-16
10,99,9.279653317905219e-17
10,100,9.154671439188295e-17
10,101,9.043077833853605e-17
10,102,0.0
10,103,8.798715463408603e-17
10,104,8.687655667131962e-17
10,105,0.0
10,106,8.483848908007081e-17
10,107,0.0
10,108,2.4917565779664713e-16
10,109,8.22689577229993e-17
10,110,8.150175877530225e-17
10,111,1.615713192440101e-16
10,112,8.009960317427911e-17
10,113,1.5892103126091055e-16
10,114,2.366491920915055e-16
10,115,7.835364796064825e-17
10,116,1.5574174608858567e-16
10,117,3.872308561759953e-16
10,118,7.706406278699089e-17
10,119,1.5347987600473859e-16
10,120,1.5283621686027931e-16
10,121,3.8079179010036785e-16
10,122,2.278173165489461e-16
10,123,0.0
10,124,7.56377062238811e-17
10,125,1.510768400687426e-16
10,126,1.5097760281284432e-16
10,127,0.0
11,0,-2.6660198627691873e-09
11,1,-3.353409179644999e-09
11,2,-4.796842042725749e-09
11,3,-6.61386448470693e-09
11,4,-8.876232259696426e-09
11,5,-1.1575212689338705e-08
11,6,-1.4766872264041238e-08
11,7,-1.7664297262883515e-08
11,8,-2.3488041706359404e-08
11,9,-3.185928281325175e-08
11,10,-4.4142654742471695e-08
11,11,-6.430653168071217e-08
11,12,-8.938929587657984e-08
11,13,-1.2355609042585387e-07
11,14,-1.6853279055377722e-07
11,15,-2.1453316923461424e-07
11,16,-2.2786500703733261e-07
11,17,-1.9712515980225824e-07
11,18,-1.58059083830876e-07
11,19,-1.293544297861958e-07
11,20,-1.1799745989738371e-07
11,21,-1.0813774501998766e-07
11,22,-1.1219690138743915e-07
11,23,-7.849825749867541e-08
11,24,-3.812979155384827e-08
11,25,-1.5672924543729838e-08
11,26,-4.331395168136016e-09
11,27,9.841599451181411e-10
11,28,2.9516482104554042e-09
11,29,3.177814275701919e-09
11,30,2.654677790848366e-09
11,31,1.9346499256528222e-09
11,32,1.2761357734350593e-09
11,33,7.681565236787999e-10
11,34,3.615849921523195e-10
11,35,9.979657566439423e-11
11,36,-1.1493869311168924e-11
11,37,-4.0324361438279386e-11
11,38,-3.173691728571006e-11
11,39,-1.1944109991319677e-11
11,40,6.9641810375013205e-12
11,41,2.07487215111775e-11
11,42,2.8967222418788267e-11
11,43,3.267606921266944e-11
11,44,3.3272322605092494e-11
11,45,3.1993161572255606e-11
11,46,2.932977772314066e-11
11,47,2.5875881216343053e-11
11,48,2.2394434750894905e-11
11,49,1.9128668353148703e-11
11,50,1.6220977776218637e-11
11,51,1.3668495243118394e-11
11,52,1.1458712147072212e-11
11,53,9.562968245695426e-12
11,54,7.950757864317376e-12
11,55,6.5943089117612096e-12
11,56,5.482333518815541e-12
11,57,4.609513783009242e-12
11,58,3.892917721573493e-12
11,59,3.3471361960579315e-12
11,60,2.9639703365501658e-12
11,61,2.660170670264656e-12
11,62,2.3936710014604637e-12
11,63,2.149016262966869e-12
11,64,1.9369124923576075e-12
11,65,1.7437843362790785e-12
11,66,1.5661827505914067e-12
11,67,1.4040661916979831e-12
11,68,1.2565212878583953e-12
11,69,1.1381155360767007e-12
11,70,1.0551809527551818e-12
11,71,1.0013273046775406e-12
11,72,9.53979973589081e-13
11,73,9.008972679564068e-13
11,74,8.362540779568754e-13
11,75,7.751909596446215e-13
11,76,7.138603168537584e-13
11,77,6.541697293218131e-13
11,78,5.93741001342007e-13
11,79,5.344397653906159e-13
11,80,4.837890995678252e-13
11,81,4.415521654753965e-13
11,82,4.087734128650597e-13
11,83,3.8339271527238735e-13
11,84,3.596524778676386e-13
11,85,3.250821723170039e-13
11,86,2.9299365875714615e-13
11,87,2.6412699224339e-13
11,88,2.337715891253529e-13
11,89,2.0001383783596767e-13
11,90,1.6131047554577193e-13
11,91,1.2786833755224707e-13
11,92,1.135695994125618e-13
11,93,1.1234829844309644e-13
11,94,1.1126315340372344e-13
11,95,1.0186830078749194e-13
11,96,9.125227896235044e-14
11,97,8.719833192787095e-14
11,98,7.821104664002064e-14
11,99,7.45156161427789e-14
11,100,6.82023022219528e-14
11,101,6.230680627525134e-14
11,102,7.030305410347547e-14
11,103,8.745923170628153e-14
11,104,1.0251433687215716e-13
11,105,1.1019989625143613e-13
11,106,1.2276129369886247e-13
11,107,1.348449190755007e-13
11,108,1.4585081836363746e-13
11,109,1.608358123484636e-13
11,110,1.767773147836306e-13
11,111,1.9307772649659207e-13
11,112,2.0914006388804276e-13
11,113,2.2606516696864525e-13
11,114,2.4240765576573213e-13
11,115,2.571566726068476e-13
11,116,2.741833439889551e-13
11,117,2.859312642003549e-13
11,118,3.009351651831994e-13
11,119,3.15861584817752e-13
11,120,3.2798652138215945e-13
11,121,3.356298837944642e-13
11,122,3.4597856473233276e-13
11,123,3.5171761642987907e-13
11,124,3.589765537385397e-13
11,125,3.6492610718604777e-13
11,126,3.7359407816038323e-13
11,127,3.7578672909419707e-13
12,0,7.358574797683745e-08
12,1,9.58808795269332e-08
12,2,1.3901325923131418e-07
12,3,1.943909756424333e-07
12,4,2.649399437948363e-07
12,5,3.514105852115671e-07
12,6,4.566844296643883e-07
12,7,5.575361856791715e-07
12,8,7.631168031019717e-07
12,9,1.0766251493793397e-06
12,10,1.5673696358151766e-06
12,11,2.426860961784945e-06
12,12,3.6106868828555076e-06
12,13,5.379424927016478e-06
12,14,7.966045710477861e-06
12,15,1.1087254498752986e-05
12,16,1.2962911468001908e-05
12,17,1.242183730104226e-05
12,18,1.1102235218418663e-05
12,19,1.020257586512526e-05
12,20,1.0619788692848168e-05
12,21,1.1352680341356213e-05
12,22,1.4741319452447285e-05
12,23,1.4450955686798616e-05
12,24,1.0808946732653072e-05
12,25,8.009526688182722e-06
12,26,6.031741401254559e-06
12,27,4.5186746322639735e-06
12,28,3.3171828164877683e-06
12,29,2.37577228281446e-06
12,30,1.6618860397880735e-06
12,31,1.1378305207099723e-06
12,32,7.635267004755372e-07
12,33,5.023830781362371e-07
12,34,2.934963239783102e-07
12,35,1.4477929427258898e-07
12,36,6.128430350885787e-08
12,37,1.6782105663635605e-08
12,38,-4.668452441439547e-09
12,39,-1.3659917164625601e-08
12,40,-1.6248204160346417e-08
12,41,-1.5785012216770395e-08
12,42,-1.405454713972674e-08
12,43,-1.195956099590827e-08
12,44,-9.924175000137611e-09
12,45,-8.121487247899321e-09
12,46,-6.4093825057346025e-09
12,47,-4.887340863731093e-09
12,48,-3.702171418750885e-09
12,49,-2.793690758093617e-09
12,50,-2.118895415933007e-09
12,51,-1.6170191059758604e-09
12,52,-1.241843260138205e-09
12,53,-9.596628390755901e-10
12,54,-7.464563597997075e-10
12,55,-5.849354116922136e-10
12,56,-4.621324857140463e-10
12,57,-3.6796572167061975e-10
12,58,-2.875369832410758e-10
12,59,-2.2020047582652845e-10
12,60,-1.6981124257004752e-10
12,61,-1.324522825982751e-10
12,62,-1.048221933175646e-10
12,63,-8.363705558418949e-11
12,64,-6.665823583786874e-11
12,65,-5.277342332928115e-11
12,66,-4.1637590649940535e-11
12,67,-3.2987149977304164e-11
12,68,-2.6098264087993307e-11
12,69,-1.9987159461228783e-11
12,70,-1.3432066578151945e-11
12,71,-6.575830655214586e-12
12,72,-8.376037269109475e-13
12,73,3.341150538221439e-12
12,74,6.397157732482525e-12
12,75,8.88693929039568e-12
12,76,1.0992428979300683e-11
12,77,1.2523792071123105e-11
12,78,1.3357663530700046e-11
12,79,1.3696630727948918e-11
12,80,1.3982736862832338e-11
12,81,1.460795951140285e-11
12,82,1.563291820631637e-11
12,83,1.6654326951860834e-11
12,84,1.711362252550108e-11
12,85,1.6958959681060895e-11
12,86,1.6499076349299733e-11
12,87,1.5926947778007558e-11
12,88,1.5090282760271715e-11
12,89,1.3570781020161774e-11
12,90,1.1324188184678386e-11
12,91,9.298517985565054e-12
12,92,8.70513572410515e-12
12,93,9.518131546975151e-12
12,94,9.997159575631587e-12
12,95,9.69059155740819e-12
12,96,9.152865408991972e-12
12,97,8.737215554682901e-12
12,98,8.479639794375379e-12
12,99,8.139091128601488e-12
12,100,7.489894437971904e-12
12,101,7.1671817679990135e-12
12,102,8.46116883891549e-12
12,103,1.1039660304784139e-11
12,104,1.3206800392060669e-11
12,105,1.4978174216436436e-11
12,106,1.6884895450672014e-11
12,107,1.9110973773616993e-11
12,108,2.1593313328999643e-11
12,109,2.4168233979243228e-11
12,110,2.7135358570166683e-11
12,111,3.032919862057011e-11
12,112,3.36447169189115e-11
12,113,3.719530844558485e-11
12,114,4.0626828935373236e-11
12,115,4.382679957219676e-11
12,116,4.698105512508275e-11
12,117,5.033335093215316e-11
12,118,5.3795185540961287e-11
12,119,5.6850173911163206e-11
12,120,5.935027674848482e-11
12,121,6.183616952753457e-11
12,122,6.397140624336614e-11
12,123,6.595576646403392e-11
12,124,6.768878840140098e-11
12,125,6.908245342771373e-11
12,126,7.052571466915552e-11
12,127,7.159676844753033e-11
13,0,2.8869285274709274e-07
13,1,3.793711193757282e-07
13,2,5.516178668564418e-07
13,3,7.740748458825476e-07
13,4,1.0594294713742173e-06
13,5,1.4120485945557664e-06
13,6,1.8451646127528703e-06
13,7,2.2667925122777057e-06
13,8,3.130331631942663e-06
13,9,4.471082801329688e-06
13,10,6.611168469517677e-06
13,11,1.0434385037959955e-05
13,12,1.5857976330522374e-05
13,13,2.418126486410199e-05
13,14,3.6718741857858215e-05
13,15,5.249847754515729e-05
13,16,6.315834593544905e-05
13,17,6.237097855757974e-05
13,18,5.752952820455046e-05
13,19,5.464319822077305e-05
13,20,5.899826780983191e-05
13,21,6.571989129639902e-05
13,22,9.028523279273513e-05
13,23,9.548598365168175e-05
13,24,7.756567252577683e-05
13,25,6.272070617145712e-05
13,26,5.173787594204327e-05
13,27,4.260034759622846e-05
13,28,3.448986423757123e-05
13,29,2.734554220342006e-05
13,30,2.1271711989643455e-05
13,31,1.6289099482134413e-05
13,32,1.2320269971574651e-05
13,33,9.23721183331248e-06
13,34,6.4221892428044906e-06
13,35,4.097994714151178e-06
13,36,2.532914123053017e-06
13,37,1.4988121255034808e-06
13,38,8.442164888480107e-07
13,39,4.3871710034069064e-07
13,40,1.9349596261843686e-07
13,41,4.9436265064717455e-08
13,42,-3.1927100005398655e-08
13,43,-7.51402805314294e-08
13,44,-9.561688200232481e-08
13,45,-1.0290721973720721e-07
13,46,-1.0212795280183865e-07
13,47,-9.596238367728054e-08
13,48,-8.73210357723313e-08
13,49,-7.797496588577582e-08
13,50,-6.899018551318086e-08
13,51,-6.069197973460137e-08
13,52,-5.317281420183374e-08
13,53,-4.644598300633153e-08
13,54,-4.0511608239124806e-08
13,55,-3.5369733455223315e-08
13,56,-3.1011397931432154e-08
13,57,-2.7403168167437027e-08
13,58,-2.417309005687579e-08
13,59,-2.142102916393369e-08
13,60,-1.9333832734611507e-08
13,61,-1.7712003763320484e-08
13,62,-1.6389411048773614e-08
13,63,-1.5232894823002316e-08
13,64,-1.4168442615611749e-08
13,65,-1.316950248723262e-08
13,66,-1.2241438048127998e-08
13,67,-1.140663648601649e-08
13,68,-1.0680608030271602e-08
13,69,-1.0081629628081357e-08
13,70,-9.576179973483518e-09
13,71,-9.160419122784942e-09
13,72,-8.824341465001517e-09
13,73,-8.50395845809683e-09
13,74,-8.154353259380523e-09
13,75,-7.760316393987029e-09
13,76,-7.328516278744857e-09
13,77,-6.875728947724305e-09
13,78,-6.423743918165757e-09
13,79,-5.9952476627688865e-09
13,80,-5.593693789681234e-09
13,81,-5.236910613240013e-09
13,82,-4.924557012952207e-09
13,83,-4.638099870160151e-09
13,84,-4.362234669454994e-09
13,85,-4.073974654632038e-09
13,86,-3.762706934375946e-09
13,87,-3.424785742599327e-09
13,88,-3.06088924350059e-09
13,89,-2.6861527424055807e-09
13,90,-2.337577843107995e-09
13,91,-2.0532153401878204e-09
13,92,-1.831363619406185e-09
13,93,-1.6897086303097823e-09
13,94,-1.6078655323337039e-09
13,95,-1.5252939684616768e-09
13,96,-1.4254469040106986e-09
13,97,-1.3221262271583935e-09
13,98,-1.2233772856599859e-09
13,99,-1.1327114170037163e-09
13,100,-1.0720168775048121e-09
13,101,-1.072256186638803e-09
13,102,-1.1565084364413427e-09
13,103,-1.3258794890268979e-09
13,104,-1.5226737673196252e-09
13,105,-1.7068609603519695e-09
13,106,-1.886959349005294e-09
13,107,-2.0804728328581306e-09
13,108,-2.2919324848359227e-09
13,109,-2.5206817046088222e-09
13,110,-2.7681573577267707e-09
13,111,-3.0325823395711105e-09
13,112,-3.3079067939223312e-09
13,113,-3.58648962647532e-09
13,114,-3.854701226809654e-09
13,115,-4.109355166063445e-09
13,116,-4.358755461186965e-09
13,117,-4.610661616342902e-09
13,118,-4.856852047284064e-09
13,119,-5.078804418631317e-09
13,120,-5.269760356064457e-09
13,121,-5.437728696240362e-09
13,122,-5.589621794148596e-09
13,123,-5.7251010039727706e-09
13,124,-5.84445128369178e-09
13,125,-5.9515080450598e-09
13,126,-6.045617437276723e-09
13,127,-6.106362568187326e-09
14,0,5.763753065923713e-07
14,1,7.66260694781768e-07
14,2,1.117820551553415e-06
14,3,1.573878139767098e-06
14,4,2.1620474434063955e-06
14,5,2.893608818686032e-06
14,6,3.7985300354756966e-06
14,7,4.690987249459959e-06
14,8,6.525129629015974e-06
14,9,9.413535707766842e-06
14,10,1.4095126422924585e-05
14,11,2.2589979653026385e-05
14,12,3.4921291027713227e-05
14,13,5.424748112271294e-05
14,14,8.404194706901539e-05
14,15,0.00012277520373533762
14,16,0.00015114984653516586
14,17,0.00015297040929341014
14,18,0.000144793070431035
14,19,0.00014132568630868532
14,20,0.00015726493005623694
14,21,0.0001812263949174886
14,22,0.00026073861293169183
14,23,0.00029332495162178135
14,24,0.00025483069575197784
14,25,0.00022126372179418635
14,26,0.00019663915609707754
14,27,0.0001749859310752766
14,28,0.00015361860202989578
14,29,0.0001325575968385044
14,30,0.0001127064267390915
14,31,9.481610287923845e-05
14,32,7.926834851297194e-05
14,33,6.618164386227579e-05
14,34,5.2854197187241246e-05
14,35,4.0546410580653204e-05
14,36,3.1110825645729e-05
14,37,2.388943482043567e-05
14,38,1.8496560074064655e-05
14,39,1.4464311245583877e-05
14,40,1.1433231912057546e-05
14,41,9.133283481140321e-06
14,42,7.366788851726973e-06
14,43,5.991609767947687e-06
14,44,4.907096801028852e-06
14,45,4.0422631472050765e-06
14,46,3.2591244572674345e-06
14,47,2.5680653650801713e-06
14,48,2.017934785404174e-06
14,49,1.57855241917843e-06
14,50,1.2360998448401745e-06
14,51,9.69443407282793e-07
14,52,7.623924469157244e-07
14,53,6.020391663216413e-07
14,54,4.778977300487915e-07
14,55,3.8140750374563116e-07
14,56,3.0567390799205054e-07
14,57,2.453090285955401e-07
14,58,1.9125056107871122e-07
14,59,1.4320601986246714e-07
14,60,1.043875811302391e-07
14,61,7.31956000252335e-08
14,62,4.878447418990327e-08
14,63,3.0047159994589526e-08
14,64,1.5899983098054875e-08
14,65,5.327490734521041e-09
14,66,-2.6196826951935643e-09
14,67,-8.890274203496749e-09
14,68,-1.4503942720948493e-08
14,69,-2.0267993120191154e-08
14,70,-2.7090065896601885e-08
14,71,-3.491350043380932e-08
14,72,-4.2436786842544906e-08
14,73,-4.8814032316220335e-08
14,74,-5.3651357799714834e-08
14,75,-5.7001786037932995e-08
14,76,-5.907488705481453e-08
14,77,-6.006835750779108e-08
14,78,-6.025339226213435e-08
14,79,-6.007809733923986e-08
14,80,-6.010375529994105e-08
14,81,-6.082083026969457e-08
14,82,-6.228726065737258e-08
14,83,-6.395876386587378e-08
14,84,-6.49989332556522e-08
14,85,-6.499146869008589e-08
14,86,-6.391501507633866e-08
14,87,-6.173943495858148e-08
14,88,-5.821975072721534e-08
14,89,-5.331100652588293e-08
14,90,-4.7839266008046047e-08
14,91,-4.337147151087507e-08
14,92,-4.106876234245349e-08
14,93,-4.133539140880323e-08
14,94,-4.2235148126292554e-08
14,95,-4.194006235849637e-08
14,96,-4.0569360404697704e-08
14,97,-3.892716281278024e-08
14,98,-3.721258258170008e-08
14,99,-3.515887409586149e-08
14,100,-3.3197911312418605e-08
14,101,-3.298497636609319e-08
14,102,-3.654551117540398e-08
14,103,-4.3857112583717426e-08
14,104,-5.161874206232631e-08
14,105,-5.856422193153982e-08
14,106,-6.565043141486378e-08
14,107,-7.370617939929559e-08
14,108,-8.277530133929651e-08
14,109,-9.275975239292557e-08
14,110,-1.0416388744695982e-07
14,111,-1.1688725213667822e-07
14,112,-1.3068229752385224e-07
14,113,-1.4536140686624185e-07
14,114,-1.598305495939719e-07
14,115,-1.7376828390687084e-07
14,116,-1.8767489743256145e-07
14,117,-2.021170344480695e-07
14,118,-2.1673636411690086e-07
14,119,-2.301715788121167e-07
14,120,-2.421843008738955e-07
14,121,-2.5351188826782347e-07
14,122,-2.6364292124442216e-07
14,123,-2.7271641520604647e-07
14,124,-2.805987496787161e-07
14,125,-2.873416137734165e-07
14,126,-2.9345704595652536e-07
14,127,-2.97612112303931e-07
15,0,7.548606277655618e-07
15,1,1.0179643724702295e-06
15,2,1.4902885485604024e-06
15,3,2.1048010757860673e-06
15,4,2.900386317370099e-06
15,5,3.894671093665227e-06
15,6,5.1309359895395035e-06
15,7,6.362387212864053e-06
15,8,8.89823361258827e-06
15,9,1.2933216842931487e-05
15,10,1.9545529363161375e-05
15,11,3.167803524475532e-05
15,12,4.9583652496742926e-05
15,13,7.807391286276809e-05
15,14,0.00012273676395153961
15,15,0.00018215692941995213
15,16,0.00022811624957332275
15,17,0.0002351406542525284
15,18,0.00022694929603675557
15,19,0.0002261098387503181
15,20,0.0002573662237445318
15,21,0.0003041799602249753
15,22,0.00045275460843299575
15,23,0.0005327533558739136
15,24,0.00048600492690712284
15,25,0.0004443455480521879
15,26,0.000416731920999567
15,27,0.0003921278812776072
15,28,0.0003647282441680895
15,29,0.0003341486198161282
15,30,0.00030231709690948
15,31,0.00027127026820638895
15,32,0.0002424891683425565
15,33,0.00021701320473670307
15,34,0.00018874399093215516
15,35,0.00016064707867432783
15,36,0.00013734962321696226
15,37,0.0001178347411362095
15,38,0.000101781730702303
15,39,8.847685452276273e-05
15,40,7.733857748315423e-05
15,41,6.790343677042877e-05
15,42,5.981772684366188e-05
15,43,5.2819616908912514e-05
15,44,4.6723609024773524e-05
15,45,4.140197923592602e-05
15,46,3.610523825378475e-05
15,47,3.099805822225015e-05
15,48,2.656466426571414e-05
15,49,2.2722840781190337e-05
15,50,1.948436892545629e-05
15,51,1.676017968126411e-05
15,52,1.4474019458522573e-05
15,53,1.2559253945979074e-05
15,54,1.0958524652248316e-05
15,55,9.622937081694e-06
15,56,8.51134095270178e-06
15,57,7.589398129209772e-06
15,58,6.744982963737181e-06
15,59,5.995297347698863e-06
15,60,5.39897587030414e-06
15,61,4.92432894762004e-06
15,62,4.547276607357372e-06
15,63,4.242463598313889e-06
15,64,3.990393512796337e-06
15,65,3.777872036169666e-06
15,66,3.5970611555646356e-06
15,67,3.4432484410461156e-06
15,68,3.310955773547531e-06
15,69,3.197304388393734e-06
15,70,3.092022237960005e-06
15,71,2.9953121693572424e-06
15,72,2.9127264920765176e-06
15,73,2.8390139921910785e-06
15,74,2.7676696276003793e-06
15,75,2.6931246829424542e-06
15,76,2.6132856003509223e-06
15,77,2.529691293263076e-06
15,78,2.4457642292909297e-06
15,79,2.3641976231480102e-06
15,80,2.2825209490091817e-06
15,81,2.200851431738112e-06
15,82,2.1186926365854235e-06
15,83,2.036346834471825e-06
15,84,1.95600220490438e-06
15,85,1.8734064580002794e-06
15,86,1.7834743916693275e-06
15,87,1.6846922408585439e-06
15,88,1.5820948012447175e-06
15,89,1.4842161208462051e-06
15,90,1.3966948031128991e-06
15,91,1.3181081371998156e-06
15,92,1.2359310000084971e-06
15,93,1.1537728310809313e-06
15,94,1.0880178028999903e-06
15,95,1.0369714018471167e-06
15,96,9.898295103291243e-07
15,97,9.3903338935746e-07
15,98,8.872444012929584e-07
15,99,8.449231561211206e-07
15,100,8.208645505822262e-07
15,101,8.130032898148895e-07
15,102,8.141865690855297e-07
15,103,8.287711758023499e-07
15,104,8.651206875360304e-07
15,105,9.161110331623901e-07
15,106,9.701235074168038e-07
15,107,1.0255669909479998e-06
15,108,1.0874456379791447e-06
15,109,1.1571690430510788e-06
15,110,1.2352531137053132e-06
15,111,1.321110007842398e-06
15,112,1.4131754170340117e-06
15,113,1.5078049608104949e-06
15,114,1.602100983121216e-06
15,115,1.6968392671999424e-06
15,116,1.7901466981951964e-06
15,117,1.8788732241680958e-06
15,118,1.962343513166774e-06
15,119,2.0426594148244632e-06
15,120,2.1178933612083206e-06
15,121,2.184070798553809e-06
15,122,2.2426212825404276e-06
15,123,2.2941816437615796e-06
15,124,2.340290062743271e-06
15,125,2.3816115855295715e-06
15,126,2.4102729635813004e-06
15,127,2.4229946469930434e-06
16,0,7.222883918887346e-07
16,1,9.90703177200012e-07
16,2,1.4560104193751303e-06
16,3,2.0622705993539254e-06
16,4,2.848994601820666e-06
16,5,3.835213179766187e-06
16,6,5.0654645506282625e-06
16,7,6.299571197331446e-06
16,8,8.841841494545178e-06
16,9,1.2913563980581728e-05
16,10,1.9630411349653572e-05
16,11,3.2035604246038697e-05
16,12,5.0528577793808744e-05
16,13,8.022100191207548e-05
16,14,0.00012723705288128888
16,15,0.0001906635911391963
16,16,0.00024130702401612395
16,17,0.0002516238943887239
16,18,0.00024585802662516985
16,19,0.0002481127328354933
16,20,0.0002863407496474497
16,21,0.00034362602806256267
16,22,0.0005216132953388671
16,23,0.0006296497426626218
16,24,0.0005905347334286338
16,25,0.0005557917133276361
16,26,0.0005369923455567847
16,27,0.0005208427816419794
16,28,0.000499641380451657
16,29,0.00047240352477953903
16,30,0.0004414074587852945
16,31,0.00040939634839896617
16,32,0.0003786082289924326
16,33,0.0003508712834085955
16,34,0.00031842715206776564
16,35,0.000285209340699346
16,36,0.00025696781420965996
16,37,0.0002324384197639985
16,38,0.0002113992226649343
16,39,0.00019307992795883057
16,40,0.00017686308690267985
16,41,0.00016227078504557602
16,42,0.00014896498706107078
16,43,0.00013672778012426804
16,44,0.00012544671184284067
16,45,0.00011509171081821393
16,46,0.0001042020693893138
16,47,9.317526259821085e-05
16,48,8.314821519702464e-05
16,49,7.407216499965823e-05
16,50,6.610196229864632e-05
16,51,5.9128642027679536e-05
16,52,5.3050307982403695e-05
16,53,4.777265741778148e-05
16,54,4.32147225599579e-05
16,55,3.930929065112287e-05
16,56,3.600110385140347e-05
16,57,3.3243672221059334e-05
16,58,3.073492567406961e-05
16,59,2.8567803879426336e-05
16,60,2.6927575413339943e-05
16,61,2.5700466504053934e-05
16,62,2.478452891385737e-05
16,63,2.407678175010787e-05
16,64,2.3502785702262003e-05
16,65,2.3021878592314843e-05
16,66,2.2623949935964576e-05
16,67,2.2318292527163417e-05
16,68,2.2117169469609825e-05
16,69,2.203624734128572e-05
16,70,2.2078993762342498e-05
16,71,2.22511990041697e-05
16,72,2.250862708808374e-05
16,73,2.2786027482635547e-05
16,74,2.302059819232004e-05
16,75,2.3168969082341777e-05
16,76,2.3219025254977606e-05
16,77,2.3187484441907836e-05
16,78,2.311092019855641e-05
16,79,2.3030175938888537e-05
16,80,2.2976734349501497e-05
16,81,2.297448309665381e-05
16,82,2.3026226823286888e-05
16,83,2.3109171521965564e-05
16,84,2.3168709374199575e-05
16,85,2.3142416442476335e-05
16,86,2.2975907588897126e-05
16,87,2.2642003336918684e-05
16,88,2.216102696587091e-05
16,89,2.159816313027591e-05
16,90,2.1045977811583397e-05
16,91,2.0582493972934707e-05
16,92,2.0223840830037306e-05
16,93,2.0018598907862415e-05
16,94,1.9943951311568798e-05
16,95,1.9880081194838758e-05
16,96,1.973594508879543e-05
16,97,1.9490272135206918e-05
16,98,1.917524394580944e-05
16,99,1.8866813539370366e-05
16,100,1.867984122146987e-05
16,101,1.872223458999867e-05
16,102,1.9098714349845338e-05
16,103,1.9857386492966845e-05
16,104,2.0828725801328406e-05
16,105,2.185736832426443e-05
16,106,2.291954987228288e-05
16,107,2.408199814809677e-05
16,108,2.540892429737338e-05
16,109,2.69058157055352e-05
16,110,2.8627870121012e-05
16,111,3.056586163533024e-05
16,112,3.268570693368347e-05
16,113,3.4933009014787004e-05
16,114,3.71782202797393e-05
16,115,3.941071244617286e-05
16,116,4.166054071552919e-05
16,117,4.39405638829503e-05
16,118,4.620491435082073e-05
16,119,4.835026453370479e-05
16,120,5.033691240924995e-05
16,121,5.217392886532509e-05
16,122,5.380263673065752e-05
16,123,5.524978721045292e-05
16,124,5.6526345213719034e-05
16,125,5.7643268013660165e-05
16,126,5.855936499667378e-05
16,127,5.910746321465609e-05
17,0,5.400285983827396e-07
17,1,7.554115989670237e-07
17,2,1.1149203523884451e-06
17,3,1.5833190463554138e-06
17,4,2.1915995567579725e-06
17,5,2.9550977124625097e-06
17,6,3.908763086747322e-06
17,7,4.869301018052048e-06
17,8,6.84522145513975e-06
17,9,1.0017975743328474e-05
17,10,1.5262205171092288e-05
17,11,2.4963050621565175e-05
17,12,3.94699668943137e-05
17,13,6.281920750960552e-05
17,14,9.988979031292087e-05
17,15,0.00015009732322194378
17,16,0.00019057509642967467
17,17,0.00019945221832609982
17,18,0.00019562639549149016
17,19,0.0001981466962677073
17,20,0.00022942252149973406
17,21,0.00027618247768303867
17,22,0.0004201972933041409
17,23,0.000508245121064683
17,24,0.00047752930010908166
17,25,0.00044977295677591016
17,26,0.0004342082278735903
17,27,0.000420072572841091
17,28,0.0004012650343249568
17,29,0.0003772434426569522
17,30,0.000350147826140445
17,31,0.000322464213971942
17,32,0.00029620251775667794
17,33,0.0002729595480504548
17,34,0.00024669236189363145
17,35,0.00022094363344082155
17,36,0.00020035962376344869
17,37,0.0001836830747427889
17,38,0.00017034206910022517
17,39,0.00015936113039275677
17,40,0.0001499504078998277
17,41,0.0001415180970490633
17,42,0.000133673158246622
17,43,0.00012619812851473428
17,44,0.00011902111140720785
17,45,0.00011218145356712777
17,46,0.00010464504701781214
17,47,9.672988475719543e-05
17,48,8.930503749239447e-05
17,49,8.238802259943285e-05
17,50,7.614292969880364e-05
17,51,7.051373254515615e-05
17,52,6.54473205614364e-05
17,53,6.090487633003154e-05
17,54,5.687327196065147e-05
17,55,5.336369076145923e-05
17,56,5.04027273508508e-05
17,57,4.802075443164442e-05
17,58,4.6015468996910216e-05
17,59,4.4552792731593927e-05
17,60,4.37769861578389e-05
17,61,4.3514750306789854e-05
17,62,4.3573430855488193e-05
17,63,4.37727645185635e-05
17,64,4.399375022900572e-05
17,65,4.41970880420487e-05
17,66,4.441879447464161e-05
17,67,4.474447534954143e-05
17,68,4.5280230805526364e-05
17,69,4.611912775126989e-05
17,70,4.738963209351334e-05
17,71,4.912798441897167e-05
17,72,5.1114592185544036e-05
17,73,5.315076486377663e-05
17,74,5.504987248713773e-05
17,75,5.668830521117604e-05
17,76,5.803510765960414e-05
17,77,5.914479678834012e-05
17,78,6.013570172323367e-05
17,79,6.115073312886275e-05
17,80,6.23728986665289e-05
17,81,6.390932264745904e-05
17,82,6.579716016526714e-05
17,83,6.795755213405808e-05
17,84,7.011381721669283e-05
17,85,7.204776354278023e-05
17,86,7.357128061265722e-05
17,87,7.456226579501971e-05
17,88,7.50257902166802e-05
17,89,7.51228385377853e-05
17,90,7.516580540866175e-05
17,91,7.548980406102403e-05
17,92,7.647070491355533e-05
17,93,7.826904781222847e-05
17,94,8.042468253691245e-05
17,95,8.244650674849826e-05
17,96,8.407621653187342e-05
17,97,8.531761961193505e-05
17,98,8.624792287706623e-05
17,99,8.700920995265672e-05
17,100,8.794045699260791e-05
17,101,8.951597733658986e-05
17,102,9.239896205217987e-05
17,103,9.669074239723864e-05
17,104,0.00010138633751407915
17,105,0.00010594752764966407
17,106,0.00011053788300681304
17,107,0.00011555375984494176
17,108,0.00012120337830498155
17,109,0.00012741625005603896
17,110,0.00013438714678055288
17,111,0.00014204359251246982
17,112,0.0001502395199657753
17,113,0.00015880451364934294
17,114,0.0001672522181475784
17,115,0.00017561362458568203
17,116,0.00018412165899657558
17,117,0.00019288454920107344
17,118,0.00020163792092513762
17,119,0.00020982835749072044
17,120,0.0002172727042476729
17,121,0.00022409593754402484
17,122,0.00023008364863359707
17,123,0.00023542402605593028
17,124,0.00024018206469072367
17,125,0.0002443925394089762
17,126,0.0002479663800828504
17,127,0.0002501874246860171
18,0,3.309733739452897e-07
18,1,4.7336304608721494e-07
18,2,7.018568204315123e-07
18,3,9.990854277082996e-07
18,4,1.3847027547589736e-06
18,5,1.8683789125770009e-06
18,6,2.4719852259909967e-06
18,7,3.0803859778112056e-06
18,8,4.327521548845811e-06
18,9,6.326053734342989e-06
18,10,9.618004316661554e-06
18,11,1.5681233962483296e-05
18,12,2.4701543540546616e-05
18,13,3.913660485727774e-05
18,14,6.190237379479247e-05
18,15,9.246332859797995e-05
18,16,0.0001166462563719795
18,17,0.00012123149296166023
18,18,0.00011795864990012944
18,19,0.00011834549483195265
18,20,0.00013533336325416645
18,21,0.00016041124463497147
18,22,0.00023791288387689844
18,23,0.00027698417220505195
18,24,0.0002483314212370771
18,25,0.00022056906530341748
18,26,0.00019769864902519955
18,27,0.0001740020468050936
18,28,0.00014720776669818842
18,29,0.00011818012043250285
18,30,8.890785469068321e-05
18,31,6.118849230370248e-05
18,32,3.623387373545329e-05
18,33,1.4668803474686877e-05
18,34,-6.325536601614875e-06
18,35,-2.435020602022578e-05
18,36,-3.615212065094921e-05
18,37,-4.254174694482088e-05
18,38,-4.457695509083901e-05
18,39,-4.353339032739374e-05
18,40,-4.05218242650209e-05
18,41,-3.641324973737996e-05
18,42,-3.1829245617368346e-05
18,43,-2.7170148959530524e-05
18,44,-2.2664988811157017e-05
18,45,-1.8423543242361505e-05
18,46,-1.3942100056440873e-05
18,47,-9.33829629162887e-06
18,48,-5.056358652220484e-06
18,49,-1.1086662203039088e-06
18,50,2.3760395296970945e-06
18,51,5.359028415650887e-06
18,52,7.820486368970704e-06
18,53,9.785424814622599e-06
18,54,1.133371523155403e-05
18,55,1.259195119212526e-05
18,56,1.3711473196930764e-05
18,57,1.4841072092726793e-05
18,58,1.6234533075009723e-05
18,59,1.8020975982223228e-05
18,60,2.0069490219475385e-05
18,61,2.2243672355973472e-05
18,62,2.432999743029961e-05
18,63,2.6147700320808132e-05
18,64,2.7595594048768428e-05
18,65,2.8685646161250876e-05
18,66,2.953994229906123e-05
18,67,3.035409186903787e-05
18,68,3.13554977359464e-05
18,69,3.2735667861585667e-05
18,70,3.474714263599515e-05
18,71,3.74635048549769e-05
18,72,4.05483886887132e-05
18,73,4.3694962546588474e-05
18,74,4.661502165727555e-05
18,75,4.9123811447505425e-05
18,76,5.118252139508247e-05
18,77,5.288921962056535e-05
18,78,5.444588687324855e-05
18,79,5.6102477240907884e-05
18,80,5.81878143243943e-05
18,81,6.0911770253619906e-05
18,82,6.436958381848675e-05
18,83,6.844465618807092e-05
18,84,7.26707587574628e-05
18,85,7.670017236987042e-05
18,86,8.022960097968868e-05
18,87,8.302623699627101e-05
18,88,8.501884942953912e-05
18,89,8.640249896541593e-05
18,90,8.768541632555835e-05
18,91,8.949437144657213e-05
18,92,9.269966794750929e-05
18,93,9.756085519028681e-05
18,94,0.00010296938925037962
18,95,0.00010801501842978134
18,96,0.0001123757556834801
18,97,0.00011619393685790034
18,98,0.00011954439794557988
18,99,0.0001224460412089726
18,100,0.00012531494588126918
18,101,0.00012901436187280732
18,102,0.00013488696315042456
18,103,0.00014293400410046302
18,104,0.0001510043922221676
18,105,0.0001582376969055367
18,106,0.00016531467045853386
18,107,0.00017314925365265383
18,108,0.00018199326984866704
18,109,0.00019154881861321223
18,110,0.00020199536389754334
18,111,0.00021316732567471387
18,112,0.00022483207869062916
18,113,0.00023675718490927364
18,114,0.0002482426886447419
18,115,0.0002594708476623616
18,116,0.0002710648370555745
18,117,0.00028333100062052804
18,118,0.0002956706500528612
18,119,0.0003069406460784702
18,120,0.00031680598171389434
18,121,0.00032563510907581317
18,122,0.0003332782848393795
18,123,0.0003401527871976564
18,124,0.0003463974602987284
18,125,0.00035207176627074366
18,126,0.0003571502134990462
18,127,0.0003604706628627966
19,0,1.7608432830959494e-07
19,1,2.580660036837435e-07
19,2,3.8452568749192835e-07
19,3,5.484984640917806e-07
19,4,7.606267021542598e-07
19,5,1.0259226662550188e-06
19,6,1.3558780028501355e-06
19,7,1.687433738120941e-06
19,8,2.36297463702996e-06
19,9,3.437493319831339e-06
19,10,5.189514776628437e-06
19,11,8.378379683436203e-06
19,12,1.304632490989925e-05
19,13,2.038910467251003e-05
19,14,3.1736149182929453e-05
19,15,4.6533919131942055e-05
19,16,5.7475124424546866e-05
19,17,5.829617189291319e-05
19,18,5.511339468121732e-05
19,19,5.341240665921192e-05
19,20,5.839388014664267e-05
19,21,6.5284700820709e-05
19,22,8.764375342772284e-05
19,23,8.575354335803928e-05
19,24,5.803645173778529e-05
19,25,2.947907375233604e-05
19,26,-2.1568725832723646e-07
19,27,-3.2569219851992723e-05
19,28,-6.667166754098883e-05
19,29,-0.00010051578486579332
19,30,-0.0001322867675253718
19,31,-0.00016081246958764387
19,32,-0.00018559194878388688
19,33,-0.0002068582702492928
19,34,-0.00022487722623877143
19,35,-0.0002383013244639105
19,36,-0.00024480317880822976
19,37,-0.0002446474102640382
19,38,-0.0002391224892144671
19,39,-0.00022963342678892568
19,40,-0.00021748327748091366
19,41,-0.00020374537374273752
19,42,-0.00018924386464791315
19,43,-0.00017457373789664483
19,44,-0.0001601610791584117
19,45,-0.0001463249261491856
19,46,-0.000131220771789931
19,47,-0.0001154121926836403
19,48,-0.00010059092886330627
19,49,-8.685596002081117e-05
19,50,-7.464596860132264e-05
19,51,-6.40055549448208e-05
19,52,-5.4936323687842274e-05
19,53,-4.7364714803378295e-05
19,54,-4.113849893632386e-05
19,55,-3.6042137166282996e-05
19,56,-3.1828830300597225e-05
19,57,-2.8260750637455338e-05
19,58,-2.477181553337726e-05
19,59,-2.1308763178497933e-05
19,60,-1.8141601631465263e-05
19,61,-1.531122176412144e-05
19,62,-1.297081499263165e-05
19,63,-1.1245384986211139e-05
19,64,-1.0188975198567229e-05
19,65,-9.74316481470282e-06
19,66,-9.736751789389444e-06
19,67,-9.922755783523633e-06
19,68,-1.003743351147477e-05
19,69,-9.854378743217347e-06
19,70,-9.166456873460478e-06
19,71,-7.89956059497384e-06
19,72,-6.297998828874714e-06
19,73,-4.68362076044771e-06
19,74,-3.3588495664014957e-06
19,75,-2.5115867025100575e-06
19,76,-2.176047103248389e-06
19,77,-2.2407822987021096e-06
19,78,-2.4852624724235995e-06
19,79,-2.635061621012825e-06
19,80,-2.4090104010206046e-06
19,81,-1.5726407926755913e-06
19,82,-2.0828124120715704e-08
19,83,2.125322566618215e-06
19,84,4.48684039426853e-06
19,85,6.736855785779562e-06
19,86,8.588589995581794e-06
19,87,9.78405950703567e-06
19,88,1.0173071984594633e-05
19,89,9.89569683550914e-06
19,90,9.483331166648179e-06
19,91,9.667444823584097e-06
19,92,1.1227009800041439e-05
19,93,1.4392860832016806e-05
19,94,1.800475308856709e-05
19,95,2.1012353671167857e-05
19,96,2.325018074672255e-05
19,97,2.50731559769955e-05
19,98,2.6527097355904014e-05
19,99,2.7387673384702088e-05
19,100,2.792898037730499e-05
19,101,2.914335345612098e-05
19,102,3.2279717129487047e-05
19,103,3.7148357371828626e-05
19,104,4.138538973343719e-05
19,105,4.406948332550431e-05
19,106,4.630976368962237e-05
19,107,4.929572322187568e-05
19,108,5.312588774493199e-05
19,109,5.7359861910234507e-05
19,110,6.191130796790436e-05
19,111,6.669637395570493e-05
19,112,7.162045802567003e-05
19,113,7.648448196549553e-05
19,114,8.078678546535169e-05
19,115,8.471674582791079e-05
19,116,8.913541260791289e-05
19,117,9.456429569176197e-05
19,118,0.00010032275542588769
19,119,0.00010517269520837697
19,120,0.00010886996210279468
19,121,0.00011194261756796958
19,122,0.00011455192135252178
19,123,0.00011700616447763377
19,124,0.0001193920971478209
19,125,0.00012181013898925924
19,126,0.00012449665015084203
19,127,0.00012658113423056618
20,0,9.112906819892222e-08
20,1,1.3703823669057325e-07
20,2,2.052758958416519e-07
20,3,2.9341342378425437e-07
20,4,4.070097744679707e-07
20,5,5.48510298794781e-07
20,6,7.236758137460349e-07
20,7,8.9881954123401e-07
20,8,1.2529491677307271e-06
20,9,1.8102720524483446e-06
20,10,2.70597213352654e-06
20,11,4.308655169653835e-06
20,12,6.598143013503235e-06
20,13,1.0104528156457063e-05
20,14,1.5346015710455836e-05
20,15,2.184302014746753e-05
20,16,2.602450025912036e-05
20,17,2.5245586524739692e-05
20,18,2.2543630547444686e-05
20,19,2.0257795538071277e-05
20,20,1.9820811508009164e-05
20,21,1.861622461058743e-05
20,22,1.6373538519267987e-05
20,23,-7.560245532496204e-07
20,24,-2.365597063256545e-05
20,25,-4.792483334972106e-05
20,26,-7.540619139409563e-05
20,27,-0.00010574299970927225
20,28,-0.00013693223766685035
20,29,-0.00016683492243317616
20,30,-0.00019398175080869822
20,31,-0.0002176178630337704
20,32,-0.0002375848752795083
20,33,-0.00025439433637792016
20,34,-0.00026705449494028377
20,35,-0.0002747488463357099
20,36,-0.0002760552082765986
20,37,-0.0002710278039092965
20,38,-0.00026092905089019356
20,39,-0.00024705992121455456
20,40,-0.00023066391869929997
20,41,-0.00021279530198105358
20,42,-0.00019429436102905617
20,43,-0.00017579684881551292
20,44,-0.00015778218036852746
20,45,-0.00014062270906164124
20,46,-0.00012217127296845575
20,47,-0.00010319262440133447
20,48,-8.580554905311485e-05
20,49,-7.016519281727952e-05
20,50,-5.6753097825826145e-05
20,51,-4.5563879918170876e-05
20,52,-3.653053697050218e-05
20,53,-2.9503829764257004e-05
20,54,-2.4255892670105075e-05
20,55,-2.04995204414841e-05
20,56,-1.7920802955205636e-05
20,57,-1.6218032525238233e-05
20,58,-1.5022332606450961e-05
20,59,-1.4248880336871251e-05
20,60,-1.3874749518836092e-05
20,61,-1.3853050567276133e-05
20,62,-1.4233025182151942e-05
20,63,-1.5081844201709804e-05
20,64,-1.6423792727939036e-05
20,65,-1.8199937739904882e-05
20,66,-2.026313787479953e-05
20,67,-2.2406044195492547e-05
20,68,-2.4433886027341734e-05
20,69,-2.6161723016090817e-05
20,70,-2.753906768691284e-05
20,71,-2.8509076036075227e-05
20,72,-2.9144512312603077e-05
20,73,-2.9732584841303705e-05
20,74,-3.053872723401584e-05
20,75,-3.172690576424879e-05
20,76,-3.333409365696374e-05
20,77,-3.5278618453602156e-05
20,78,-3.7391087073658066e-05
20,79,-3.945662478178613e-05
20,80,-4.133446573723028e-05
20,81,-4.2843203750862275e-05
20,82,-4.391335110060773e-05
20,83,-4.464850570210916e-05
20,84,-4.522611285046441e-05
20,85,-4.585491450108619e-05
20,86,-4.6717611533778125e-05
20,87,-4.802160897778287e-05
20,88,-4.9952389840279245e-05
20,89,-5.246354809770778e-05
20,90,-5.514200834640713e-05
20,91,-5.735292194619079e-05
20,92,-5.8707099163366414e-05
20,93,-5.9076476892922404e-05
20,94,-5.925963866306639e-05
20,95,-6.01372305387654e-05
20,96,-6.163529813650903e-05
20,97,-6.324827406670755e-05
20,98,-6.495959724580705e-05
20,99,-6.718187258024845e-05
20,100,-6.985586731121779e-05
20,101,-7.21177086468761e-05
20,102,-7.317638055895762e-05
20,103,-7.330051679518409e-05
20,104,-7.43297511495963e-05
20,105,-7.701234578606566e-05
20,106,-8.015565710217791e-05
20,107,-8.267733536460193e-05
20,108,-8.469588197806124e-05
20,109,-8.66643462680105e-05
20,110,-8.884386628483083e-05
20,111,-9.115639217048412e-05
20,112,-9.348230172209289e-05
20,113,-9.59357592437541e-05
20,114,-9.87827397308763e-05
20,115,-0.0001020014507641678
20,116,-0.00010482903585326137
20,117,-0.00010669157901617976
20,118,-0.00010809385019872683
20,119,-0.0001099336965100946
20,120,-0.00011219531612612618
20,121,-0.0001143665009042776
20,122,-0.00011621354259051253
20,123,-0.0001177517643214833
20,124,-0.00011903758075840627
20,125,-0.00011997375893251702
20,126,-0.0001200923237495607
20,127,-0.00011967773115996703
21,0,5.230710506630158e-08
21,1,8.059908480964009e-08
21,2,1.214129561993095e-07
21,3,1.7403438988022313e-07
21,4,2.4175022898081284e-07
21,5,3.2597720165665596e-07
21,6,4.3005209814875217e-07
21,7,5.340954820860345e-07
21,8,7.433595205243934e-07
21,9,1.0712854616386973e-06
21,10,1.5947837905049094e-06
21,11,2.5236938510701075e-06
21,12,3.8358687426448185e-06
21,13,5.8196754258595e-06
21,14,8.736828244171342e-06
21,15,1.2259996288858495e-05
21,16,1.4351784292360147e-05
21,17,1.3608546602137485e-05
21,18,1.1774102341468643e-05
21,19,1.009536940022635e-05
21,20,9.106699475619089e-06
21,21,7.24324391481685e-06
21,22,2.6114374503129878e-06
21,23,-1.1182036398595185e-05
21,24,-2.6426917847527763e-05
21,25,-4.259367751279188e-05
21,26,-6.111124569821945e-05
21,27,-8.144272185728251e-05
21,28,-0.00010201245348457788
21,29,-0.00012128260678267785
21,30,-0.000138249374321137
21,31,-0.00015241958911704092
21,32,-0.00016370573883832027
21,33,-0.00017246504414073272
21,34,-0.00017736751458877233
21,35,-0.00017771795337894207
21,36,-0.00017308671725580773
21,37,-0.00016363277888847556
21,38,-0.00015046008773544108
21,39,-0.0001346256487533434
21,40,-0.00011713973142056511
21,41,-9.886943678788428e-05
21,42,-8.051507567752375e-05
21,43,-6.26118748429099e-05
21,44,-4.555275316426205e-05
21,45,-2.960726228411261e-05
21,46,-1.3084954235043428e-05
21,47,3.2931358885048084e-06
21,48,1.762826161425362e-05
21,49,2.9746525532363808e-05
21,50,3.9320833098945464e-05
21,51,4.6436987277773776e-05
21,52,5.1253234743659304e-05
21,53,5.399859356086673e-05
21,54,5.4964628799989194e-05
21,55,5.4486164130491065e-05
21,56,5.291598703626482e-05
21,57,5.0602049860517077e-05
21,58,4.743182826317395e-05
21,59,4.361361480625197e-05
21,60,3.966856894043725e-05
21,61,3.5700345012102946e-05
21,62,3.176741227651931e-05
21,63,2.785197538881712e-05
21,64,2.3947435293521673e-05
21,65,2.009096652195123e-05
21,66,1.6372555246162625e-05
21,67,1.2919817406477423e-05
21,68,9.825908963811205e-06
21,69,7.211134307362121e-06
21,70,5.012622863790202e-06
21,71,3.2889879327871854e-06
21,72,2.0474461271086826e-06
21,73,1.0321458743275561e-06
21,74,1.62291236012461e-08
21,75,-1.1470275078119265e-06
21,76,-2.5115459556935298e-06
21,77,-4.049903479915347e-06
21,78,-5.6723003602999e-06
21,79,-7.251782366435406e-06
21,80,-8.715019062838954e-06
21,81,-9.94992810916518e-06
21,82,-1.0925821278444467e-05
21,83,-1.1721602805650807e-05
21,84,-1.2431199460556406e-05
21,85,-1.3154416729652071e-05
21,86,-1.3974348775074157e-05
21,87,-1.5032820481024201e-05
21,88,-1.6505887667811535e-05
21,89,-1.8425457263385668e-05
21,90,-2.0530259803770184e-05
21,91,-2.235636225041217e-05
21,92,-2.3641068922118463e-05
21,93,-2.4335492583094275e-05
21,94,-2.5048624298701674e-05
21,95,-2.6377826347045155e-05
21,96,-2.809120660178608e-05
21,97,-2.966012852173163e-05
21,98,-3.108869925632193e-05
21,99,-3.285008732144958e-05
21,100,-3.5047225995652265e-05
21,101,-3.7041446921955004e-05
21,102,-3.820678921374715e-05
21,103,-3.875281332778135e-05
21,104,-4.008007194717001e-05
21,105,-4.2661258622061175e-05
21,106,-4.543684852207376e-05
21,107,-4.760745900323841e-05
21,108,-4.942399008787758e-05
21,109,-5.133503169911213e-05
21,110,-5.3527817070403494e-05
21,111,-5.5867068764759565e-05
21,112,-5.8154861826052335e-05
21,113,-6.040568877416608e-05
21,114,-6.285936375387224e-05
21,115,-6.562757479786881e-05
21,116,-6.821024006987006e-05
21,117,-7.016672492906287e-05
21,118,-7.182867634836726e-05
21,119,-7.376027818458963e-05
21,120,-7.577628712360233e-05
21,121,-7.743812533837122e-05
21,122,-7.875463997323911e-05
21,123,-7.989727971781587e-05
21,124,-8.101686464388694e-05
21,125,-8.209688890709552e-05
21,126,-8.26493348760339e-05
21,127,-8.265525100818497e-05
22,0,3.1839489623337884e-08
22,1,5.008573549586856e-08
22,2,7.58598818281329e-08
22,3,1.0910728886750135e-07
22,4,1.5192916734244442e-07
22,5,2.0526607114761402e-07
22,6,2.7126436519157346e-07
22,7,3.375763948749799e-07
22,8,4.7067402635019917e-07
22,9,6.799308298025272e-07
22,10,1.014974141853967e-06
22,11,1.611300580659134e-06
22,12,2.459324540612215e-06
22,13,3.7506950026529076e-06
22,14,5.668865546587756e-06
22,15,8.02794668313826e-06
22,16,9.518957447006392e-06
22,17,9.190037201733796e-06
22,18,8.154648916684786e-06
22,19,7.254380204354878e-06
22,20,6.965164374300623e-06
22,21,6.3144374052602425e-06
22,22,4.902583540650637e-06
22,23,-2.004601694305313e-06
22,24,-1.0560875295502976e-05
22,25,-1.9482257078876955e-05
22,26,-2.9447468210496898e-05
22,27,-4.0198899836510585e-05
22,28,-5.0876886414905736e-05
22,29,-6.061009425568675e-05
22,30,-6.880749847749696e-05
22,31,-7.516039893482192e-05
22,32,-7.95866115668188e-05
22,33,-8.223720241837482e-05
22,34,-8.197488568287346e-05
22,35,-7.820592642573082e-05
22,36,-7.10990273007344e-05
22,37,-6.09067887083575e-05
22,38,-4.8468266765610826e-05
22,39,-3.4535969865418364e-05
22,40,-1.981992080530989e-05
22,41,-4.93102680483696e-06
22,42,9.637158077783996e-06
22,43,2.3509922637452622e-05
22,44,3.642687072900766e-05
22,45,4.8244922828691726e-05
22,46,5.9988254675188e-05
22,47,7.111452481461063e-05
22,48,8.02822156809203e-05
22,49,8.735218820085228e-05
22,50,9.218296351992024e-05
22,51,9.490533861697769e-05
22,52,9.571544777201185e-05
22,53,9.48601731267254e-05
22,54,9.262817002109549e-05
22,55,8.933403880135141e-05
22,56,8.530155938346563e-05
22,57,8.0855330562989e-05
22,58,7.562518539001715e-05
22,59,6.991071946637405e-05
22,60,6.446301974862878e-05
22,61,5.940468931795365e-05
22,62,5.484159658228893e-05
22,63,5.078138630746751e-05
22,64,4.722153746962691e-05
22,65,4.417260115151885e-05
22,66,4.166826297091692e-05
22,67,3.976033975812484e-05
22,68,3.848487736550632e-05
22,69,3.790329169995523e-05
22,70,3.8049885979029685e-05
22,71,3.899156411120226e-05
22,72,4.057106875329341e-05
22,73,4.255740696264683e-05
22,74,4.475233270630141e-05
22,75,4.701649976809032e-05
22,76,4.9274950104881566e-05
22,77,5.150347123718206e-05
22,78,5.372117874419525e-05
22,79,5.598095787208689e-05
22,80,5.844032516243107e-05
22,81,6.115617638134204e-05
22,82,6.413557900916689e-05
22,83,6.73127947772638e-05
22,84,7.047265494093345e-05
22,85,7.35692871226338e-05
22,86,7.657383369046233e-05
22,87,7.939193536703192e-05
22,88,8.188267967709793e-05
22,89,8.397392542550705e-05
22,90,8.580988087918134e-05
22,91,8.7709075650885e-05
22,92,9.019587488943144e-05
22,93,9.326548886260842e-05
22,94,9.610431955735443e-05
22,95,9.833814748030987e-05
22,96,0.00010022098266970437
22,97,0.00010220205366832145
22,98,0.00010427377032020019
22,99,0.00010602260179903081
22,100,0.00010729291187201164
22,101,0.00010854606314389873
22,102,0.00011052477158155752
22,103,0.00011310888570683965
22,104,0.00011502139249815775
22,105,0.00011600680201829561
22,106,0.00011691041016512986
22,107,0.00011826239816108598
22,108,0.00011982380504222844
22,109,0.00012118416198201314
22,110,0.00012235019339373518
22,111,0.00012344317319464484
22,112,0.0001246150317591933
22,113,0.00012592821020931754
22,114,0.00012707019053559028
22,115,0.00012789326427035982
22,116,0.00012866749360012112
22,117,0.00012967141708774838
22,118,0.00013068237999724138
22,119,0.0001313604415778229
22,120,0.00013189382697672043
22,121,0.00013269095182064913
22,122,0.00013348775628181794
22,123,0.00013415727923200824
22,124,0.00013454156506685684
22,125,0.00013458397871759728
22,126,0.00013468793121521573
22,127,0.0001349136873050674
23,0,1.734645156466574e-08
23,1,2.7750836161363858e-08
23,2,4.223135788059721e-08
23,3,6.091625697403333e-08
23,4,8.499194725175823e-08
23,5,1.1500140623377166e-07
23,6,1.5215884576264697e-07
23,7,1.8962704492776922e-07
23,8,2.6463960964981443e-07
23,9,3.8275133588460334e-07
23,10,5.720044167494641e-07
23,11,9.090146315036799e-07
23,12,1.3894882114325244e-06
23,13,2.1230193829314945e-06
23,14,3.21676239071254e-06
23,15,4.571935608792025e-06
23,16,5.450702219425346e-06
23,17,5.303908396347179e-06
23,18,4.7571333482028915e-06
23,19,4.294597186133252e-06
23,20,4.217077579518063e-06
23,21,3.9833552247230325e-06
23,22,3.563463813229601e-06
23,23,1.3441519077342703e-07
23,24,-4.391911753943161e-06
23,25,-9.065969958045102e-06
23,26,-1.4216611495395695e-05
23,27,-1.972263706835562e-05
23,28,-2.513892352490387e-05
23,29,-3.000490594007208e-05
23,30,-3.400282775790323e-05
23,31,-3.696324974782371e-05
23,32,-3.8836769300126436e-05
23,33,-3.969413184554287e-05
23,34,-3.885096974435416e-05
23,35,-3.5963919777631575e-05
23,36,-3.124068598153709e-05
23,37,-2.487693713383931e-05
23,38,-1.738819371655468e-05
23,39,-9.229081944237663e-06
23,40,-8.2471861271996e-07
23,41,7.460836300680115e-06
23,42,1.533592924379909e-05
23,43,2.2582634179784694e-05
23,44,2.9055178468615468e-05
23,45,3.468212864416438e-05
23,46,3.9843020375706986e-05
23,47,4.4181314274364e-05
23,48,4.707495550377703e-05
23,49,4.847583205403155e-05
23,50,4.841102460610897e-05
23,51,4.7019260310684735e-05
23,52,4.4478531572682766e-05
23,53,4.099530889040072e-05
23,54,3.6797366977120174e-05
23,55,3.212288662744978e-05
23,56,2.720820558503664e-05
23,57,2.2276778112742108e-05
23,58,1.696879879575504e-05
23,59,1.1588968679220068e-05
23,60,6.858859873456819e-06
23,61,2.9054026195611128e-06
23,62,-1.736302111182836e-07
23,63,-2.3694981054057717e-06
23,64,-3.6936949931283185e-06
23,65,-4.161038216441095e-06
23,66,-3.781547047924162e-06
23,67,-2.561579070572424e-06
23,68,-4.753147198485389e-07
23,69,2.481254578070706e-06
23,70,6.593064000094511e-06
23,71,1.1929310069722477e-05
23,72,1.803908297540249e-05
23,73,2.4725573907118793e-05
23,74,3.181233859287889e-05
23,75,3.916150875719927e-05
23,76,4.66771334207163e-05
23,77,5.429575722644406e-05
23,78,6.198366334048182e-05
23,79,6.973659669699434e-05
23,80,7.789085497102646e-05
23,81,8.645942402578583e-05
23,82,9.544697496803515e-05
23,83,0.00010478787601481815
23,84,0.00011402335130776103
23,85,0.0001231163540418938
23,86,0.00013204881324114506
23,87,0.0001407500946928732
23,88,0.00014911507302421828
23,89,0.00015706236013101005
23,90,0.00016466071840369334
23,91,0.00017212515539424724
23,92,0.00018047724942004312
23,93,0.00018966957190074657
23,94,0.00019842410505983873
23,95,0.00020649338568589859
23,96,0.0002140560006985774
23,97,0.0002214329177882211
23,98,0.00022861982624061174
23,99,0.0002353189372390692
23,100,0.00024140026777452408
23,101,0.00024721727916223216
23,102,0.0002537644662463483
23,103,0.0002609715098493372
23,104,0.00026743724820673466
23,105,0.0002730144204285125
23,106,0.0002783192567234819
23,107,0.0002836861289353902
23,108,0.00028897699407405363
23,109,0.00029387037236548047
23,110,0.0002985690205304541
23,111,0.000303170975226949
23,112,0.0003077349510329612
23,113,0.00031235380348549317
23,114,0.00031664054539549513
23,115,0.00032046819949298314
23,116,0.00032397260590220884
23,117,0.0003273359407141864
23,118,0.0003304232924381639
23,119,0.00033305825557715943
23,120,0.0003353472485331938
23,121,0.00033769874416449374
23,122,0.000339724498969477
23,123,0.0003414116535494304
23,124,0.00034265247849006846
23,125,0.00034338253815041484
23,126,0.00034393562518134665
23,127,0.00034434016709237704
24,0,7.71837516473422e-09
24,1,1.2511925587005523e-08
24,2,1.9112789864134542e-08
24,3,2.7620821510284635e-08
24,4,3.8567805104265645e-08
24,5,5.2191033120357275e-08
24,6,6.902520120609149e-08
24,7,8.5982413412444e-08
24,8,1.1976796223582854e-07
24,9,1.727115380364353e-07
24,10,2.5694187623679267e-07
24,11,4.056300409062167e-07
24,12,6.150689484189907e-07
24,13,9.304258175182285e-07
24,14,1.39238974336056e-06
24,15,1.9487348164308824e-06
24,16,2.278704395167169e-06
24,17,2.1617156878326574e-06
24,18,1.8713964023439806e-06
24,19,1.6026865221626034e-06
24,20,1.43609510519105e-06
24,21,1.1227068509685614e-06
24,22,3.4140085051290104e-07
24,23,-1.871821440637725e-06
24,24,-4.258142677083079e-06
24,25,-6.766975649764974e-06
24,26,-9.62272294521813e-06
24,27,-1.272924726504688e-05
24,28,-1.582891616079942e-05
24,29,-1.8674432648535417e-05
24,30,-2.1105989518085524e-05
24,31,-2.304645537453874e-05
24,32,-2.4484149166282822e-05
24,33,-2.5477583197605917e-05
24,34,-2.574905458547299e-05
24,35,-2.5197656201209313e-05
24,36,-2.387117916199185e-05
24,37,-2.1861651784255087e-05
24,38,-1.9419370282320903e-05
24,39,-1.677518672098661e-05
24,40,-1.4145121480597304e-05
24,41,-1.1712318858955418e-05
24,42,-9.621410476265635e-06
24,43,-7.978203434452493e-06
24,44,-6.854031014863792e-06
24,45,-6.2924480524201516e-06
24,46,-6.3516535121927945e-06
24,47,-7.259339831174138e-06
24,48,-9.090024394365996e-06
24,49,-1.1821197610458202e-05
24,50,-1.5330346875397398e-05
24,51,-1.9500416997378992e-05
24,52,-2.4199934803075615e-05
24,53,-2.9284903546270172e-05
24,54,-3.4603530516463835e-05
24,55,-4.000278067980948e-05
24,56,-4.533853254709005e-05
24,57,-5.0496445510301575e-05
24,58,-5.5804529838379676e-05
24,59,-6.1030690790197224e-05
24,60,-6.552312740001534e-05
24,61,-6.915068064783112e-05
24,62,-7.181930546763926e-05
24,63,-7.351055080419475e-05
24,64,-7.422781002501071e-05
24,65,-7.398392854002651e-05
24,66,-7.279638745896904e-05
24,67,-7.06894022713911e-05
24,68,-6.763645269511494e-05
24,69,-6.366628467646777e-05
24,70,-5.837537795993323e-05
24,71,-5.168231597887625e-05
24,72,-4.410137775734522e-05
24,73,-3.5771803813666676e-05
24,74,-2.6837078901630794e-05
24,75,-1.742242162649442e-05
24,76,-7.63122921428282e-06
24,77,2.454290816027923e-06
24,78,1.2769481855993431e-05
24,79,2.32684471675269e-05
24,80,3.438093441040046e-05
24,81,4.608925277728606e-05
24,82,5.841101016814814e-05
24,83,7.128383769248052e-05
24,84,8.410486003529003e-05
24,85,9.6827008895761e-05
24,86,0.00010941845253240135
24,87,0.00012181538278363352
24,88,0.0001339348860221992
24,89,0.0001457011616733254
24,90,0.00015713306456495966
24,91,0.0001683607821847041
24,92,0.00018074644671389094
24,93,0.00019422249741010464
24,94,0.00020721650335536182
24,95,0.0002195539857835044
24,96,0.00023131289584570538
24,97,0.00024268377099882985
24,98,0.0002536592491008854
24,99,0.00026405017563263793
24,100,0.0002737708590341074
24,101,0.0002830860865696334
24,102,0.00029316932710476854
24,103,0.00030396665271342543
24,104,0.00031397396859411805
24,105,0.00032308732714168815
24,106,0.0003317118023692804
24,107,0.0003400481547552153
24,108,0.0003480539902247312
24,109,0.0003555148202610843
24,110,0.0003627575468569033
24,111,0.0003698574895352541
24,112,0.0003767950007169873
24,113,0.0003836533898688811
24,114,0.0003900108205346926
24,115,0.0003957776014052503
24,116,0.0004010243728140115
24,117,0.0004058821624058071
24,118,0.0004102902016175297
24,119,0.0004141786256628639
24,120,0.0004175826516238316
24,121,0.0004208680264416126
24,122,0.0004236140009866588
24,123,0.00042587999865430107
24,124,0.00042760689558916026
24,125,0.00042875014524571507
24,126,0.0004295789157736648
24,127,0.0004300906353671323
25,0,-1.6371978849872576e-07
25,1,-1.2303237916615148e-07
25,2,-1.2369623101284302e-07
25,3,-1.3323363339963764e-07
25,4,-1.4796936211782129e-07
25,5,-1.675553480224123e-07
25,6,-1.916962883272462e-07
25,7,-2.1366137789824778e-07
25,8,-2.6349776968030606e-07
25,9,-3.394037083931426e-07
25,10,-4.604528731273099e-07
25,11,-6.866277187333716e-07
25,12,-1.0131693877375174e-06
25,13,-1.5275542559454406e-06
25,14,-2.3258526712242833e-06
25,15,-3.3957615565557227e-06
25,16,-4.279940054505847e-06
25,17,-4.545905599311806e-06
25,18,-4.59829813114744e-06
25,19,-4.849493226288465e-06
25,20,-5.840601233908065e-06
25,21,-7.371525413381462e-06
25,22,-1.174147332844066e-05
25,23,-1.5327916227148856e-05
25,24,-1.611588774089612e-05
25,25,-1.7367212145533052e-05
25,26,-1.9418286717426415e-05
25,27,-2.188044825433947e-05
25,28,-2.4381308879004624e-05
25,29,-2.6753093632482355e-05
25,30,-2.8898190166978735e-05
25,31,-3.08263241400799e-05
25,32,-3.2602198393214614e-05
25,33,-3.4325402302186275e-05
25,34,-3.582945264615639e-05
25,35,-3.7282149627656226e-05
25,36,-3.853994317980475e-05
25,37,-3.951563255083819e-05
25,38,-4.025114639514582e-05
25,39,-4.07835895977447e-05
25,40,-4.116996241075248e-05
25,41,-4.146352633858651e-05
25,42,-4.171184103999238e-05
25,43,-4.195906694652604e-05
25,44,-4.2256480811640214e-05
25,45,-4.26776160751472e-05
25,46,-4.318815712856317e-05
25,47,-4.39098211998071e-05
25,48,-4.4888752617716305e-05
25,49,-4.611231969158417e-05
25,50,-4.7571569668591395e-05
25,51,-4.9236917343197716e-05
25,52,-5.107877089328311e-05
25,53,-5.307088281861269e-05
25,54,-5.5179225159469094e-05
25,55,-5.737968877426824e-05
25,56,-5.9653654137616733e-05
25,57,-6.200074579069336e-05
25,58,-6.454538489834108e-05
25,59,-6.728078804705027e-05
25,60,-6.990378948774075e-05
25,61,-7.225653988441543e-05
25,62,-7.420698619461183e-05
25,63,-7.566762351973143e-05
25,64,-7.657164096582121e-05
25,65,-7.692256966308952e-05
25,66,-7.675458980258027e-05
25,67,-7.61026706095493e-05
25,68,-7.501504257182874e-05
25,69,-7.356882358357675e-05
25,70,-7.159297633395192e-05
25,71,-6.905912426667156e-05
25,72,-6.609034054550672e-05
25,73,-6.262971470112798e-05
25,74,-5.863194453263125e-05
25,75,-5.4088442073055586e-05
25,76,-4.90401501900433e-05
25,77,-4.357211635217326e-05
25,78,-3.780766683571938e-05
25,79,-3.1889448752032196e-05
25,80,-2.566662499438584e-05
25,81,-1.9236255508716344e-05
25,82,-1.2619388167664987e-05
25,83,-5.794525077236685e-06
25,84,1.0197452110621698e-06
25,85,7.9354418516683e-06
25,86,1.5049123121964404e-05
25,87,2.2411336102934102e-05
25,88,2.9990820245648532e-05
25,89,3.765989842560816e-05
25,90,4.521261653227472e-05
25,91,5.242956865522183e-05
25,92,5.9876041919362086e-05
25,93,6.744851750469901e-05
25,94,7.452778468697871e-05
25,95,8.146230406199231e-05
25,96,8.839754236085527e-05
25,97,9.534991704907699e-05
25,98,0.00010231585700099996
25,99,0.00010922152296480092
25,100,0.00011581861577607838
25,101,0.00012183975051661442
25,102,0.00012757946851922288
25,103,0.0001331217229849002
25,104,0.00013826498421516735
25,105,0.00014340398884331608
25,106,0.00014843866504886337
25,107,0.0001531286231296547
25,108,0.00015733004996073077
25,109,0.00016103848983383553
25,110,0.00016431292602668083
25,111,0.00016742120315208273
25,112,0.00017030885160856764
25,113,0.0001730878951830357
25,114,0.00017574326242057294
25,115,0.00017824877607418207
25,116,0.00018040484604580641
25,117,0.00018206025598077504
25,118,0.00018332940298788311
25,119,0.00018452765308005925
25,120,0.000185621426491855
25,121,0.00018677042913345374
25,122,0.00018765483929090006
25,123,0.00018821790870563674
25,124,0.00018825321475036524
25,125,0.00018764471587780302
25,126,0.00018630761515273838
25,127,0.00018476832741636326
26,0,-9.33226623855655e-10
26,1,-1.1356606568009425e-09
26,2,-1.5144727927295867e-09
26,3,-2.067180247875868e-09
26,4,-2.847369440313128e-09
26,5,-3.904464608811846e-09
26,6,-5.328006969416196e-09
26,7,-6.959950690161778e-09
26,8,-1.042930884516738e-08
26,9,-1.6692342285204257e-08
26,10,-2.8413533665107776e-08
26,11,-5.2632146527673274e-08
26,12,-9.501382650721822e-08
26,13,-1.7297785701134123e-07
26,14,-3.151877237791782e-07
26,15,-5.455471894527521e-07
26,16,-8.067045297084982e-07
26,17,-9.95846783531402e-07
26,18,-1.1604737331940896e-06
26,19,-1.398020762421093e-06
26,20,-1.926027389212418e-06
26,21,-2.7718995577869182e-06
26,22,-5.161169914577672e-06
26,23,-7.945039573918562e-06
26,24,-9.724867732049823e-06
26,25,-1.2073881034976002e-05
26,26,-1.540868356957114e-05
26,27,-1.9656572678234782e-05
26,28,-2.462181307219508e-05
26,29,-3.0124747164398922e-05
26,30,-3.605423227573013e-05
26,31,-4.235342419992405e-05
26,32,-4.901653194997428e-05
26,33,-5.614666019300136e-05
26,34,-6.436791060387554e-05
26,35,-7.381606304005813e-05
26,36,-8.329754865686674e-05
26,37,-9.228319155862951e-05
26,38,-0.00010035211048493407
26,39,-0.00010726401301465021
26,40,-0.00011287153472066554
26,41,-0.00011710159436183521
26,42,-0.00011995299956683979
26,43,-0.00012148708165241951
26,44,-0.0001218334632542696
26,45,-0.00012121444962098092
26,46,-0.0001190774371951674
26,47,-0.00011553165373193008
26,48,-0.00011103285358361783
26,49,-0.00010575548348613938
26,50,-0.00010007997776099916
26,51,-9.421729720153023e-05
26,52,-8.836389712431781e-05
26,53,-8.269493235072498e-05
26,54,-7.737167693153015e-05
26,55,-7.254158808869071e-05
26,56,-6.83348895581181e-05
26,57,-6.48752554615092e-05
26,58,-6.182037994006796e-05
26,59,-5.946664800202968e-05
26,60,-5.8090259865656e-05
26,61,-5.7433346505346216e-05
26,62,-5.721173904163126e-05
26,63,-5.7141745885266976e-05
26,64,-5.703125504205343e-05
26,65,-5.6818240723860025e-05
26,66,-5.6571372582846815e-05
26,67,-5.645538703351257e-05
26,68,-5.6658981739553284e-05
26,69,-5.7385261437930976e-05
26,70,-5.8780033451485644e-05
26,71,-6.091768368703512e-05
26,72,-6.348095475807892e-05
26,73,-6.605150160649791e-05
26,74,-6.824369529091203e-05
26,75,-6.980182814785799e-05
26,76,-7.066504129479327e-05
26,77,-7.096524170847663e-05
26,78,-7.098610822376041e-05
26,79,-7.109440197209453e-05
26,80,-7.161609759052465e-05
26,81,-7.286406756541085e-05
26,82,-7.493507761556213e-05
26,83,-7.765221195034171e-05
26,84,-8.049924547098489e-05
26,85,-8.295452149729358e-05
26,86,-8.458129518653833e-05
26,87,-8.507697809514105e-05
26,88,-8.439987851400044e-05
26,89,-8.289784846236996e-05
26,90,-8.133433627195838e-05
26,91,-8.064804997190826e-05
26,92,-8.152459796351695e-05
26,93,-8.434589940421675e-05
26,94,-8.794555481504719e-05
26,95,-9.093455532324412e-05
26,96,-9.278862859571322e-05
26,97,-9.36265555188513e-05
26,98,-9.35241050381908e-05
26,99,-9.253871997005786e-05
26,100,-9.132559470614502e-05
26,101,-9.122404904037675e-05
26,102,-9.342331734841978e-05
26,103,-9.788153072393044e-05
26,104,-0.0001020825444097707
26,105,-0.0001045781962019027
26,106,-0.00010612435500828205
26,107,-0.0001078744950453405
26,108,-0.00011017844943426812
26,109,-0.0001129064549404606
26,110,-0.00011612081237610151
26,111,-0.00011987552657189362
26,112,-0.00012393716116472302
26,113,-0.00012786291923408137
26,114,-0.00013103006371440576
26,115,-0.00013359404279477264
26,116,-0.0001363843217986138
26,117,-0.00013992172150446323
26,118,-0.00014370164648813262
26,119,-0.00014688633598373404
26,120,-0.00014926276155453536
26,121,-0.00015117567887973203
26,122,-0.00015259311504247188
26,123,-0.00015385186256226783
26,124,-0.00015521777744778286
26,125,-0.0001568555143891943
26,126,-0.0001589141735357933
26,127,-0.0001605818339823994
27,0,-1.4375914742101346e-09
27,1,-1.8269463940705006e-09
27,2,-2.4424574183734216e-09
27,3,-3.322410319284827e-09
27,4,-4.549630599734298e-09
27,5,-6.198124367616256e-09
27,6,-8.400154554459772e-09
27,7,-1.0898404952806073e-08
27,8,-1.618363118760614e-08
27,9,-2.5622392249728158e-08
27,10,-4.3082977834551955e-08
27,11,-7.873368729912661e-08
27,12,-1.4026247085887055e-07
27,13,-2.5206115967435746e-07
27,14,-4.5348284927538737e-07
27,15,-7.752119498481096e-07
27,16,-1.1324565920739856e-06
27,17,-1.381493288149259e-06
27,18,-1.5913869714261268e-06
27,19,-1.895758010492774e-06
27,20,-2.58199087886388e-06
27,21,-3.6733400640467585e-06
27,22,-6.742315381126647e-06
27,23,-1.0214056684319354e-05
27,24,-1.2316735631517568e-05
27,25,-1.5080740102736263e-05
27,26,-1.8998803987744707e-05
27,27,-2.3946533312043657e-05
27,28,-2.9660937811174018e-05
27,29,-3.591289951219787e-05
27,30,-4.25640993425716e-05
27,31,-4.954623582364642e-05
27,32,-5.68524543128717e-05
27,33,-6.460128397062834e-05
27,34,-7.339401978211777e-05
27,35,-8.335667598995301e-05
27,36,-9.321160384973508e-05
27,37,-0.00010238641384189758
27,38,-0.00011045634363851502
27,39,-0.00011719071538652116
27,40,-0.00012246206216828733
27,41,-0.0001262227187784302
27,42,-0.00012850020933227483
27,43,-0.00012938554800202685
27,44,-0.0001290378415199106
27,45,-0.0001277089270728137
27,46,-0.00012475426772266026
27,47,-0.00012032663834823911
27,48,-0.00011498711505979869
27,49,-0.00010892593913332122
27,50,-0.00010254992430948211
27,51,-9.6069255116034e-05
27,52,-8.967629533355382e-05
27,53,-8.354079761242115e-05
27,54,-7.781874913891099e-05
27,55,-7.265294302656379e-05
27,56,-6.816929665150251e-05
27,57,-6.448648240701531e-05
27,58,-6.124129704217262e-05
27,59,-5.873459457658755e-05
27,60,-5.724706470543298e-05
27,61,-5.650237541072752e-05
27,62,-5.6198275037791695e-05
27,63,-5.603618982372492e-05
27,64,-5.5815426665557926e-05
27,65,-5.5472302323889413e-05
27,66,-5.5079851299793556e-05
27,67,-5.4810687121201834e-05
27,68,-5.486069843439349e-05
27,69,-5.543968016995168e-05
27,70,-5.6690983194544064e-05
27,71,-5.8688988386986234e-05
27,72,-6.111745637356026e-05
27,73,-6.354726754582487e-05
27,74,-6.558363808448213e-05
27,75,-6.696654200241204e-05
27,76,-6.763590584787983e-05
27,77,-6.772865600013003e-05
27,78,-6.753591805711383e-05
27,79,-6.743204448719899e-05
27,80,-6.774375367900592e-05
27,81,-6.878830059066649e-05
27,82,-7.066388713736771e-05
27,83,-7.318955038907392e-05
27,84,-7.58490166868784e-05
27,85,-7.811660084282595e-05
27,86,-7.955328432427528e-05
27,87,-7.985394186804627e-05
27,88,-7.897218247127447e-05
27,89,-7.725423741659356e-05
27,90,-7.546964450336656e-05
27,91,-7.456593015387995e-05
27,92,-7.522311854434915e-05
27,93,-7.78145705065448e-05
27,94,-8.116774990383574e-05
27,95,-8.388281407973802e-05
27,96,-8.544871296258482e-05
27,97,-8.600193516622559e-05
27,98,-8.561694811822223e-05
27,99,-8.433325688388754e-05
27,100,-8.279563160693721e-05
27,101,-8.234729184509565e-05
27,102,-8.41635507146302e-05
27,103,-8.81829984290926e-05
27,104,-9.189059160516895e-05
27,105,-9.38439868495738e-05
27,106,-9.48266742719185e-05
27,107,-9.600692048129546e-05
27,108,-9.772103352375563e-05
27,109,-9.983002659345844e-05
27,110,-0.00010238354286245495
27,111,-0.00010544116635520172
27,112,-0.00010878482305670946
27,113,-0.00011197646749099585
27,114,-0.00011441661237553297
27,115,-0.0001162606286690372
27,116,-0.000118342123238908
27,117,-0.00012118730494339127
27,118,-0.00012429710102150496
27,119,-0.00012684935886246454
27,120,-0.00012865473031495453
27,121,-0.00013005103056730732
27,122,-0.0001310195976239083
27,123,-0.0001318803225048092
27,124,-0.00013289404046466677
27,125,-0.0001342261808819488
27,126,-0.0001360407279873191
27,127,-0.0001375676803801009
28,0,-2.3056742260692894e-09
28,1,-2.9159456307783524e-09
28,2,-3.86384397866072e-09
28,3,-5.206893515398943e-09
28,4,-7.065816199934777e-09
28,5,-9.543458425131185e-09
28,6,-1.2828815682216477e-08
28,7,-1.6515450736261394e-08
28,8,-2.4283907718331023e-08
28,9,-3.801340328770936e-08
28,10,-6.314022337769152e-08
28,11,-1.1391935217708373e-07
28,12,-2.0046845295039309e-07
28,13,-3.560157414675725e-07
28,14,-6.332113644400071e-07
28,15,-1.0704803048132402e-06
28,16,-1.5469880526824121e-06
28,17,-1.8674592152858553e-06
28,18,-2.1293346766525077e-06
28,19,-2.511572378548611e-06
28,20,-3.3861888059840674e-06
28,21,-4.768336794485406e-06
28,22,-8.640991965880177e-06
28,23,-1.2903024121112683e-05
28,24,-1.5349666870764178e-05
28,25,-1.8556516808750105e-05
28,26,-2.309999371104464e-05
28,27,-2.879117133177604e-05
28,28,-3.52881893869063e-05
28,29,-4.230562672846809e-05
28,30,-4.9676230313519656e-05
28,31,-5.7320310613361787e-05
28,32,-6.523157236154553e-05
28,33,-7.3546414329794e-05
28,34,-8.282306019457758e-05
28,35,-9.317719724402415e-05
28,36,-0.00010326303799104143
28,37,-0.00011247003055029101
28,38,-0.00012037886543759659
28,39,-0.0001267754851566322
28,40,-0.00013155837267326572
28,41,-0.0001347100618385424
28,42,-0.00013629022733889094
28,43,-0.00013642160983095468
28,44,-0.00013529375704511126
28,45,-0.00013318719069870517
28,46,-0.00012936322624714172
28,47,-0.0001240217867001257
28,48,-0.00011783223731015137
28,49,-0.00011099799874334047
28,50,-0.00010394750793108567
28,51,-9.68856026257511e-05
28,52,-8.999646335689332e-05
28,53,-8.344105386229179e-05
28,54,-7.736741058573274e-05
28,55,-7.191160240642888e-05
28,56,-6.719369268509151e-05
28,57,-6.332589939498577e-05
28,58,-5.992830176634893e-05
28,59,-5.730322422509113e-05
28,60,-5.573122650038267e-05
28,61,-5.4918345736781643e-05
28,62,-5.454538054548345e-05
28,63,-5.430021879132721e-05
28,64,-5.397466170325603e-05
28,65,-5.3504180288561805e-05
28,66,-5.2966424727198426e-05
28,67,-5.254191933880571e-05
28,68,-5.243364613499183e-05
28,69,-5.285744211230142e-05
28,70,-5.3953901687034706e-05
28,71,-5.579692598513033e-05
28,72,-5.8072757139614374e-05
28,73,-6.034339594539328e-05
28,74,-6.220657551757894e-05
28,75,-6.339917913360695e-05
28,76,-6.386229448209909e-05
28,77,-6.373738033740432e-05
28,78,-6.332195077324057e-05
28,79,-6.29963210598415e-05
28,80,-6.30864941813643e-05
28,81,-6.391255179894007e-05
28,82,-6.557367076803326e-05
28,83,-6.788556326454122e-05
28,84,-7.033509330747599e-05
28,85,-7.239585007112154e-05
28,86,-7.362763132245557e-05
28,87,-7.372254960474332e-05
28,88,-7.262935136202977e-05
28,89,-7.069258562166803e-05
28,90,-6.868535135925465e-05
28,91,-6.755923946545342e-05
28,92,-6.798520190115959e-05
28,93,-7.032591103310937e-05
28,94,-7.340825140039044e-05
28,95,-7.582716761901707e-05
28,96,-7.708741395017737e-05
28,97,-7.734406092774391e-05
28,98,-7.667025877941929e-05
28,99,-7.508651937434173e-05
28,100,-7.322321266869316e-05
28,101,-7.242275206647021e-05
28,102,-7.384318796811085e-05
28,103,-7.740244250405513e-05
28,104,-8.059807372518332e-05
28,105,-8.199660738483459e-05
28,106,-8.240886172514961e-05
28,107,-8.301142574821604e-05
28,108,-8.412357639603136e-05
28,109,-8.560433773098055e-05
28,110,-8.748517389734744e-05
28,111,-8.983203563757864e-05
28,112,-9.244690215827453e-05
28,113,-9.489702026240401e-05
28,114,-9.660664652596361e-05
28,115,-9.772884259345743e-05
28,116,-9.909873997129018e-05
28,117,-0.00010124462751095208
28,118,-0.0001036765757387529
28,119,-0.00010559269751525435
28,120,-0.00010682863872749177
28,121,-0.00010771410962580905
28,122,-0.00010823977671962608
28,123,-0.00010870683176446306
28,124,-0.00010936992582936531
28,125,-0.00011039361151812658
28,126,-0.0001119565988489402
28,127,-0.00011333579134743144
29,0,-3.612484602043179e-09
29,1,-4.547595321824875e-09
29,2,-5.972965414241338e-09
29,3,-7.974215970730062e-09
29,4,-1.0723374432247553e-08
29,5,-1.4359425256323581e-08
29,6,-1.9146399988159187e-08
29,7,-2.4459305966029964e-08
29,8,-3.5616307737302484e-08
29,9,-5.51363214317563e-08
29,10,-9.049809882344057e-08
29,11,-1.6127223719838258e-07
29,12,-2.804748659682528e-07
29,13,-4.925083767398836e-07
29,14,-8.664923640943409e-07
29,15,-1.44950349906841e-06
29,16,-2.0734206887115805e-06
29,17,-2.478210442070112e-06
29,18,-2.798587556389904e-06
29,19,-3.2701547211050783e-06
29,20,-4.366788955442447e-06
29,21,-6.089708213281846e-06
29,22,-1.0902371420032829e-05
29,23,-1.6057433316572333e-05
29,24,-1.885562340611534e-05
29,25,-2.2517329441542386e-05
29,26,-2.7708750748431588e-05
29,27,-3.416163929310871e-05
29,28,-4.144328824037159e-05
29,29,-4.920636461747328e-05
29,30,-5.72540235617105e-05
29,31,-6.549683191965077e-05
29,32,-7.393139095717388e-05
29,33,-8.271455257112859e-05
29,34,-9.233737169415356e-05
29,35,-0.00010290620531614124
29,36,-0.00011303144159876635
29,37,-0.00012207274539494144
29,38,-0.00012962756003786696
29,39,-0.00013550592942544414
29,40,-0.0001396380035173176
29,41,-0.00014204053588639013
29,42,-0.00014280767208884283
29,43,-0.0001420946990142594
29,44,-0.00014012078014302872
29,45,-0.00013719258390385938
29,46,-0.00013247915324180934
29,47,-0.00012622913288397195
29,48,-0.00011921835867255601
29,49,-0.00011165959170617295
29,50,-0.00010399626129403061
29,51,-9.64228790169602e-05
29,52,-8.911117479296916e-05
29,53,-8.220966866620234e-05
29,54,-7.585557155535855e-05
29,55,-7.017618502211736e-05
29,56,-6.528410402374209e-05
29,57,-6.128368129772989e-05
29,58,-5.7784378265891924e-05
29,59,-5.508653658473662e-05
29,60,-5.346509690100025e-05
29,61,-5.261017695040768e-05
29,62,-5.2186977968440515e-05
29,63,-5.1871818781384393e-05
29,64,-5.145073223335079e-05
29,65,-5.085929460036864e-05
29,66,-5.018014633382932e-05
29,67,-4.9601565477080236e-05
29,68,-4.93332624492024e-05
29,69,-4.959636734869655e-05
29,70,-5.0528544969132316e-05
29,71,-5.2202738953808116e-05
29,72,-5.430942434177918e-05
29,73,-5.6403926152383275e-05
29,74,-5.8078452881676444e-05
29,75,-5.906810411168993e-05
29,76,-5.931546966154777e-05
29,77,-5.896598232751988e-05
29,78,-5.8322118030005245e-05
29,79,-5.776822124838322e-05
29,80,-5.7628093386768104e-05
29,81,-5.82233837222152e-05
29,82,-5.96544967484233e-05
29,83,-6.173435514975398e-05
29,84,-6.395439885357292e-05
29,85,-6.578966631676701e-05
29,86,-6.680236566794378e-05
29,87,-6.668446175128785e-05
29,88,-6.537950847457538e-05
29,89,-6.322748462558739e-05
29,90,-6.10009889396773e-05
29,91,-5.965167945043296e-05
29,92,-5.9838859119567125e-05
29,93,-6.191202465971666e-05
29,94,-6.470223657635047e-05
29,95,-6.680644034628832e-05
29,96,-6.774912753637556e-05
29,97,-6.770428600663655e-05
29,98,-6.674234153137477e-05
29,99,-6.486381450364985e-05
29,100,-6.268200884537649e-05
29,101,-6.153158842396529e-05
29,102,-6.25506991981941e-05
29,103,-6.563737844289269e-05
29,104,-6.83096304391306e-05
29,105,-6.915259527490895e-05
29,106,-6.899738412538321e-05
29,107,-6.902442371756258e-05
29,108,-6.953962836024077e-05
29,109,-7.039284687457329e-05
29,110,-7.15995279512542e-05
29,111,-7.32358451584641e-05
29,112,-7.512475198936518e-05
29,113,-7.683871627877373e-05
29,114,-7.782774903647725e-05
29,115,-7.824156352639292e-05
29,116,-7.891080494722243e-05
29,117,-8.036339886133983e-05
29,118,-8.212043028659889e-05
29,119,-8.340763122781489e-05
29,120,-8.408731214589921e-05
29,121,-8.4477113701766e-05
29,122,-8.457553988838302e-05
29,123,-8.466185000520506e-05
29,124,-8.498202080405182e-05
29,125,-8.569934238033751e-05
29,126,-8.700687865707352e-05
29,127,-8.823293510459522e-05
30,0,-5.543077859492557e-09
30,1,-6.946839642835367e-09
30,2,-9.044152922304156e-09
30,3,-1.1961504053804413e-08
30,4,-1.593909278926946e-08
30,5,-2.1159678562835423e-08
30,6,-2.798402850537452e-08
30,7,-3.547417913534024e-08
30,8,-5.1156702992604344e-08
30,9,-7.832347057671095e-08
30,10,-1.2705384317097395e-07
30,11,-2.2368063404959227e-07
30,12,-3.8455808648506706e-07
30,13,-6.678924452381824e-07
30,14,-1.1627067986779836e-06
30,15,-1.9252910227276884e-06
30,16,-2.7269442873149407e-06
30,17,-3.2282358912244283e-06
30,18,-3.6118029529734962e-06
30,19,-4.1824146987055875e-06
30,20,-5.5334702424155305e-06
30,21,-7.644623763427603e-06
30,22,-1.3526574645245881e-05
30,23,-1.9658751749251526e-05
30,24,-2.2794811014877992e-05
30,25,-2.68981633417552e-05
30,26,-3.272778906037305e-05
30,27,-3.9920951218609384e-05
30,28,-4.794377090891907e-05
30,29,-5.638367054373709e-05
30,30,-6.501536392220333e-05
30,31,-7.374253199786284e-05
30,32,-8.256785824861937e-05
30,33,-9.1670948222749e-05
30,34,-0.00010144936924988801
30,35,-0.00011200267608324688
30,36,-0.00012193013568372639
30,37,-0.00013057328600965938
30,38,-0.000137559125606447
30,39,-0.00014272904922214502
30,40,-0.00014604980908940453
30,41,-0.00014757510235205898
30,42,-0.0001474341544616696
30,43,-0.0001458137200548495
30,44,-0.00014295995879617905
30,45,-0.00013920114340055942
30,46,-0.00013362117408051606
30,47,-0.00012651680374811084
30,48,-0.00011876262832065284
30,49,-0.00011057543670635892
30,50,-0.00010240481220981015
30,51,-9.442940512405397e-05
30,52,-8.680380499992318e-05
30,53,-7.966076142938555e-05
30,54,-7.312413231225792e-05
30,55,-6.73104814863057e-05
30,56,-6.232366213904224e-05
30,57,-5.825903794971431e-05
30,58,-5.4722981361587e-05
30,59,-5.200982403449015e-05
30,60,-5.0382774747225656e-05
30,61,-4.951843738292444e-05
30,62,-4.9068712861002777e-05
30,63,-4.8701115714737915e-05
30,64,-4.81979599892492e-05
30,65,-4.749621282720367e-05
30,66,-4.668392877559613e-05
30,67,-4.595680995676126e-05
30,68,-4.553084796328331e-05
30,69,-4.5631398925859534e-05
30,70,-4.639300512185727e-05
30,71,-4.78871548440655e-05
30,72,-4.9810113019287315e-05
30,73,-5.171328755599718e-05
30,74,-5.318578676052892e-05
30,75,-5.396246321860192e-05
30,76,-5.398791392308764e-05
30,77,-5.3411151304790515e-05
30,78,-5.253833518209074e-05
30,79,-5.17559274606237e-05
30,80,-5.138326614784779e-05
30,81,-5.1740703048931385e-05
30,82,-5.2928743169556654e-05
30,83,-5.47592299703789e-05
30,84,-5.673257650515961e-05
30,85,-5.83286763398686e-05
30,86,-5.911391113770753e-05
30,87,-5.878125975065659e-05
30,88,-5.7269425622507714e-05
30,89,-5.4912162344534516e-05
30,90,-5.247726711198377e-05
30,91,-5.0910740555385744e-05
30,92,-5.085712882582559e-05
30,93,-5.265040304565137e-05
30,94,-5.513234007621627e-05
30,95,-5.6909869083970744e-05
30,96,-5.7530133910139135e-05
30,97,-5.71860898157956e-05
30,98,-5.594554340247469e-05
30,99,-5.3787155964022416e-05
30,100,-5.130364857210685e-05
30,101,-4.9816255895107925e-05
30,102,-5.043786313422044e-05
30,103,-5.304822875279045e-05
30,104,-5.5198713188808034e-05
30,105,-5.549513778526924e-05
30,106,-5.478984161434316e-05
30,107,-5.426339601741683e-05
30,108,-5.4197165572347157e-05
30,109,-5.4436032177170174e-05
30,110,-5.498390902356948e-05
30,111,-5.592650970401421e-05
30,112,-5.7107664442145205e-05
30,113,-5.810765125257814e-05
30,114,-5.84028264508305e-05
30,115,-5.8137478696303106e-05
30,116,-5.813265162198596e-05
30,117,-5.8912680927999195e-05
30,118,-6.0013801016887574e-05
30,119,-6.0692168124639266e-05
30,120,-6.0841235682044426e-05
30,121,-6.0763405927566463e-05
30,122,-6.046037979580437e-05
30,123,-6.01869716611898e-05
30,124,-6.0179984066514807e-05
30,125,-6.059961904711215e-05
30,126,-6.165225800438378e-05
30,127,-6.272185177472754e-05
31,0,-8.330559590390976e-09
31,1,-1.0394718759628795e-08
31,2,-1.3413828766010562e-08
31,3,-1.757339679352988e-08
31,4,-2.3202013903051636e-08
31,5,-3.0532898478053676e-08
31,6,-4.004820102819538e-08
31,7,-5.037307707962884e-08
31,8,-7.193639667798146e-08
31,9,-1.0892314139480158e-07
31,10,-1.7462806806150153e-07
31,11,-3.037384486237142e-07
31,12,-5.162682428962238e-07
31,13,-8.86958217762093e-07
31,14,-1.5280852440273e-06
31,15,-2.505081368061874e-06
31,16,-3.513940596193442e-06
31,17,-4.121027858445469e-06
31,18,-4.568845482073317e-06
31,19,-5.244036297841128e-06
31,20,-6.875406108296151e-06
31,21,-9.411656011028111e-06
31,22,-1.646304665104452e-05
31,23,-2.3615536435246653e-05
31,24,-2.7044753507756635e-05
31,25,-3.153943549605708e-05
31,26,-3.7948982041906334e-05
31,27,-4.580276825980244e-05
31,28,-5.445933462829204e-05
31,29,-6.344122326944557e-05
31,30,-7.249832341190981e-05
31,31,-8.153186094298176e-05
31,32,-9.055438033293233e-05
31,33,-9.976979583084258e-05
31,34,-0.00010945561508110385
31,35,-0.00011970881541059762
31,36,-0.00012915919581324003
31,37,-0.00013714540059423525
31,38,-0.00014333710704176743
31,39,-0.0001476135945652541
31,40,-0.00014998131234836436
31,41,-0.00015053137718702258
31,42,-0.00014942639818912604
31,43,-0.0001468811260517282
31,44,-0.00014316359503833593
31,45,-0.00013861668713146099
31,46,-0.00013225335645880785
31,47,-0.00012441429864360975
31,48,-0.00011605721117644142
31,49,-0.00010739658886082941
31,50,-9.887712826208063e-05
31,51,-9.065603313383348e-05
31,52,-8.286636115203676e-05
31,53,-7.562172464977776e-05
31,54,-6.90304459325417e-05
31,55,-6.319706356066599e-05
31,56,-5.821574671065997e-05
31,57,-5.417205309320953e-05
31,58,-5.067881831639344e-05
31,59,-4.801985214372401e-05
31,60,-4.643956778112448e-05
31,61,-4.5604690125907504e-05
31,62,-4.515719148014593e-05
31,63,-4.4759362227543915e-05
31,64,-4.4192481105078946e-05
31,65,-4.339634489670605e-05
31,66,-4.2464712395946574e-05
31,67,-4.1600084451777794e-05
31,68,-4.102381737521014e-05
31,69,-4.096416048610795e-05
31,70,-4.15524105177146e-05
31,71,-4.2857798513269267e-05
31,72,-4.458430050080019e-05
31,73,-4.628311974177752e-05
31,74,-4.754360533111947e-05
31,75,-4.810266702852306e-05
31,76,-4.790718379809344e-05
31,77,-4.710810151971141e-05
31,78,-4.6012648987673e-05
31,79,-4.500662900243011e-05
31,80,-4.440366856153366e-05
31,81,-4.452120583567208e-05
31,82,-4.5459350945443075e-05
31,83,-4.702954040778199e-05
31,84,-4.87439249512388e-05
31,85,-5.009130641478207e-05
31,86,-5.0645753812928704e-05
31,87,-5.010334890907412e-05
31,88,-4.8397758879913626e-05
31,89,-4.5853935756571686e-05
31,90,-4.322994066974682e-05
31,91,-4.146017351537342e-05
31,92,-4.117145565929061e-05
31,93,-4.267976322943875e-05
31,94,-4.484373729542412e-05
31,95,-4.6289800426540326e-05
31,96,-4.6591983610039224e-05
31,97,-4.596093293051932e-05
31,98,-4.4461410740035916e-05
31,99,-4.205037039262282e-05
31,100,-3.9294436769318345e-05
31,101,-3.74938497947202e-05
31,102,-3.773485152656279e-05
31,103,-3.98772842601289e-05
31,104,-4.151652590879361e-05
31,105,-4.129475957168463e-05
31,106,-4.007712152519156e-05
31,107,-3.9030672525115035e-05
31,108,-3.841490269731966e-05
31,109,-3.807232703132403e-05
31,110,-3.799570596981458e-05
31,111,-3.827930361156217e-05
31,112,-3.8789826538578815e-05
31,113,-3.911642417980489e-05
31,114,-3.876340139212785e-05
31,115,-3.786763454540771e-05
31,116,-3.723512929506364e-05
31,117,-3.738092395210945e-05
31,118,-3.786026490421968e-05
31,119,-3.79663078956154e-05
31,120,-3.762567038350837e-05
31,121,-3.71213168929223e-05
31,122,-3.645444422636124e-05
31,123,-3.585334626905676e-05
31,124,-3.554391413568791e-05
31,125,-3.568193339311166e-05
31,126,-3.648525754693489e-05
31,127,-3.739754086121755e-05
32,0,-1.2233475279777698e-08
32,1,-1.5198873146840793e-08
32,2,-1.9439467764830636e-08
32,3,-2.5224651465041943e-08
32,4,-3.299363892146892e-08
32,5,-4.3034077539429486e-08
32,6,-5.5974101248218325e-08
32,7,-6.98501409164841e-08
32,8,-9.877042034453607e-08
32,9,-1.4788680199254204e-07
32,10,-2.3430671505219727e-07
32,11,-4.0261701191429435e-07
32,12,-6.765555082642554e-07
32,13,-1.1497943043143996e-06
32,14,-1.9604815288114174e-06
32,15,-3.1820696469694675e-06
32,16,-4.420840668405686e-06
32,17,-5.136552698607182e-06
32,18,-5.643526463939314e-06
32,19,-6.421005265912397e-06
32,20,-8.343281743090082e-06
32,21,-1.1317537224688936e-05
32,22,-1.9573029845878953e-05
32,23,-2.771480906395919e-05
32,24,-3.135002598459604e-05
32,25,-3.613415535727212e-05
32,26,-4.299633643364842e-05
32,27,-5.1349629621036113e-05
32,28,-6.044599558144075e-05
32,29,-6.974935139495185e-05
32,30,-7.899194088259478e-05
32,31,-8.807853156261762e-05
32,32,-9.703556676664816e-05
32,33,-0.00010609110573126185
32,34,-0.00011537960413524343
32,35,-0.00012500120060311782
32,36,-0.00013366548941314195
32,37,-0.00014072713011153943
32,38,-0.00014591080218026817
32,39,-0.00014913792478279814
32,40,-0.00015045475547414167
32,41,-0.0001499870701176239
32,42,-0.00014792585240791875
32,43,-0.00014450726204714743
32,44,-0.00014001317909965275
32,45,-0.0001347913713877395
32,46,-0.00012780722240948484
32,47,-0.00011943681273338757
32,48,-0.00011069501953903662
32,49,-0.00010178657139558822
32,50,-9.31384439869797e-05
32,51,-8.488109454470501e-05
32,52,-7.712217703589943e-05
32,53,-6.995390614427467e-05
32,54,-6.346767123349983e-05
32,55,-5.775514575111625e-05
32,56,-5.290058096333775e-05
32,57,-4.897963179772395e-05
32,58,-4.562308666691288e-05
32,59,-4.30993302812027e-05
32,60,-4.16263788359252e-05
32,61,-4.086584337208154e-05
32,62,-4.0454219610847624e-05
32,63,-4.005294480092757e-05
32,64,-3.944538852797838e-05
32,65,-3.85759147409357e-05
32,66,-3.7544133228331685e-05
32,67,-3.655829037443664e-05
32,68,-3.584409649826817e-05
32,69,-3.5631239769675073e-05
32,70,-3.604788463368761e-05
32,71,-3.716067534382399e-05
32,72,-3.86832842319508e-05
32,73,-4.0170159288995585e-05
32,74,-4.1213940069188204e-05
32,75,-4.155569135793599e-05
32,76,-4.11455989134211e-05
32,77,-4.013594833215393e-05
32,78,-3.883270782092364e-05
32,79,-3.761762604880074e-05
32,80,-3.6795965742905434e-05
32,81,-3.667926591194531e-05
32,82,-3.7366889566880676e-05
32,83,-3.867164974938819e-05
32,84,-4.0121319881694034e-05
32,85,-4.121755446742551e-05
32,86,-4.1545439041060305e-05
32,87,-4.080644715925663e-05
32,88,-3.892968325249474e-05
32,89,-3.6228702972093655e-05
32,90,-3.344594403625954e-05
32,91,-3.149703798833499e-05
32,92,-3.0987987699114215e-05
32,93,-3.221450876528472e-05
32,94,-3.405942156541428e-05
32,95,-3.5178871394954926e-05
32,96,-3.517814681422867e-05
32,97,-3.428493138066022e-05
32,98,-3.25587423917575e-05
32,99,-2.993487071024681e-05
32,100,-2.695134646066788e-05
32,101,-2.487665309302236e-05
32,102,-2.47640504058817e-05
32,103,-2.6459595669754084e-05
32,104,-2.7620243296392943e-05
32,105,-2.6925816521324133e-05
32,106,-2.5247628767081716e-05
32,107,-2.3735115690913506e-05
32,108,-2.2623782851276083e-05
32,109,-2.1752935531882286e-05
32,110,-2.1106302662723627e-05
32,111,-2.0787098448884566e-05
32,112,-2.0684954526684734e-05
32,113,-2.0400949485879986e-05
32,114,-1.946742653427467e-05
32,115,-1.8012505960005995e-05
32,116,-1.6818680008056253e-05
32,117,-1.6389738232279857e-05
32,118,-1.6300947764349067e-05
32,119,-1.588925416491883e-05
32,120,-1.5115830009153311e-05
32,121,-1.4241062646518174e-05
32,122,-1.3260822672555426e-05
32,123,-1.237473651285034e-05
32,124,-1.1797322172544231e-05
32,125,-1.1677980989218431e-05
32,126,-1.224374393649578e-05
32,127,-1.3001020648226799e-05
33,0,-1.7454596115875355e-08
33,1,-2.15918604733032e-08
33,2,-2.7368826156475952e-08
33,3,-3.517028700099358e-08
33,4,-4.5566827810009966e-08
33,5,-5.889809150943235e-08
33,6,-7.595722636656049e-08
33,7,-9.402679553592083e-08
33,8,-1.3162819585073857e-07
33,9,-1.9485280033894682e-07
33,10,-3.050388734555135e-07
33,11,-5.177562986049736e-07
33,12,-8.600595671376359e-07
33,13,-1.44578790147448e-06
33,14,-2.4396364959117067e-06
33,15,-3.920420527083975e-06
33,16,-5.39441679797452e-06
33,17,-6.2096243239881165e-06
33,18,-6.7611874573998795e-06
33,19,-7.62554505900227e-06
33,20,-9.819956090749594e-06
33,21,-1.3200027269504475e-05
33,22,-2.2570879285010195e-05
33,23,-3.1547650711115085e-05
33,24,-3.5247376780873764e-05
33,25,-4.0151641816592266e-05
33,26,-4.7246190436809634e-05
33,27,-5.5829825355114444e-05
33,28,-6.506142950033458e-05
33,29,-7.436125477082625e-05
33,30,-8.345516901747403e-05
33,31,-9.22589233192929e-05
33,32,-0.0001008164504725864
33,33,-0.00010937678245388615
33,34,-0.00011791746258418361
33,35,-0.00012654833968682918
33,36,-0.00013411305724143213
33,37,-0.00014000422366723957
33,38,-0.00014401059011950765
33,39,-0.00014609627461876853
33,40,-0.00014634314187397785
33,41,-0.00014490430379444412
33,42,-0.00014198972319088847
33,43,-0.0001378466023236966
33,44,-0.00013275952543047632
33,45,-0.00012706849680634423
33,46,-0.0001197257234587273
33,47,-0.00011112842087651918
33,48,-0.00010231136243736787
33,49,-9.34613094944795e-05
33,50,-8.497264004338288e-05
33,51,-7.694519464473072e-05
33,52,-6.945906549847646e-05
33,53,-6.258404733725003e-05
33,54,-5.639420638241114e-05
33,55,-5.096858417337e-05
33,56,-4.638217468290976e-05
33,57,-4.2701405911308875e-05
33,58,-3.958791415640766e-05
33,59,-3.7289270392219806e-05
33,60,-3.598957062492934e-05
33,61,-3.535147251599807e-05
33,62,-3.5011465758320774e-05
33,63,-3.463581295857839e-05
33,64,-3.40141625493818e-05
33,65,-3.3097460578152946e-05
33,66,-3.199119904206871e-05
33,67,-3.090798442371919e-05
33,68,-3.0076117887945612e-05
33,69,-2.9724289002475385e-05
33,70,-2.9977170606443755e-05
33,71,-3.089803785250219e-05
33,72,-3.221278953285552e-05
33,73,-3.34843089550439e-05
33,74,-3.431290402865488e-05
33,75,-3.4446333313501394e-05
33,76,-3.3838071667342556e-05
33,77,-3.263993479502377e-05
33,78,-3.115382378813646e-05
33,79,-2.9753927454368585e-05
33,80,-2.8734858194141517e-05
33,81,-2.839930890746442e-05
33,82,-2.8844855820005135e-05
33,83,-2.9887532535651695e-05
33,84,-3.107469301568006e-05
33,85,-3.192592532873449e-05
33,86,-3.204097149706809e-05
33,87,-3.112918453692861e-05
33,88,-2.9115502285845706e-05
33,89,-2.6299128721266427e-05
33,90,-2.3400414475128985e-05
33,91,-2.1308315797569352e-05
33,92,-2.0604607226748713e-05
33,93,-2.156241025368634e-05
33,94,-2.3097430074474754e-05
33,95,-2.3907374420488774e-05
33,96,-2.3631817545049858e-05
33,97,-2.251452400757138e-05
33,98,-2.0610072650482727e-05
33,99,-1.7829581463637657e-05
33,100,-1.4676315314176961e-05
33,101,-1.2380615441976756e-05
33,102,-1.1961856310107438e-05
33,103,-1.325101393876481e-05
33,104,-1.3977361714525797e-05
33,105,-1.2873120990602484e-05
33,106,-1.0810411872202485e-05
33,107,-8.909650298927836e-06
33,108,-7.378144459585081e-06
33,109,-6.054047080428569e-06
33,110,-4.915255952460251e-06
33,111,-4.073073650703757e-06
33,112,-3.440497328002087e-06
33,113,-2.632120340272231e-06
33,114,-1.2091394925110386e-06
33,115,7.112164433375332e-07
33,116,2.3748480962610556e-06
33,117,3.2984283697711997e-06
33,118,3.881524955530442e-06
33,119,4.737069873469899e-06
33,120,5.868571361951326e-06
33,121,7.0417366471073524e-06
33,122,8.271315813247111e-06
33,123,9.386687914561149e-06
33,124,1.018655215434669e-05
33,125,1.0529370955920848e-05
33,126,1.018250073934115e-05
33,127,9.57445701710117e-06
34,0,-2.3925779880062737e-08
34,1,-2.9465841142850386e-08
34,2,-3.701042200805985e-08
34,3,-4.7092428789480215e-08
34,4,-6.042440726380435e-08
34,5,-7.738464536480118e-08
34,6,-9.893210819616052e-08
34,7,-1.2146406356023373e-07
34,8,-1.6830515387837753e-07
34,9,-2.4627177889901466e-07
34,10,-3.8086163448619197e-07
34,11,-6.384362313725789e-07
34,12,-1.0482032548495354e-06
34,13,-1.7427141139644585e-06
34,14,-2.9099144799533813e-06
34,15,-4.629264917778593e-06
34,16,-6.3082740761401905e-06
34,17,-7.19382819125003e-06
34,18,-7.762021074387647e-06
34,19,-8.677584062503335e-06
34,20,-1.1074489829998322e-05
34,21,-1.4750960005442185e-05
34,22,-2.4936765432749135e-05
34,23,-3.440267346044881e-05
34,24,-3.7962208331706006e-05
34,25,-4.2735447497281144e-05
34,26,-4.972388341631815e-05
34,27,-5.8132986973556226e-05
34,28,-6.706173337645337e-05
34,29,-7.591390910862775e-05
34,30,-8.442517995901937e-05
34,31,-9.253020478038308e-05
34,32,-0.0001002919984573979
34,33,-0.00010797245734471966
34,34,-0.00011539634369460105
34,35,-0.00012268872346252573
34,36,-0.00012887991455052319
34,37,-0.00013342424930435915
34,38,-0.00013617755627117953
34,39,-0.00013714142580100567
34,40,-0.00013642278528446718
34,41,-0.00013418940768607945
34,42,-0.0001306560745938192
34,43,-0.0001260664108266835
34,44,-0.00012069287543119356
34,45,-0.00011485262484179106
34,46,-0.0001075326904271967
34,47,-9.913069260759162e-05
34,48,-9.065012600556222e-05
34,49,-8.22515517751352e-05
34,50,-7.428158776076614e-05
34,51,-6.68077438427669e-05
34,52,-5.988192673562695e-05
34,53,-5.3552156538275254e-05
34,54,-4.787681976788937e-05
34,55,-4.2924170389880554e-05
34,56,-3.876165667186229e-05
34,57,-3.5447946118668695e-05
34,58,-3.2689757206785336e-05
34,59,-3.070918509938303e-05
34,60,-2.9649600923002402e-05
34,61,-2.9182256630115473e-05
34,62,-2.8950674527418074e-05
34,63,-2.8632296458670956e-05
34,64,-2.8027166371334133e-05
34,65,-2.7094517011585282e-05
34,66,-2.5945348965177088e-05
34,67,-2.4794803631591547e-05
34,68,-2.3871759712066804e-05
34,69,-2.3401530848778748e-05
34,70,-2.3505280697894063e-05
34,71,-2.424222918249582e-05
34,72,-2.535230048023019e-05
34,73,-2.6412158648242957e-05
34,74,-2.7034781143299752e-05
34,75,-2.697766275898826e-05
34,76,-2.6198055700033326e-05
34,77,-2.4845460036709536e-05
34,78,-2.3214004188252784e-05
34,79,-2.1665967234005007e-05
34,80,-2.0482757202129297e-05
34,81,-1.995503829769396e-05
34,82,-2.017779693898896e-05
34,83,-2.0972297913329438e-05
34,84,-2.1909711831101438e-05
34,85,-2.253257408201349e-05
34,86,-2.2459534358771918e-05
34,87,-2.1410819056437372e-05
34,88,-1.93076641018668e-05
34,89,-1.643172274385969e-05
34,90,-1.347397924572454e-05
34,91,-1.128794379716691e-05
34,92,-1.0427975453881186e-05
34,93,-1.1142021945008578e-05
34,94,-1.2387839287183727e-05
34,95,-1.291949426895375e-05
34,96,-1.2413909860097627e-05
34,97,-1.1125810696812403e-05
34,98,-9.103639743656009e-06
34,99,-6.2386066863539935e-06
34,100,-2.9958765679433865e-06
34,101,-5.530411109370788e-07
34,102,1.1171659444882517e-07
34,103,-8.231524864505484e-07
34,104,-1.1799379299286253e-06
34,105,2.4644119590000583e-07
34,106,2.594280418847115e-06
34,107,4.784043329552109e-06
34,108,6.637247727185222e-06
34,109,8.315701295869496e-06
34,110,9.84371119299585e-06
34,111,1.110348087212722e-05
34,112,1.2160019093927339e-05
34,113,1.3382153375959114e-05
34,114,1.5179803022398356e-05
34,115,1.7445576276623558e-05
34,116,1.9464649298013845e-05
34,117,2.077902511645862e-05
34,118,2.1759925253948213e-05
34,119,2.296467705314103e-05
34,120,2.4361110899465398e-05
34,121,2.574515015258685e-05
34,122,2.714712163051848e-05
34,123,2.8425116931977366e-05
34,124,2.9391279075635082e-05
34,125,2.9914054953551626e-05
34,126,2.9759803245842928e-05
34,127,2.929108885417494e-05
35,0,-3.079976890394401e-08
35,1,-3.775158235844954e-08
35,2,-4.6978105612694826e-08
35,3,-5.9175357392491864e-08
35,4,-7.517932374143656e-08
35,5,-9.537598731218209e-08
35,6,-1.2085050424465787e-07
35,7,-1.4713126770224837e-07
35,8,-2.01748771357894e-07
35,9,-2.917309350344858e-07
35,10,-4.4559545454951346e-07
35,11,-7.37532300619646e-07
35,12,-1.1966335933651253e-06
35,13,-1.967378942282364e-06
35,14,-3.250340983337827e-06
35,15,-5.1185523347287165e-06
35,16,-6.907184904295458e-06
35,17,-7.802849394476884e-06
35,18,-8.342626387975815e-06
35,19,-9.244495858790197e-06
35,20,-1.1691651548007865e-05
35,21,-1.5430672421630966e-05
35,22,-2.5788744689320335e-05
35,23,-3.511463520043474e-05
35,24,-3.826657088092118e-05
35,25,-4.256874640133814e-05
35,26,-4.8973306310210805e-05
35,27,-5.6644958251417704e-05
35,28,-6.468524850816708e-05
35,29,-7.252478900487824e-05
35,30,-7.9929860022746e-05
35,31,-8.68606994949285e-05
35,32,-9.339679596962642e-05
35,33,-9.979702973282664e-05
35,34,-0.00010576779103188621
35,35,-0.00011145034107886883
35,36,-0.0001161022234461418
35,37,-0.00011926274977967748
35,38,-0.00012084781002665663
35,39,-0.00012088370469784538
35,40,-0.00011948457002889936
35,41,-0.00011681306699552228
35,42,-0.00011306905831070697
35,43,-0.00010847418135204167
35,44,-0.00010327155572320932
35,45,-9.773797079367183e-05
35,46,-9.095734040986038e-05
35,47,-8.329872549738211e-05
35,48,-7.566976458758802e-05
35,49,-6.819844412146865e-05
35,50,-6.116885998977169e-05
35,51,-5.461760794759123e-05
35,52,-4.8571885700880984e-05
35,53,-4.3062267196855606e-05
35,54,-3.813535344398748e-05
35,55,-3.38520033846204e-05
35,56,-3.0275108137709457e-05
35,57,-2.745827235734711e-05
35,58,-2.516739565929292e-05
35,59,-2.359434357205854e-05
35,60,-2.2836170511963947e-05
35,61,-2.2581726170495134e-05
35,62,-2.249010804961824e-05
35,63,-2.2257655734987767e-05
35,64,-2.169985293675737e-05
35,65,-2.078616598615292e-05
35,66,-1.9632010793100637e-05
35,67,-1.8451944883694504e-05
35,68,-1.7472441997764454e-05
35,69,-1.691236254774092e-05
35,70,-1.688906410608268e-05
35,71,-1.7457020468689564e-05
35,72,-1.8372736710179084e-05
35,73,-1.9232784618052463e-05
35,74,-1.9668209533238517e-05
35,75,-1.9449322549657956e-05
35,76,-1.8537635395177688e-05
35,77,-1.7078160280250364e-05
35,78,-1.535301834815289e-05
35,79,-1.3707615173177187e-05
35,80,-1.2407584549425071e-05
35,81,-1.1727771314628376e-05
35,82,-1.1759492964450597e-05
35,83,-1.2331918120980527e-05
35,84,-1.304430124870103e-05
35,85,-1.3467549465574538e-05
35,86,-1.3243764277691419e-05
35,87,-1.2107166015616608e-05
35,88,-9.976379762795677e-06
35,89,-7.112137574234209e-06
35,90,-4.167648010572541e-06
35,91,-1.951302086626671e-06
35,92,-9.873489089039775e-07
35,93,-1.4968680114832858e-06
35,94,-2.4880222653494844e-06
35,95,-2.7852821132694154e-06
35,96,-2.107864627010155e-06
35,97,-7.197433500523812e-07
35,98,1.338950395862243e-06
35,99,4.198319815608152e-06
35,100,7.436720681307418e-06
35,101,9.939017405132527e-06
35,102,1.0771799496241846e-05
35,103,1.011890801672708e-05
35,104,1.0047819697767496e-05
35,105,1.1688953291515065e-05
35,106,1.4200848331246923e-05
35,107,1.6557532968772344e-05
35,108,1.8610914530946584e-05
35,109,2.0520549418023765e-05
35,110,2.231022295763726e-05
35,111,2.3857519314660768e-05
35,112,2.5207261723083592e-05
35,113,2.6709518719080663e-05
35,114,2.8742681144087446e-05
35,115,3.1211345593472855e-05
35,116,3.3447672979395396e-05
35,117,3.502647638871409e-05
35,118,3.628856604644364e-05
35,119,3.77287875743332e-05
35,120,3.9280974378608394e-05
35,121,4.077403487111231e-05
35,122,4.225894145540077e-05
35,123,4.3621192412371695e-05
35,124,4.46868271262817e-05
35,125,4.533638945571308e-05
35,126,4.534098125120536e-05
35,127,4.4997584462082216e-05
36,0,-3.532232564075827e-08
36,1,-4.304854734922332e-08
36,2,-5.3053852909374445e-08
36,3,-6.6137925470681e-08
36,4,-8.317403077511874e-08
36,5,-1.0450127621871977e-07
36,6,-1.312092463468018e-07
36,7,-1.5837414188658292e-07
36,8,-2.1486152038758442e-07
36,9,-3.0697151135643515e-07
36,10,-4.630145541720632e-07
36,11,-7.566207604283821e-07
36,12,-1.2130777568053071e-06
36,13,-1.9722409444946577e-06
36,14,-3.224048499172858e-06
36,15,-5.026114834358292e-06
36,16,-6.7170292789522505e-06
36,17,-7.517506468961346e-06
36,18,-7.96533723819785e-06
36,19,-8.74962693243296e-06
36,20,-1.0967382939208042e-05
36,21,-1.4344331598003096e-05
36,22,-2.370425212778253e-05
36,23,-3.186238214192325e-05
36,24,-3.4298230448103765e-05
36,25,-3.771157406507803e-05
36,26,-4.290881770614898e-05
36,27,-4.91163320399885e-05
36,28,-5.5542326817652e-05
36,29,-6.170747992120003e-05
36,30,-6.743285913538291e-05
36,31,-7.270658299353525e-05
36,32,-7.76141132556822e-05
36,33,-8.238431166271265e-05
36,34,-8.668650612714192e-05
36,35,-9.066858294810834e-05
36,36,-9.382659110326846e-05
36,37,-9.580488770498449e-05
36,38,-9.655668764980486e-05
36,39,-9.610920303799118e-05
36,40,-9.455703282047681e-05
36,41,-9.203211057677835e-05
36,42,-8.869545405946749e-05
36,43,-8.472494682410893e-05
36,44,-8.031473125357682e-05
36,45,-7.568399229967079e-05
36,46,-7.009057711310629e-05
36,47,-6.383983744098765e-05
36,48,-5.7667066637802984e-05
36,49,-5.1663598099741036e-05
36,50,-4.603910110891128e-05
36,51,-4.080589150376291e-05
36,52,-3.597376273326592e-05
36,53,-3.1563117819938765e-05
36,54,-2.7615428787918436e-05
36,55,-2.4189689529266182e-05
36,56,-2.1348854566544176e-05
36,57,-1.9145645161632573e-05
36,58,-1.7417881380623172e-05
36,59,-1.6324142786424267e-05
36,60,-1.5912654923052686e-05
36,61,-1.5899597747581255e-05
36,62,-1.596921263987172e-05
36,63,-1.5845008983121733e-05
36,64,-1.536302525361262e-05
36,65,-1.45043014133268e-05
36,66,-1.3386978079453356e-05
36,67,-1.2221371951570964e-05
36,68,-1.122761460677892e-05
36,69,-1.0614230364772497e-05
36,70,-1.0493888656786854e-05
36,71,-1.0915879451225163e-05
36,72,-1.1655853274108572e-05
36,73,-1.2337008727385792e-05
36,74,-1.2614411467518369e-05
36,75,-1.2274818827544412e-05
36,76,-1.1284167051894701e-05
36,77,-9.78008169789372e-06
36,78,-8.028051831579391e-06
36,79,-6.351250516542702e-06
36,80,-4.9964990432205305e-06
36,81,-4.2189072321497244e-06
36,82,-4.10507988355957e-06
36,83,-4.494879620164073e-06
36,84,-5.020011403488395e-06
36,85,-5.2856005529830005e-06
36,86,-4.961658976824767e-06
36,87,-3.7999475662129045e-06
36,88,-1.718238325240702e-06
36,89,1.0468480096486575e-06
36,90,3.889294224437816e-06
36,91,6.057134494261329e-06
36,92,7.060499988954775e-06
36,93,6.706113738089406e-06
36,94,5.9225222993620915e-06
36,95,5.798497366987658e-06
36,96,6.571847454771768e-06
36,97,7.976119748672732e-06
36,98,9.979391947966213e-06
36,99,1.2728653249546874e-05
36,100,1.585002324345187e-05
36,101,1.8305220252895297e-05
36,102,1.921324219819774e-05
36,103,1.875791036938474e-05
36,104,1.887384216625566e-05
36,105,2.0603364606170785e-05
36,106,2.3138417157790463e-05
36,107,2.5520331460974268e-05
36,108,2.7632067786956003e-05
36,109,2.962917712829543e-05
36,110,3.153101096090424e-05
36,111,3.321388461630317e-05
36,112,3.470634079756196e-05
36,113,3.633500990361884e-05
36,114,3.8446783573467834e-05
36,115,4.095633102258167e-05
36,116,4.325182804209465e-05
36,117,4.494965640973009e-05
36,118,4.635755191469777e-05
36,119,4.7902532423509025e-05
36,120,4.948765494350287e-05
36,121,5.0977938925639735e-05
36,122,5.2448781380278904e-05
36,123,5.380979033756198e-05
36,124,5.489976843523861e-05
36,125,5.561420983507874e-05
36,126,5.5736151680051314e-05
36,127,5.5499646235085496e-05
37,0,-3.0440382164449954e-08
37,1,-3.673497589615846e-08
37,2,-4.478295860390441e-08
37,3,-5.5210773169903415e-08
37,4,-6.869658244254666e-08
37,5,-8.545327938475059e-08
37,6,-1.0629824455257429e-07
37,7,-1.271963211280567e-07
37,8,-1.7074170586688075e-07
37,9,-2.4107220337932774e-07
37,10,-3.592370104086061e-07
37,11,-5.799726424224194e-07
37,12,-9.196304734125083e-07
37,13,-1.4799414381818268e-06
37,14,-2.3962944715379928e-06
37,15,-3.702231183335792e-06
37,16,-4.905657526468512e-06
37,17,-5.445621560434166e-06
37,18,-5.724975259006319e-06
37,19,-6.241362825527257e-06
37,20,-7.763452750559249e-06
37,21,-1.0075393018675592e-05
37,22,-1.6490281598136963e-05
37,23,-2.1924828869714264e-05
37,24,-2.3359196359584826e-05
37,25,-2.5438036063070657e-05
37,26,-2.8687962682631316e-05
37,27,-3.2574313237367e-05
37,28,-3.657214350237288e-05
37,29,-4.0377945304624376e-05
37,30,-4.389097877240827e-05
37,31,-4.711894931888428e-05
37,32,-5.0129754997152254e-05
37,33,-5.3079846852967327e-05
37,34,-5.5750605311761056e-05
37,35,-5.8267160962629364e-05
37,36,-6.03207291107714e-05
37,37,-6.167138599115377e-05
37,38,-6.226845982773869e-05
37,39,-6.210737297504936e-05
37,40,-6.122918119827355e-05
37,41,-5.9703755630438314e-05
37,42,-5.762574961462989e-05
37,43,-5.510677433169196e-05
37,44,-5.227406030952809e-05
37,45,-4.9274230814322946e-05
37,46,-4.562714847046238e-05
37,47,-4.153266462097296e-05
37,48,-3.74696488734846e-05
37,49,-3.3494314886112636e-05
37,50,-2.9736966450750718e-05
37,51,-2.6199258159322036e-05
37,52,-2.28867666837439e-05
37,53,-1.9821380270003815e-05
37,54,-1.7048826226391645e-05
37,55,-1.4633731816053215e-05
37,56,-1.2645175219829485e-05
37,57,-1.1140157092330609e-05
37,58,-1.003682867821166e-05
37,59,-9.459104773591147e-06
37,60,-9.408564046328048e-06
37,61,-9.639514783272527e-06
37,62,-9.87199330316856e-06
37,63,-9.864912109893562e-06
37,64,-9.479545582569623e-06
37,65,-8.709420744774864e-06
37,66,-7.672622783662376e-06
37,67,-6.5701061880665285e-06
37,68,-5.6104654922065e-06
37,69,-4.987319279935312e-06
37,70,-4.8074690730379006e-06
37,71,-5.11442125708514e-06
37,72,-5.705508912507766e-06
37,73,-6.237863903814499e-06
37,74,-6.3971378026962296e-06
37,75,-5.9900118995286785e-06
37,76,-4.98690427214638e-06
37,77,-3.5150302267433247e-06
37,78,-1.81784233660887e-06
37,79,-1.902898080436285e-07
37,80,1.142606030400222e-06
37,81,1.9494641742030838e-06
37,82,2.1497881083118998e-06
37,83,1.8896768933322506e-06
37,84,1.5002991567321858e-06
37,85,1.3366260799584067e-06
37,86,1.6964312043389452e-06
37,87,2.807172664312929e-06
37,88,4.750508397661617e-06
37,89,7.317111862822636e-06
37,90,9.956976771985764e-06
37,91,1.1985803905897356e-05
37,92,1.2952567166735896e-05
37,93,1.2692769747708014e-05
37,94,1.2059740409495244e-05
37,95,1.2037370677123007e-05
37,96,1.2818428781218446e-05
37,97,1.4141413105897511e-05
37,98,1.5984465219684432e-05
37,99,1.8507943347875832e-05
37,100,2.1389450355717123e-05
37,101,2.3681619760994385e-05
37,102,2.456387956098605e-05
37,103,2.4213330325558082e-05
37,104,2.4407464088657374e-05
37,105,2.608640864820471e-05
37,106,2.8490467613386133e-05
37,107,3.074387108176392e-05
37,108,3.275960022049751e-05
37,109,3.468649254402938e-05
37,110,3.653695765378633e-05
37,111,3.8190119232732024e-05
37,112,3.966245700072565e-05
37,113,4.125392562466294e-05
37,114,4.327653656283878e-05
37,115,4.565345045365683e-05
37,116,4.783866474685415e-05
37,117,4.9498919233108244e-05
37,118,5.090688057342514e-05
37,119,5.241647157601515e-05
37,120,5.3905382380850555e-05
37,121,5.527679467667701e-05
37,122,5.663365819888819e-05
37,123,5.7904645593461625e-05
37,124,5.8939737461851716e-05
37,125,5.965179685265299e-05
37,126,5.984402990877901e-05
37,127,5.969249544775177e-05
38,0,8.418264170183678e-11
38,1,9.13023535443847e-10
38,2,1.357389376600389e-09
38,3,1.8084563914632393e-09
38,4,2.3128745701212134e-09
38,5,2.8734600311446137e-09
38,6,3.4991183882829706e-09
38,7,4.034731525725099e-09
38,8,5.034286970627612e-09
38,9,6.282499819152806e-09
38,10,7.721605373258943e-09
38,11,9.197595212671931e-09
38,12,9.022848598999306e-09
38,13,5.170716406593445e-09
38,14,-7.128540355094546e-09
38,15,-3.5181134101602355e-08
38,16,-7.857265497258066e-08
38,17,-1.2232512563865692e-07
38,18,-1.6486878738984995e-07
38,19,-2.1839200941044654e-07
38,20,-3.2098926457480047e-07
38,21,-4.816937561178919e-07
38,22,-9.210629569434066e-07
38,23,-1.4306012343037131e-06
38,24,-1.7381033369920536e-06
38,25,-2.1253049186179106e-06
38,26,-2.665253537154829e-06
38,27,-3.3454689834618924e-06
38,28,-4.1377726060245576e-06
38,29,-5.0219745246693854e-06
38,30,-5.991386082879386e-06
38,31,-7.047721454541643e-06
38,32,-8.198508724156825e-06
38,33,-9.465933696688149e-06
38,34,-1.0981218900844007e-05
38,35,-1.278375119683133e-05
38,36,-1.4630825534740215e-05
38,37,-1.639584605330931e-05
38,38,-1.796009963182905e-05
38,39,-1.9244426679781406e-05
38,40,-2.01970485098634e-05
38,41,-2.0794122102120398e-05
38,42,-2.1039625972103074e-05
38,43,-2.096131240041589e-05
38,44,-2.060710070671557e-05
38,45,-2.004316113692715e-05
38,46,-1.9142524598378806e-05
38,47,-1.79560458932269e-05
38,48,-1.662564414271438e-05
38,49,-1.5181968711011337e-05
38,50,-1.3680494686722578e-05
38,51,-1.2132835680619895e-05
38,52,-1.0559437908983503e-05
38,53,-8.999944955536645e-06
38,54,-7.517221890938401e-06
38,55,-6.190816915465485e-06
38,56,-5.102451674139753e-06
38,57,-4.319010198969621e-06
38,58,-3.840005992024581e-06
38,59,-3.756557120797541e-06
38,60,-4.0324595854940025e-06
38,61,-4.470260359651429e-06
38,62,-4.836363694349659e-06
38,63,-4.933026305796944e-06
38,64,-4.6508088555837625e-06
38,65,-3.995189981579223e-06
38,66,-3.079928798403701e-06
38,67,-2.09006641163509e-06
38,68,-1.2161001185505112e-06
38,69,-6.314892380137718e-07
38,70,-4.348436674267095e-07
38,71,-6.636112859492763e-07
38,72,-1.1395683524210758e-06
38,73,-1.5610751349379753e-06
38,74,-1.6511126629325665e-06
38,75,-1.2399664473260805e-06
38,76,-3.023635280519899e-07
38,77,1.0484735420301573e-06
38,78,2.5967316212874765e-06
38,79,4.081679828974165e-06
38,80,5.3033063203083985e-06
38,81,6.058066893020751e-06
38,82,6.273233087365426e-06
38,83,6.077910765158927e-06
38,84,5.7625544990311716e-06
38,85,5.636743167608469e-06
38,86,5.9613254554005395e-06
38,87,6.939077509103009e-06
38,88,8.648303544776053e-06
38,89,1.0909628186782697e-05
38,90,1.3238887922493843e-05
38,91,1.5031206063291851e-05
38,92,1.5879582270819957e-05
38,93,1.5648061657633365e-05
38,94,1.5101141580526015e-05
38,95,1.5100581428880371e-05
38,96,1.5795081571877437e-05
38,97,1.693731957154924e-05
38,98,1.851606717426829e-05
38,99,2.0698159910467738e-05
38,100,2.3215231944058975e-05
38,101,2.5226021542588197e-05
38,102,2.598220347845145e-05
38,103,2.564654900760433e-05
38,104,2.581125491975654e-05
38,105,2.7300138752037308e-05
38,106,2.9418936586648693e-05
38,107,3.1390782272719315e-05
38,108,3.3156566619853683e-05
38,109,3.4855645365617525e-05
38,110,3.649127183279863e-05
38,111,3.79500680401018e-05
38,112,3.9242139057022815e-05
38,113,4.063655216629779e-05
38,114,4.2407139096346206e-05
38,115,4.4482038890699674e-05
38,116,4.6390070925253695e-05
38,117,4.785761650670351e-05
38,118,4.9121330303599575e-05
38,119,5.045769554759492e-05
38,120,5.172700068086469e-05
38,121,5.287228529796613e-05
38,122,5.4023556740801926e-05
38,123,5.512087302687196e-05
38,124,5.6023908748610307e-05
38,125,5.666550384089459e-05
38,126,5.6878295946621145e-05
38,127,5.678760610378969e-05
39,0,9.127206448132887e-08
39,1,1.1222725919553678e-07
39,2,1.3514545497220106e-07
39,3,1.6364319886618066e-07
39,4,1.9961746927028267e-07
39,5,2.4332394098359613e-07
39,6,2.9663258335601375e-07
39,7,3.479676933083474e-07
39,8,4.551962391027244e-07
39,9,6.232758388365622e-07
39,10,8.979932224746407e-07
39,11,1.3983585677306468e-06
39,12,2.14073478443708e-06
39,13,3.3287867446755024e-06
39,14,5.211639229916669e-06
39,15,7.790311859667147e-06
39,16,9.992783437238177e-06
39,17,1.0743963618330004e-05
39,18,1.0945719858693963e-05
39,19,1.1569913601337056e-05
39,20,1.3937812956682275e-05
39,21,1.7501979968884385e-05
39,22,2.7475375839584945e-05
39,23,3.4778237490808105e-05
39,24,3.5306242240216286e-05
39,25,3.665116472675534e-05
39,26,3.93988199645634e-05
39,27,4.261528566618983e-05
39,28,4.5522779473671666e-05
39,29,4.77372287114151e-05
39,30,4.917632111721461e-05
39,31,4.98993634111508e-05
39,32,5.002853891530387e-05
39,33,4.975872389707461e-05
39,34,4.8264361689143605e-05
39,35,4.57030656160715e-05
39,36,4.2501832705549464e-05
39,37,3.869589127651324e-05
39,38,3.455635536537871e-05
39,39,3.0280938947662952e-05
39,40,2.604872487467726e-05
39,41,2.200116312103304e-05
39,42,1.8239710096868705e-05
39,43,1.4827551215862192e-05
39,44,1.1796712119245052e-05
39,45,9.156429208321328e-06
39,46,6.600396634759019e-06
39,47,4.263873073409395e-06
39,48,2.403007119904193e-06
39,49,9.937715998732625e-07
39,50,3.606368628945983e-08
39,51,-5.203067328642461e-07
39,52,-7.35349535657698e-07
39,53,-6.859329013573074e-07
39,54,-4.661327382127996e-07
39,55,-1.800598561392557e-07
39,56,7.133373991189774e-08
39,57,2.057825389744799e-07
39,58,1.533115403162802e-07
39,59,-1.500755784284622e-07
39,60,-6.479040454620084e-07
39,61,-1.1991517422910212e-06
39,62,-1.6263945273818805e-06
39,63,-1.7813790577223876e-06
39,64,-1.586194794744245e-06
39,65,-1.056046614930613e-06
39,66,-2.9426696149322966e-07
39,67,5.381983990597348e-07
39,68,1.2769553555473304e-06
39,69,1.7746220250976234e-06
39,70,1.9442574022496626e-06
39,71,1.7547132945107253e-06
39,72,1.3567174360818774e-06
39,73,1.0034042121447088e-06
39,74,9.278455585248212e-07
39,75,1.2729307307710342e-06
39,76,2.0602181945815414e-06
39,77,3.1945023841911066e-06
39,78,4.493744765929494e-06
39,79,5.737877062083099e-06
39,80,6.755426325710432e-06
39,81,7.374460186395576e-06
39,82,7.5314969357119645e-06
39,83,7.334682825918409e-06
39,84,7.029345536023888e-06
39,85,6.874973294788402e-06
39,86,7.091953005873843e-06
39,87,7.854691989436936e-06
39,88,9.235040642715017e-06
39,89,1.1085883073521115e-05
39,90,1.2998575057361393e-05
39,91,1.445979846361599e-05
39,92,1.5114123410157042e-05
39,93,1.485281650067169e-05
39,94,1.433493488288803e-05
39,95,1.4282396209608884e-05
39,96,1.48027755377302e-05
39,97,1.5674917366863926e-05
39,98,1.6898867693894393e-05
39,99,1.863921945199397e-05
39,100,2.068229268614574e-05
39,101,2.2307985228660003e-05
39,102,2.285571593373221e-05
39,103,2.2465448661882002e-05
39,104,2.2512044066181646e-05
39,105,2.3689374482558203e-05
39,106,2.538869413244046e-05
39,107,2.6949237832352322e-05
39,108,2.833540944728629e-05
39,109,2.9671623492966543e-05
39,110,3.0950649880122624e-05
39,111,3.207278879987296e-05
39,112,3.3049594684041534e-05
39,113,3.411511219491985e-05
39,114,3.549889437005459e-05
39,115,3.712974323603286e-05
39,116,3.861929325374638e-05
39,117,3.976248802410432e-05
39,118,4.075878166708997e-05
39,119,4.1804409673418366e-05
39,120,4.2753685308069585e-05
39,121,4.359045227106616e-05
39,122,4.446739745263532e-05
39,123,4.532689684622767e-05
39,124,4.603500750846226e-05
39,125,4.654541907768244e-05
39,126,4.673113463532147e-05
39,127,4.6677082434074114e-05
40,0,3.146282053057634e-07
40,1,3.8329745679256516e-07
40,2,4.5648875012832983e-07
40,3,5.463602819592299e-07
40,4,6.589395391521475e-07
40,5,7.945626516334366e-07
40,6,9.587798722980318e-07
40,7,1.1139120206255e-06
40,8,1.439952611528474e-06
40,9,1.945410832808265e-06
40,10,2.7642803604982246e-06
40,11,4.244721962494917e-06
40,12,6.414951381824196e-06
40,13,9.856192139713116e-06
40,14,1.525854087755871e-05
40,15,2.25670550309088e-05
40,16,2.8655571231469125e-05
40,17,3.0512319286451602e-05
40,18,3.079664829645065e-05
40,19,3.226101148535484e-05
40,20,3.8508423218130095e-05
40,21,4.790850421081613e-05
40,22,7.434686783078106e-05
40,23,9.287604074285559e-05
40,24,9.311709500888777e-05
40,25,9.553939022143261e-05
40,26,0.00010159516494269921
40,27,0.0001088134494104107
40,28,0.00011523035171926032
40,29,0.00011994345843166009
40,30,0.00012282453455966287
40,31,0.0001240881262630606
40,32,0.00012408546733423678
40,33,0.00012332807479218812
40,34,0.0001198487970750922
40,35,0.00011417807361417348
40,36,0.00010732414368783837
40,37,9.927213044968539e-05
40,38,9.053765234554071e-05
40,39,8.146874416087536e-05
40,40,7.238712853680893e-05
40,41,6.355374863230778e-05
40,42,5.516766864740239e-05
40,43,4.736867017568808e-05
40,44,4.0249816354289005e-05
40,45,3.3871970617700486e-05
40,46,2.7452925060472295e-05
40,47,2.1333449466986088e-05
40,48,1.6183207694134383e-05
40,49,1.1954745764495926e-05
40,50,8.666700333897697e-06
40,51,6.196972295569546e-06
40,52,4.418597502828897e-06
40,53,3.1971731742670406e-06
40,54,2.393728219316925e-06
40,55,1.8715691933808162e-06
40,56,1.5063142152954456e-06
40,57,1.1969762780209207e-06
40,58,8.303730145732768e-07
40,59,3.5932898639044667e-07
40,60,-1.6713138678462405e-07
40,61,-6.686992620227327e-07
40,62,-1.0311279866720356e-06
40,63,-1.1585268649255915e-06
40,64,-1.003919699525871e-06
40,65,-5.876705484829111e-07
40,66,5.230871003497645e-09
40,67,6.475306181046325e-07
40,68,1.2103694722481397e-06
40,69,1.5789511068104794e-06
40,70,1.6832263529691714e-06
40,71,1.49872389030154e-06
40,72,1.1457796132364556e-06
40,73,8.229369320188675e-07
40,74,7.134310228299785e-07
40,75,9.304619526070503e-07
40,76,1.492400780471589e-06
40,77,2.3254879219693213e-06
40,78,3.286653616338178e-06
40,79,4.2017927790287935e-06
40,80,4.931524087261772e-06
40,81,5.338659443868444e-06
40,82,5.370814396961635e-06
40,83,5.112345866878279e-06
40,84,4.760631041095387e-06
40,85,4.522274500274479e-06
40,86,4.5747519273221084e-06
40,87,5.060680868927334e-06
40,88,6.041143235053876e-06
40,89,7.4015211591337384e-06
40,90,8.816544504318256e-06
40,91,9.875397574648977e-06
40,92,1.0284412539996782e-05
40,93,9.959681382127884e-06
40,94,9.436325677342402e-06
40,95,9.281505198584775e-06
40,96,9.568100860633277e-06
40,97,1.0115088342085014e-05
40,98,1.0933500067609912e-05
40,99,1.2173300855446415e-05
40,100,1.3673171309605445e-05
40,101,1.4848618549884074e-05
40,102,1.5147281316619126e-05
40,103,1.4678037700767962e-05
40,104,1.4563781920013988e-05
40,105,1.535791081231172e-05
40,106,1.6558267704122927e-05
40,107,1.7634178579021038e-05
40,108,1.8565713931070718e-05
40,109,1.9457159795976385e-05
40,110,2.029311765994705e-05
40,111,2.0993911399116344e-05
40,112,2.157984492967841e-05
40,113,2.2246510379518047e-05
40,114,2.3171305930022508e-05
40,115,2.427713365150731e-05
40,116,2.5264673842461028e-05
40,117,2.6004468352496736e-05
40,118,2.665928237747265e-05
40,119,2.7345122309653965e-05
40,120,2.792395305351005e-05
40,121,2.8418602478168054e-05
40,122,2.8994809596594514e-05
40,123,2.9587892219013575e-05
40,124,3.006652113308255e-05
40,125,3.0404401543545595e-05
40,126,3.052625250240088e-05
40,127,3.0488920082982456e-05
41,0,8.075615787840327e-07
41,1,9.789875450710126e-07
41,2,1.154217359590392e-06
41,3,1.3659561638816275e-06
41,4,1.6287785546640915e-06
41,5,1.9423821913399487e-06
41,6,2.319042648983295e-06
41,7,2.667031359744365e-06
41,8,3.404089656914338e-06
41,9,4.532325374515047e-06
41,10,6.341656831423367e-06
41,11,9.584820323301883e-06
41,12,1.427141413828068e-05
41,13,2.162072713347939e-05
41,14,3.3025230583237416e-05
41,15,4.821842379946786e-05
41,16,6.0470881437961345e-05
41,17,6.361737496825343e-05
41,18,6.34613519028358e-05
41,19,6.572277381943353e-05
41,20,7.753169059832435e-05
41,21,9.530225984515683e-05
41,22,0.00014567410244192212
41,23,0.00017879514777345936
41,24,0.0001762167924563663
41,25,0.00017782665511668463
41,26,0.00018608691034283868
41,27,0.00019624177285044452
41,28,0.00020473299704063468
41,29,0.0002100705301512037
41,30,0.0002121814804769868
41,31,0.00021157400002795734
41,32,0.00020895186300315394
41,33,0.00020524266186938182
41,34,0.00019683465921705928
41,35,0.00018487287651355712
41,36,0.00017148151983174158
41,37,0.00015665045871926774
41,38,0.00014120927123934486
41,39,0.00012564976005962283
41,40,0.00011041100041685767
41,41,9.583595312791675e-05
41,42,8.217780197013945e-05
41,43,6.960765561815444e-05
41,44,5.8233714952145314e-05
41,45,4.8120507745082924e-05
41,46,3.803950746939566e-05
41,47,2.8522053094716604e-05
41,48,2.0591202106863705e-05
41,49,1.4138768677984992e-05
41,50,9.1477438643127e-06
41,51,5.391934453389929e-06
41,52,2.6529137381367197e-06
41,53,7.228772919542167e-07
41,54,-5.904205049917347e-07
41,55,-1.4588682451827734e-06
41,56,-2.0293199461407772e-06
41,57,-2.4203626099587e-06
41,58,-2.741901294728778e-06
41,59,-3.0390730513051195e-06
41,60,-3.3072936816093355e-06
41,61,-3.524477251773874e-06
41,62,-3.6412691530965965e-06
41,63,-3.611775766184851e-06
41,64,-3.415364981473287e-06
41,65,-3.0701553533709784e-06
41,66,-2.633174065817293e-06
41,67,-2.1876076154208426e-06
41,68,-1.8167471531709098e-06
41,69,-1.5966169302551393e-06
41,70,-1.5735004283845463e-06
41,71,-1.7653082294772878e-06
41,72,-2.0862141584981214e-06
41,73,-2.396911670388252e-06
41,74,-2.56829798264316e-06
41,75,-2.5184040219349494e-06
41,76,-2.230905451080475e-06
41,77,-1.7547268930864087e-06
41,78,-1.1893880868787962e-06
41,79,-6.586860960103407e-07
41,80,-2.659225225266234e-07
41,81,-1.1137892717330892e-07
41,82,-2.3475933377116387e-07
41,83,-5.783342800840101e-07
41,84,-9.95833640687028e-07
41,85,-1.3344760025962734e-06
41,86,-1.4604003117912257e-06
41,87,-1.2655316774997262e-06
41,88,-7.045425408526023e-07
41,89,1.390722025731185e-07
41,90,1.029193374567995e-06
41,91,1.6666328829066195e-06
41,92,1.833445329212678e-06
41,93,1.4670833290262086e-06
41,94,9.572573541678525e-07
41,95,7.049811810600213e-07
41,96,7.586308602963527e-07
41,97,9.933655038353496e-07
41,98,1.4296929169079797e-06
41,99,2.187431982871679e-06
41,100,3.15192458433848e-06
41,101,3.887313904808643e-06
41,102,3.97675201260221e-06
41,103,3.4904469889637277e-06
41,104,3.2587260153695574e-06
41,105,3.68595006397771e-06
41,106,4.400519188698482e-06
41,107,5.0162632530386215e-06
41,108,5.519139839600889e-06
41,109,5.984344470050386e-06
41,110,6.391749769983303e-06
41,111,6.688250781868866e-06
41,112,6.910908029669532e-06
41,113,7.214880572611234e-06
41,114,7.714705174177488e-06
41,115,8.319415727476664e-06
41,116,8.821619454131889e-06
41,117,9.172839103017102e-06
41,118,9.500588766079438e-06
41,119,9.841464458406308e-06
41,120,1.0078715273727757e-05
41,121,1.027428032408721e-05
41,122,1.0591691869929125e-05
41,123,1.0948652530833318e-05
41,124,1.1210607300020367e-05
41,125,1.1369190417382929e-05
41,126,1.1412002983427872e-05
41,127,1.138115500355123e-05
42,0,1.8117682870615905e-06
42,1,2.1883301126790445e-06
42,2,2.5546903629207416e-06
42,3,2.989390728338447e-06
42,4,3.5236886530852467e-06
42,5,4.1547696688401975e-06
42,6,4.906333156783014e-06
42,7,5.583314337527684e-06
42,8,7.032172278489327e-06
42,9,9.219971175452748e-06
42,10,1.269165178950791e-05
42,11,1.886007039465909e-05
42,12,2.7636212005247465e-05
42,13,4.1235374523788224e-05
42,14,6.207376932691492e-05
42,15,8.936385105852379e-05
42,16,0.00011055186600734326
42,17,0.00011476807154103477
42,18,0.00011300905886405584
42,19,0.00011555669240711316
42,20,0.0001345384330957587
42,21,0.00016315353581989442
42,22,0.0002451663903592206
42,23,0.0002949178721787074
42,24,0.0002849972474891467
42,25,0.0002821010266034059
42,26,0.0002896617386569994
42,27,0.00029983163393770465
42,28,0.0003071292495700245
42,29,0.0003095126664965963
42,30,0.0003071356048215232
42,31,0.0003009681152377152
42,32,0.0002921871630305839
42,33,0.00028219664498538576
42,34,0.0002653121741926743
42,35,0.00024356815407541573
42,36,0.00022078278215013542
42,37,0.0001969984966583163
42,38,0.00017335759148443222
42,39,0.00015042082012718279
42,40,0.000128652144674016
42,41,0.00010838159776013591
42,42,8.982606290770533e-05
42,43,7.310652273240425e-05
42,44,5.827334410313883e-05
42,45,4.53257200430334e-05
42,46,3.273195185080767e-05
42,47,2.1147904735918524e-05
42,48,1.1784763773769928e-05
42,49,4.437620638133016e-06
42,50,-1.0106897185069366e-06
42,51,-4.909106502226238e-06
42,52,-7.57853713793679e-06
42,53,-9.303299958270476e-06
42,54,-1.0325862679181032e-05
42,55,-1.0846004258921978e-05
42,56,-1.102367668403013e-05
42,57,-1.0986785479507933e-05
42,58,-1.0777455838984345e-05
42,59,-1.045600278142565e-05
42,60,-1.010443115546045e-05
42,61,-9.747599095570028e-06
42,62,-9.395375018996536e-06
42,63,-9.04306998033761e-06
42,64,-8.687396211619813e-06
42,65,-8.334563604581638e-06
42,66,-8.003474743193228e-06
42,67,-7.723473066956182e-06
42,68,-7.52285462995772e-06
42,69,-7.4334584539709065e-06
42,70,-7.469076011067065e-06
42,71,-7.640527627118377e-06
42,72,-7.900950570423541e-06
42,73,-8.172075975069998e-06
42,74,-8.380804951060596e-06
42,75,-8.476871332617576e-06
42,76,-8.445264463137046e-06
42,77,-8.308535353565548e-06
42,78,-8.120889451132069e-06
42,79,-7.954241825899023e-06
42,80,-7.871502694132409e-06
42,81,-7.935475515305736e-06
42,82,-8.171847530311945e-06
42,83,-8.550506742971777e-06
42,84,-8.978832661419733e-06
42,85,-9.35565487483446e-06
42,86,-9.588974348773354e-06
42,87,-9.606865371169706e-06
42,88,-9.38528206703823e-06
42,89,-8.981222374681018e-06
42,90,-8.54068719123664e-06
42,91,-8.245692876457953e-06
42,92,-8.219220522766306e-06
42,93,-8.506457466111468e-06
42,94,-8.888397916278263e-06
42,95,-9.13383913273841e-06
42,96,-9.203933313835485e-06
42,97,-9.150680468309579e-06
42,98,-8.946944527989422e-06
42,99,-8.521635496475474e-06
42,100,-7.954157156389499e-06
42,101,-7.523944021757153e-06
42,102,-7.480785284471532e-06
42,103,-7.796867170093065e-06
42,104,-7.973320128984051e-06
42,105,-7.75521260404049e-06
42,106,-7.361508193324079e-06
42,107,-7.027089786441746e-06
42,108,-6.773501515852212e-06
42,109,-6.5647221350748484e-06
42,110,-6.417214275993141e-06
42,111,-6.352035374010836e-06
42,112,-6.309913954656368e-06
42,113,-6.17620804011733e-06
42,114,-5.91298868682151e-06
42,115,-5.631914979089537e-06
42,116,-5.449175230908154e-06
42,117,-5.331638598261064e-06
42,118,-5.188474992784697e-06
42,119,-5.058659693770092e-06
42,120,-5.021156898165919e-06
42,121,-4.973465571564886e-06
42,122,-4.779367815077387e-06
42,123,-4.5485640770637545e-06
42,124,-4.424051254760161e-06
42,125,-4.399981253680651e-06
42,126,-4.417006887245814e-06
42,127,-4.435454126524984e-06
43,0,3.6885441400772366e-06
43,1,4.441855406924295e-06
43,2,5.135231561319978e-06
43,3,5.941359336938807e-06
43,4,6.921954148800192e-06
43,5,8.067802432516691e-06
43,6,9.420516200018544e-06
43,7,1.0604200889371712e-05
43,8,1.3173018181510045e-05
43,9,1.6996266584706046e-05
43,10,2.2998423043130348e-05
43,11,3.3570551814031825e-05
43,12,4.836417168903703e-05
43,13,7.100196448347379e-05
43,14,0.00010522712637898117
43,15,0.0001492157182033169
43,16,0.00018189719302024398
43,17,0.0001861363960688466
43,18,0.00018071465661612045
43,19,0.0001822412097543829
43,20,0.00020914005943787448
43,21,0.00024987072379926577
43,22,0.00036843668724738957
43,23,0.00043334107555423936
43,24,0.0004095405304640558
43,25,0.0003965156686454333
43,26,0.0003982817136201521
43,27,0.00040330964152258795
43,28,0.00040414671850064416
43,29,0.00039840591582751084
43,30,0.00038668618537725133
43,31,0.0003705616306101116
43,32,0.00035173825282592674
43,33,0.00033205288753124056
43,34,0.0003036488886705019
43,35,0.0002696570544748118
43,36,0.00023597616693171738
43,37,0.00020270665724646207
43,38,0.0001711674315780596
43,39,0.0001418205596947419
43,40,0.00011498573968320421
43,41,9.082802312666029e-05
43,42,6.939790771224865e-05
43,43,5.0660025980318245e-05
43,44,3.4519861222606264e-05
43,45,2.0835987283201708e-05
43,46,8.058740117318616e-06
43,47,-3.1572530452038182e-06
43,48,-1.1690774185837694e-05
43,49,-1.7860800688163448e-05
43,50,-2.194110852612105e-05
43,51,-2.4392627541699255e-05
43,52,-2.5623831215077405e-05
43,53,-2.5976648008929163e-05
43,54,-2.5722908562243912e-05
43,55,-2.5068868859301266e-05
43,56,-2.4166926919539413e-05
43,57,-2.3136190076616895e-05
43,58,-2.187979887552553e-05
43,59,-2.04872952738097e-05
43,60,-1.9161989470852622e-05
43,61,-1.7954392881165194e-05
43,62,-1.6918107406291102e-05
43,63,-1.6073581024187662e-05
43,64,-1.54218570885224e-05
43,65,-1.4946961475585706e-05
43,66,-1.4621849440642032e-05
43,67,-1.4416257868910077e-05
43,68,-1.4297921309580171e-05
43,69,-1.4252215084415881e-05
43,70,-1.4251034700711898e-05
43,71,-1.429721779679271e-05
43,72,-1.438905699257388e-05
43,73,-1.450736124576446e-05
43,74,-1.463301533552109e-05
43,75,-1.4745811806766994e-05
43,76,-1.4831745709265798e-05
43,77,-1.488823983497639e-05
43,78,-1.4926357664530387e-05
43,79,-1.4968410374867468e-05
43,80,-1.5031953631355224e-05
43,81,-1.514376725331369e-05
43,82,-1.531508321278384e-05
43,83,-1.5542597728130366e-05
43,84,-1.579056356586038e-05
43,85,-1.600331561279059e-05
43,86,-1.6125744482294896e-05
43,87,-1.6122271441655285e-05
43,88,-1.599575075343089e-05
43,89,-1.5784521617724264e-05
43,90,-1.5549608050427747e-05
43,91,-1.535574021966135e-05
43,92,-1.5205839530102755e-05
43,93,-1.513141240498743e-05
43,94,-1.5112612505593158e-05
43,95,-1.5081605854207391e-05
43,96,-1.499211200347153e-05
43,97,-1.4810362509966012e-05
43,98,-1.450744143116268e-05
43,99,-1.4079753443809269e-05
43,100,-1.3586685580647586e-05
43,101,-1.3148512279697781e-05
43,102,-1.2812913349106287e-05
43,103,-1.259336117167824e-05
43,104,-1.2359563494962429e-05
43,105,-1.1998159129445051e-05
43,106,-1.1557535036952043e-05
43,107,-1.1122196102513795e-05
43,108,-1.0735289387144749e-05
43,109,-1.0412499024134057e-05
43,110,-1.0154589069329875e-05
43,111,-9.947043443696502e-06
43,112,-9.707985813669138e-06
43,113,-9.357980848944971e-06
43,114,-8.949455745309986e-06
43,115,-8.620371997776452e-06
43,116,-8.404871643288488e-06
43,117,-8.19660760223458e-06
43,118,-7.940798497397679e-06
43,119,-7.740532053358204e-06
43,120,-7.625037148605401e-06
43,121,-7.450030086970882e-06
43,122,-7.1412057500715965e-06
43,123,-6.838556729614733e-06
43,124,-6.69461196265894e-06
43,125,-6.6964583684908e-06
43,126,-6.7097173128127065e-06
43,127,-6.688651502007706e-06
44,0,6.795788088537955e-06
44,1,8.163188354112016e-06
44,2,9.347465755580056e-06
44,3,1.0693501326434488e-05
44,4,1.231307505976019e-05
44,5,1.4184394601147304e-05
44,6,1.637384332930951e-05
44,7,1.8226770683318034e-05
44,8,2.232309793953288e-05
44,9,2.8327235894522925e-05
44,10,3.765295357996589e-05
44,11,5.394224439823878e-05
44,12,7.633752669685358e-05
44,13,0.00011016312061291538
44,14,0.00016058029540804548
44,15,0.00022406490457759485
44,16,0.00026886497929519263
44,17,0.00027090076411015023
44,18,0.00025902369944816057
44,19,0.00025729783982398317
44,20,0.0002906565175404106
44,21,0.0003416123033357432
44,22,0.0004932493188357241
44,23,0.0005656604270114912
44,24,0.000521196635280965
44,25,0.0004918632856627192
44,26,0.0004813885825223749
44,27,0.0004747310511760342
44,28,0.00046299047370551365
44,29,0.0004438516436534864
44,30,0.00041853713072979783
44,31,0.00038922762407987655
44,32,0.000358048776153268
44,33,0.00032704439371870783
44,34,0.0002867746791381668
44,35,0.0002414110657037478
44,36,0.0001987308682885452
44,37,0.0001588224695041817
44,38,0.0001228740648199292
44,39,9.100769111014354e-05
44,40,6.318438195466092e-05
44,41,3.923330730901037e-05
44,42,1.890926842529021e-05
44,43,1.9286544182551817e-06
44,44,-1.2011034688617356e-05
44,45,-2.3236058272669648e-05
44,46,-3.2911268478662e-05
44,47,-4.055060712049519e-05
44,48,-4.546463838771503e-05
44,49,-4.8063107588827174e-05
44,50,-4.879286592868049e-05
44,51,-4.817028627610409e-05
44,52,-4.663855717095391e-05
44,53,-4.454910346255689e-05
44,54,-4.216086962476456e-05
44,55,-3.965048583039274e-05
44,56,-3.7132220626010045e-05
44,57,-3.4689990122140824e-05
44,58,-3.2036744945544774e-05
44,59,-2.9293504638460965e-05
44,60,-2.6793170711248877e-05
44,61,-2.4583758639264827e-05
44,62,-2.2738272501719074e-05
44,63,-2.128169261317813e-05
44,64,-2.020556709718719e-05
44,65,-1.9464893452460753e-05
44,66,-1.8985783854067526e-05
44,67,-1.868133302339088e-05
44,68,-1.8461154803049406e-05
44,69,-1.8267005727609555e-05
44,70,-1.8020046532205776e-05
44,71,-1.7713141954643666e-05
44,72,-1.7398750287538382e-05
44,73,-1.711020381980399e-05
44,74,-1.687555716868227e-05
44,75,-1.67011090089339e-05
44,76,-1.6574765789222966e-05
44,77,-1.6474210761977683e-05
44,78,-1.6375415650209155e-05
44,79,-1.6258739152965626e-05
44,80,-1.60906222573662e-05
44,81,-1.5865522766984006e-05
44,82,-1.5581262275126397e-05
44,83,-1.5257294467356736e-05
44,84,-1.4920158328591983e-05
44,85,-1.45504756172577e-05
44,86,-1.4122139717291626e-05
44,87,-1.3633417993893643e-05
44,88,-1.3117515584128947e-05
44,89,-1.2605352640867867e-05
44,90,-1.2087128860824094e-05
44,91,-1.15182272113691e-05
44,92,-1.0751416834839512e-05
44,93,-9.806187883277837e-06
44,94,-8.893297377921802e-06
44,95,-8.088068378595244e-06
44,96,-7.320085946195419e-06
44,97,-6.465295497633115e-06
44,98,-5.499587947468711e-06
44,99,-4.501505821387745e-06
44,100,-3.528895150875305e-06
44,101,-2.549427722255717e-06
44,102,-1.3796711487914958e-06
44,103,-6.334013797400136e-08
44,104,1.1383401109431799e-06
44,105,2.2155260916913272e-06
44,106,3.2948847871614694e-06
44,107,4.427545016745952e-06
44,108,5.538449729461533e-06
44,109,6.549686594546227e-06
44,110,7.492249791020862e-06
44,111,8.417106586538031e-06
44,112,9.420368488455083e-06
44,113,1.0555612355413841e-05
44,114,1.1668070103901936e-05
44,115,1.2592259511524133e-05
44,116,1.3360928526550994e-05
44,117,1.4139262381149705e-05
44,118,1.4945650708158565e-05
44,119,1.5629251230118003e-05
44,120,1.6209698903237367e-05
44,121,1.6877339175611704e-05
44,122,1.7609378192065118e-05
44,123,1.8246366499050958e-05
44,124,1.8628185970735914e-05
44,125,1.87639355627554e-05
44,126,1.8858328730259307e-05
44,127,1.896513598612821e-05
45,0,7.2133088001315414e-06
45,1,6.881356229370657e-06
45,2,7.775219034136991e-06
45,3,8.878685310325378e-06
45,4,9.918129868467004e-06
45,5,1.1321344338125705e-05
45,6,1.2888404863719618e-05
45,7,1.4252312909416706e-05
45,8,1.733544457537488e-05
45,9,2.1703611856984104e-05
45,10,2.8433021036394466e-05
45,11,4.021370668232111e-05
45,12,5.621251049758196e-05
45,13,8.01772415406504e-05
45,14,0.00011551448886475638
45,15,0.00015950592522898674
45,16,0.00019008614843783088
45,17,0.00019118772400235476
45,18,0.0001839344728351469
45,19,0.00018553041609355238
45,20,0.00021455319005530524
45,21,0.00025937145244626973
45,22,0.0003871318205335455
45,23,0.00045712649152141344
45,24,0.00042850762805645733
45,25,0.00040763534250745615
45,26,0.00039995192832934006
45,27,0.00039441845878746207
45,28,0.0003844361756090839
45,29,0.0003684829004107417
45,30,0.00034765914896120725
45,31,0.0003236543362774837
45,32,0.0002980133944943034
45,33,0.00027220478484379836
45,34,0.00023790734402165192
45,35,0.00019815509716236657
45,36,0.00015925661268355345
45,37,0.000121446193986543
45,38,8.615478275972973e-05
45,39,5.398667650354833e-05
45,40,2.5403973778834346e-05
45,41,6.798418909543466e-07
45,42,-2.009510923749231e-05
45,43,-3.699490345188835e-05
45,44,-5.023793436693688e-05
45,45,-6.018063525981739e-05
45,46,-6.765082960703698e-05
45,47,-7.221858190163317e-05
45,48,-7.360227229525097e-05
45,49,-7.244402255512708e-05
45,50,-6.950038945864847e-05
45,51,-6.544844699330915e-05
45,52,-6.082909753887635e-05
45,53,-5.60339842628652e-05
45,54,-5.1318847196729314e-05
45,55,-4.682847007440793e-05
45,56,-4.263035149115264e-05
45,57,-3.8758543412374923e-05
45,58,-3.474300577623143e-05
45,59,-3.072063062840872e-05
45,60,-2.712151392152319e-05
45,61,-2.3966079980407402e-05
45,62,-2.131977070890649e-05
45,63,-1.9193495689572512e-05
45,64,-1.756073118832588e-05
45,65,-1.6349997385507394e-05
45,66,-1.545242955985517e-05
45,67,-1.474131901286532e-05
45,68,-1.4082687130077069e-05
45,69,-1.338515456652242e-05
45,70,-1.2511888033729831e-05
45,71,-1.1443089119666854e-05
45,72,-1.0299769145503775e-05
45,73,-9.155971558021412e-06
45,74,-8.074172821954763e-06
45,75,-7.081072763959599e-06
45,76,-6.168699028173522e-06
45,77,-5.305238200135882e-06
45,78,-4.446143614272218e-06
45,79,-3.5429674558020326e-06
45,80,-2.504409244776644e-06
45,81,-1.2982218676384711e-06
45,82,8.779065260184698e-08
45,83,1.618781620665714e-06
45,84,3.196759595905078e-06
45,85,4.8156194560898325e-06
45,86,6.482352666321474e-06
45,87,8.170381138475798e-06
45,88,9.81751514130313e-06
45,89,1.1387733893087179e-05
45,90,1.2938178802426524e-05
45,91,1.4605160158253088e-05
45,92,1.6714697879508783e-05
45,93,1.9262193897703533e-05
45,94,2.1778920654643048e-05
45,95,2.4079951345831917e-05
45,96,2.6267063722665736e-05
45,97,2.854162732737109e-05
45,98,3.0916251258413117e-05
45,99,3.323017838264799e-05
45,100,3.541208822883842e-05
45,101,3.762897765984972e-05
45,102,4.029986794608352e-05
45,103,4.3375273101311236e-05
45,104,4.621341068304991e-05
45,105,4.870897163743941e-05
45,106,5.114455644077663e-05
45,107,5.36725102476454e-05
45,108,5.6185069359792315e-05
45,109,5.8539137527019764e-05
45,110,6.08115622280399e-05
45,111,6.308827615683102e-05
45,112,6.546216760270381e-05
45,113,6.797967358226326e-05
45,114,7.038374431006473e-05
45,115,7.248759766160183e-05
45,116,7.436488754444581e-05
45,117,7.621354303972858e-05
45,118,7.801514249905663e-05
45,119,7.959672491421634e-05
45,120,8.100918774763409e-05
45,121,8.250359906973405e-05
45,122,8.393437636378836e-05
45,123,8.514505122711898e-05
45,124,8.597416294650273e-05
45,125,8.64157295770408e-05
45,126,8.672997720237433e-05
45,127,8.697169524461102e-05
46,0,0.0
46,1,0.0
46,2,0.0
46,3,0.0
46,4,0.0
46,5,0.0
46,6,0.0
46,7,0.0
46,8,0.0
46,9,1.758626098815667e-15
46,10,3.0699930902016836e-13
46,11,2.3197489984295905e-11
46,12,7.243507361262154e-10
46,13,1.2078858579995366e-08
46,14,1.2320457952829371e-07
46,15,8.053529483232852e-07
46,16,3.2651287241896154e-06
46,17,8.507203780956302e-06
46,18,1.692179819011992e-05
46,19,2.936919709781733e-05
46,20,5.148849635353469e-05
46,21,8.46233163233309e-05
46,22,0.00016351393219823641
46,23,0.0002322535754990097
46,24,0.00024253480436196804
46,25,0.00024654667687838607
46,26,0.00025311793351616516
46,27,0.0002587484078910436
46,28,0.00026057406718634396
46,29,0.0002579129996981446
46,30,0.00025131814516280224
46,31,0.0002415704356835377
46,32,0.00022937526826267664
46,33,0.0002155249985249379
46,34,0.0001937491015499211
46,35,0.0001652709193460621
46,36,0.00013405718359885507
46,37,0.00010082935958566886
46,38,6.763501852778216e-05
46,39,3.595651175026705e-05
46,40,7.064824109106443e-06
46,41,-1.8116915828277768e-05
46,42,-3.9049038034084405e-05
46,43,-5.5555360327854975e-05
46,44,-6.777447823116247e-05
46,45,-7.611203073934806e-05
46,46,-8.114524227255018e-05
46,47,-8.255327051980455e-05
46,48,-8.052380630023612e-05
46,49,-7.595850280179315e-05
46,50,-6.98847524477128e-05
46,51,-6.30860468166455e-05
46,52,-5.6137245852812e-05
46,53,-4.9412912776836036e-05
46,54,-4.312185718329271e-05
46,55,-3.7348596544562834e-05
46,56,-3.2097577508251643e-05
46,57,-2.733924972517915e-05
46,58,-2.2497201492644152e-05
46,59,-1.7681629512119023e-05
46,60,-1.3346315059346068e-05
46,61,-9.479404077552645e-06
46,62,-6.125157528363746e-06
46,63,-3.276718715153482e-06
46,64,-8.953566984820085e-07
46,65,1.099101149624104e-06
46,66,2.8226060140290442e-06
46,67,4.409499687890035e-06
46,68,6.010277427951951e-06
46,69,7.731702714666246e-06
46,70,9.771428017226391e-06
46,71,1.2163118505642211e-05
46,72,1.4697734367116325e-05
46,73,1.7276391862422277e-05
46,74,1.9820400090377857e-05
46,75,2.2291413305364356e-05
46,76,2.4691144412719665e-05
46,77,2.7048125662471696e-05
46,78,2.9409127169031056e-05
46,79,3.18353858235914e-05
46,80,3.4478183760039185e-05
46,81,3.7390097540630676e-05
46,82,4.0586243581842367e-05
46,83,4.4026594499107964e-05
46,84,4.753532614794969e-05
46,85,5.109029916944466e-05
46,86,5.468885849372286e-05
46,87,5.8285122097358776e-05
46,88,6.179807886039256e-05
46,89,6.517890452418883e-05
46,90,6.85032254969106e-05
46,91,7.197173080349981e-05
46,92,7.608618622996734e-05
46,93,8.086518864718862e-05
46,94,8.55890100374773e-05
46,95,9.000839988251016e-05
46,96,9.424730663676328e-05
46,97,9.854746822112747e-05
46,98,0.00010290718610275355
46,99,0.00010710929567005034
46,100,0.00011106674632587413
46,101,0.00011505077083011822
46,102,0.00011966163189471047
46,103,0.00012487698025765673
46,104,0.00012975288194657592
46,105,0.00013411976407091576
46,106,0.0001383564425764266
46,107,0.00014266436012291988
46,108,0.00014692649617734397
46,109,0.00015095526613113374
46,110,0.00015488146533289258
46,111,0.00015882264843707593
46,112,0.00016284002243270506
46,113,0.0001669883651761647
46,114,0.00017092855448657418
46,115,0.00017446595818741313
46,116,0.00017768534192784857
46,117,0.00018078699284073467
46,118,0.00018372345226066515
46,119,0.0001863432655358203
46,120,0.00018869621635951808
46,121,0.0001911038941836111
46,122,0.00019329457000517354
46,123,0.00019514506618160948
46,124,0.00019650350426111637
46,125,0.00019734040593957116
46,126,0.00019794140545912668
46,127,0.00019834379205427579
47,0,0.0
47,1,0.0
47,2,0.0
47,3,0.0
47,4,0.0
47,5,0.0
47,6,0.0
47,7,0.0
47,8,2.909988451381784e-16
47,9,4.5812209874148125e-14
47,10,4.065946248779113e-12
47,11,1.6943227695595705e-10
47,12,3.3507562279314443e-09
47,13,3.912074215528707e-08
47,14,3.0138730475163987e-07
47,15,1.5780884661960734e-06
47,16,5.366955990371523e-06
47,17,1.2162840524182681e-05
47,18,2.1646588545323502e-05
47,19,3.435516314600693e-05
47,20,5.579298429383379e-05
47,21,8.590013729243931e-05
47,22,0.00015503972044469182
47,23,0.00020608552550860747
47,24,0.0002035214379911049
47,25,0.00019690337686188115
47,26,0.00019311905272726806
47,27,0.00018899087958604519
47,28,0.00018238263313254932
47,29,0.000173004114644842
47,30,0.0001614328435454495
47,31,0.0001483141720204252
47,32,0.00013415839619413753
47,33,0.00011944788867595732
47,34,9.950639066816601e-05
47,35,7.560276542812998e-05
47,36,5.12562769632651e-05
47,37,2.7126763076423935e-05
47,38,4.582404434959333e-06
47,39,-1.552473669918136e-05
47,40,-3.2558686833926094e-05
47,41,-4.6155934590309556e-05
47,42,-5.6222682783582485e-05
47,43,-6.289718271391571e-05
47,44,-6.650213141830887e-05
47,45,-6.750334301266723e-05
47,46,-6.58043159842583e-05
47,47,-6.145803850644709e-05
47,48,-5.520531894822179e-05
47,49,-4.7721140218338506e-05
47,50,-3.9797259982354796e-05
47,51,-3.19123328057152e-05
47,52,-2.4386113444282942e-05
47,53,-1.739654508586766e-05
47,54,-1.1010366306944551e-05
47,55,-5.215393582372927e-06
47,56,4.84534523523254e-08
47,57,4.865461792162473e-06
47,58,9.78868953651883e-06
47,59,1.4775939899069543e-05
47,60,1.9415659903123814e-05
47,61,2.372382711304573e-05
47,62,2.7667437151875006e-05
47,63,3.1256758775501246e-05
47,64,3.452422017725502e-05
47,65,3.753222553089214e-05
47,66,4.037019002424158e-05
47,67,4.3144659307466036e-05
47,68,4.5989909397656066e-05
47,69,4.9010290162540615e-05
47,70,5.2438785707316166e-05
47,71,5.631930960448227e-05
47,72,6.036314376467287e-05
47,73,6.446583190037388e-05
47,74,6.855460230025303e-05
47,75,7.259200964505781e-05
47,76,7.657537170488293e-05
47,77,8.052176931115074e-05
47,78,8.446687720485497e-05
47,79,8.847285501300288e-05
47,80,9.272563911509891e-05
47,81,9.729262332481664e-05
47,82,0.00010218085769461188
47,83,0.00010735583669866209
47,84,0.00011259011061038095
47,85,0.00011785167756839437
47,86,0.0001231361509887166
47,87,0.00012839347051885256
47,88,0.00013354594561128285
47,89,0.00013853638218142518
47,90,0.00014343385747498828
47,91,0.000148466325086984
47,92,0.00015420515148075291
47,93,0.00016070418827914687
47,94,0.0001671210149566244
47,95,0.0001731951167491962
47,96,0.00017904352233668116
47,97,0.0001848883726644671
47,98,0.0001907162481715023
47,99,0.00019630764306091035
47,100,0.00020157491466916484
47,101,0.00020683854629992496
47,102,0.00021271932201825838
47,103,0.00021925377350259177
47,104,0.00022541118841553845
47,105,0.00023099823544020585
47,106,0.00023639839840945633
47,107,0.00024180165651201165
47,108,0.0002471167565664391
47,109,0.0002521504386498841
47,110,0.0002570597294834032
47,111,0.00026198095320022587
47,112,0.00026692113289422746
47,113,0.00027195359025216487
47,114,0.0002767221630010199
47,115,0.0002810533114798342
47,116,0.0002850199747347008
47,117,0.0002888001318746375
47,118,0.00029233394511887426
47,119,0.00029552340336323676
47,120,0.0002983676928803324
47,121,0.00030123188135814234
47,122,0.00030376501280566945
47,123,0.00030590012223139575
47,124,0.0003075120828397761
47,125,0.00030855647235836773
47,126,0.00030930915169453314
47,127,0.00030978553578743214
48,0,0.0
48,1,0.0
48,2,0.0
48,3,0.0
48,4,0.0
48,5,0.0
48,6,9.009470407782465e-18
48,7,2.712028895162681e-16
48,8,2.2988908765916093e-14
48,9,1.2200116835313923e-12
48,10,4.805281712021299e-11
48,11,1.0810748762756153e-09
48,12,1.3285274553933782e-08
48,13,1.0681329457086542e-07
48,14,6.126407876637413e-07
48,15,2.5375177162786206e-06
48,16,7.160110986379175e-06
48,17,1.3978589283027804e-05
48,18,2.207179194163993e-05
48,19,3.179567951985944e-05
48,20,4.750910260582199e-05
48,21,6.809340331293292e-05
48,22,0.00011404051045980908
48,23,0.00014089599411387218
48,24,0.00013083510342505795
48,25,0.00011987607500964669
48,26,0.00011181674481777351
48,27,0.0001043133629848431
48,28,9.60604917790491e-05
48,29,8.694798653140672e-05
48,30,7.73277093007464e-05
48,31,6.753882151872187e-05
48,32,5.7812670885135675e-05
48,33,4.8332693222934125e-05
48,34,3.6664098680796383e-05
48,35,2.3716899336023595e-05
48,36,1.1519513535454138e-05
48,37,4.0515258269112017e-07
48,38,-9.051592229273375e-06
48,39,-1.6571131973902436e-05
48,40,-2.2003197464512545e-05
48,41,-2.5336194352881102e-05
48,42,-2.6681781972713376e-05
48,43,-2.6245173242157145e-05
48,44,-2.4293619727868723e-05
48,45,-2.1126799053183616e-05
48,46,-1.6339256838265293e-05
48,47,-1.0062570681034778e-05
48,48,-3.051359189933641e-06
48,49,4.342607056398813e-06
48,50,1.1676388309134469e-05
48,51,1.8751523786147746e-05
48,52,2.5453713186826637e-05
48,53,3.17365079158912e-05
48,54,3.7604421092032596e-05
48,55,4.309664161803311e-05
48,56,4.827485920947561e-05
48,57,5.3230465678767686e-05
48,58,5.844514648025458e-05
48,59,6.394205101752246e-05
48,60,6.930488889248613e-05
48,61,7.451111499621205e-05
48,62,7.951030717745131e-05
48,63,8.429592579889868e-05
48,64,8.887650384706606e-05
48,65,9.327857826426609e-05
48,66,9.754576597181263e-05
48,67,0.00010173879208930351
48,68,0.00010595695566864699
48,69,0.0001102959893658371
48,70,0.00011497822171452476
48,71,0.00012004251198282926
48,72,0.00012514935988810298
48,73,0.00013020291379968997
48,74,0.0001351555908375409
48,75,0.0001399863496202505
48,76,0.0001446992203924009
48,77,0.00014930604847847122
48,78,0.00015383442685273064
48,79,0.00015835019584481527
48,80,0.00016301501882555748
48,81,0.00016791169937264394
48,82,0.0001730267477396869
48,83,0.00017834087824068087
48,84,0.00018365422958773795
48,85,0.00018893361690753977
48,86,0.0001941827146762173
48,87,0.00019936628255000824
48,88,0.00020443655644593808
48,89,0.00020934494672980114
48,90,0.00021414518517174938
48,91,0.00021906055523490943
48,92,0.00022450437572238055
48,93,0.0002305792581968369
48,94,0.00023658128020557145
48,95,0.0002422804228251928
48,96,0.0002477586508804919
48,97,0.0002531689471262841
48,98,0.0002584974240006857
48,99,0.0002635834821121977
48,100,0.000268365653375627
48,101,0.00027315099501345406
48,102,0.0002783455777261169
48,103,0.0002840561371901909
48,104,0.00028946667859117457
48,105,0.0002943870804643723
48,106,0.00029910747329691285
48,107,0.0003037598489105483
48,108,0.00030831089829818693
48,109,0.0003126122421632149
48,110,0.000316795642590538
48,111,0.0003210012233867419
48,112,0.00032519010805515976
48,113,0.0003294523969015696
48,114,0.0003335078633245467
48,115,0.0003372294345980587
48,116,0.0003406622731407536
48,117,0.0003439351210708891
48,118,0.00034698512268679194
48,119,0.0003497760921727329
48,120,0.0003522326809133206
48,121,0.0003547066466933264
48,122,0.0003568590721754205
48,123,0.0003586804187281435
48,124,0.0003600847696621369
48,125,0.0003610269696193415
48,126,0.00036172652605921847
48,127,0.0003621647125105664
49,0,0.0
49,1,0.0
49,2,0.0
49,3,0.0
49,4,0.0
49,5,3.907647375758045e-17
49,6,1.5710264023570671e-15
49,7,3.372026552071412e-14
49,8,1.191798608447754e-12
49,9,2.7295855507980316e-11
49,10,4.927605060665445e-10
49,11,6.0541001255429325e-09
49,12,4.645365980198121e-08
49,13,2.5744945713287497e-07
49,14,1.097811912744036e-06
49,15,3.586551544256051e-06
49,16,8.365456252428278e-06
49,17,1.4012658084584621e-05
49,18,1.9552894546933552e-05
49,19,2.547738176709636e-05
49,20,3.492684362387383e-05
49,21,4.650687184598218e-05
49,22,7.22466367061958e-05
49,23,8.313887037115327e-05
49,24,7.298979989229777e-05
49,25,6.392097185122013e-05
49,26,5.7478453293098336e-05
49,27,5.208175832008962e-05
49,28,4.693397176453725e-05
49,29,4.191948264983246e-05
49,30,3.715953659235696e-05
49,31,3.276768680911102e-05
49,32,2.880966897417941e-05
49,33,2.5340725966939844e-05
49,34,2.1456177363349582e-05
49,35,1.76823125382697e-05
49,36,1.472902738247544e-05
49,37,1.2622297908117815e-05
49,38,1.1459224813648429e-05
49,39,1.1245333157776411e-05
49,40,1.1948737878989048e-05
49,41,1.3498933514309623e-05
49,42,1.579622207400083e-05
49,43,1.872405692658134e-05
49,44,2.2164888621325232e-05
49,45,2.6021996446833256e-05
49,46,3.06741510879298e-05
49,47,3.6094224156203876e-05
49,48,4.17811377169202e-05
49,49,4.759561356678912e-05
49,50,5.333389637462966e-05
49,51,5.8931950886103197e-05
49,52,6.435915894578391e-05
49,53,6.96059437545403e-05
49,54,7.467869846474854e-05
49,55,7.959534120729554e-05
49,56,8.438607759917878e-05
49,57,8.912218676159328e-05
49,58,9.417172251363756e-05
49,59,9.958171244607367e-05
49,60,0.00010494634153322258
49,61,0.00011020414447405927
49,62,0.00011529218557563067
49,63,0.00012019178903173782
49,64,0.0001248962532854178
49,65,0.00012940869023323295
49,66,0.0001337418914513038
49,67,0.00013792490620898157
49,68,0.00014201809768821908
49,69,0.00014610747268577746
49,70,0.00015032314874908787
49,71,0.00015469385742357435
49,72,0.0001589511729042334
49,73,0.00016302169437247977
49,74,0.00016688786340791396
49,75,0.00017054960199865615
49,76,0.0001740221518696636
49,77,0.0001773187023919787
49,78,0.00018046342718157395
49,79,0.00018352026733513206
49,80,0.00018656173095702073
49,81,0.00018967130509584622
49,82,0.00019281567654741896
49,83,0.00019599140586512123
49,84,0.00019910662073701897
49,85,0.00020213384691412104
49,86,0.00020508431872452712
49,87,0.00020794473767740828
49,88,0.0002107038795944869
49,89,0.00021333605507463737
49,90,0.0002158802080470883
49,91,0.00021851399934935358
49,92,0.0002213228772347131
49,93,0.00022443264509060978
49,94,0.00022751425862898846
49,95,0.00023040546489868665
49,96,0.00023314917987840987
49,97,0.00023581997326604836
49,98,0.0002384120216773713
49,99,0.00024084657141705296
49,100,0.0002430988533232747
49,101,0.0002453948264004048
49,102,0.00024780108836585936
49,103,0.00025045609891160176
49,104,0.00025298777887816914
49,105,0.0002552554996611434
49,106,0.0002574210924727583
49,107,0.0002595520650801516
49,108,0.00026166146771606765
49,109,0.00026366683148734986
49,110,0.0002656218107950199
49,111,0.0002676327910121535
49,112,0.00026964098625211093
49,113,0.0002717115970496277
49,114,0.00027368345762486144
49,115,0.0002754686913548506
49,116,0.0002770736835206381
49,117,0.0002785631020452519
49,118,0.00027988106091281586
49,119,0.00028103162745398764
49,120,0.0002819028874278075
49,121,0.0002827602239159879
49,122,0.00028341736893672194
49,123,0.00028391911188290544
49,124,0.00028424863367004034
49,125,0.00028440433165063543
49,126,0.00028454607897019827
49,127,0.00028466713362264523
50,0,0.0
50,1,0.0
50,2,0.0
50,3,5.815073689441443e-18
50,4,5.357954606106775e-16
50,5,1.8132963992977845e-14
50,6,3.0668884823777064e-13
50,7,3.0047087228788057e-12
50,8,4.1872450758267975e-11
50,9,4.561636135796657e-10
50,10,4.160425137767327e-09
50,11,2.9729848912258084e-08
50,12,1.4911794816154728e-07
50,13,5.891090980078726e-07
50,14,1.913930241624403e-06
50,15,5.020478212420734e-06
50,16,9.805514371325515e-06
50,17,1.4227841923796431e-05
50,18,1.7675396368621355e-05
50,19,2.0962743969226624e-05
50,20,2.6533010948986955e-05
50,21,3.3045207373283746e-05
50,22,4.811191806101662e-05
50,23,5.2344508615622565e-05
50,24,4.426793631031936e-05
50,25,3.79212315446684e-05
50,26,3.3803799790060244e-05
50,27,3.074999066027225e-05
50,28,2.8174478910205914e-05
50,29,2.592851351739652e-05
50,30,2.402210868032958e-05
50,31,2.247882241375006e-05
50,32,2.1310184094328748e-05
50,33,2.0541090726302842e-05
50,34,1.981735234076384e-05
50,35,1.9431273164917123e-05
50,36,1.9550415877175854e-05
50,37,2.008816700854983e-05
50,38,2.1008716622625566e-05
50,39,2.2267790507337526e-05
50,40,2.382445204065623e-05
50,41,2.5636425218739326e-05
50,42,2.766219553608914e-05
50,43,2.9863246021185935e-05
50,44,3.221096003397594e-05
50,45,3.4701035102025635e-05
50,46,3.7542230857290526e-05
50,47,4.077242704924799e-05
50,48,4.414496822010574e-05
50,49,4.7606353747133296e-05
50,50,5.106790312144196e-05
50,51,5.450445080622898e-05
50,52,5.790343328072184e-05
50,53,6.125714111755438e-05
50,54,6.456222562112169e-05
50,55,6.78194192760333e-05
50,56,7.103727549045245e-05
50,57,7.425846722525335e-05
50,58,7.769797649857373e-05
50,59,8.139377181345548e-05
50,60,8.506800805216056e-05
50,61,8.866583745754944e-05
50,62,9.214116393197625e-05
50,63,9.547881690292012e-05
50,64,9.867147872757553e-05
50,65,0.0001017164507842619
50,66,0.00010461546865386149
50,67,0.00010738109039697546
50,68,0.00011004283272060353
50,69,0.00011265869820474714
50,70,0.00011527957055858278
50,71,0.00011792269951847875
50,72,0.00012043449713460401
50,73,0.00012276956564093614
50,74,0.000124923563099475
50,75,0.00012690165090076117
50,76,0.00012871699652035798
50,77,0.00013037870779132463
50,78,0.00013190220107029454
50,79,0.00013333052142863914
50,80,0.0001346750680265057
50,81,0.00013599177773645894
50,82,0.00013724695726907558
50,83,0.00013844091290113184
50,84,0.0001395546437525957
50,85,0.00014057076278905926
50,86,0.00014149955697041503
50,87,0.00014234040854234142
50,88,0.00014309955986443164
50,89,0.00014376972695643399
50,90,0.00014437517748248783
50,91,0.0001450224442738077
50,92,0.00014561808663352455
50,93,0.00014625507632398189
50,94,0.00014687974748731213
50,95,0.00014740855918854686
50,96,0.00014786257627667353
50,97,0.0001482708393890942
50,98,0.00014863739773592703
50,99,0.00014894180979445744
50,100,0.00014918409982625635
50,101,0.00014948842023288406
50,102,0.00014975244363853234
50,103,0.00015008396184613412
50,104,0.00015042197646365516
50,105,0.00015068714368673288
50,106,0.00015093947029638698
50,107,0.00015119835616637543
50,108,0.00015148063812308736
50,109,0.00015174665516509968
50,110,0.00015198604022572914
50,111,0.00015224650095905663
50,112,0.000152473904524362
50,113,0.0001526911693007396
50,114,0.00015283818865381273
50,115,0.00015286835889517515
50,116,0.00015277657783093396
50,117,0.00015259069059251986
50,118,0.00015227842515422397
50,119,0.00015186203476100219
50,120,0.00015125502210985576
50,121,0.00015061515132948642
50,122,0.00014992399079046673
50,123,0.00014924730888813868
50,124,0.00014861808615040462
50,125,0.00014807163126947032
50,126,0.00014770876693063014
50,127,0.0001475435069500136
51,0,0.0
51,1,0.0
51,2,3.0781759275654656e-18
51,3,3.878982421146363e-16
51,4,1.5876661322401118e-14
51,5,2.932848473723418e-13
51,6,3.0498007547925708e-12
51,7,2.000762238886217e-11
51,8,1.720140578298934e-10
51,9,1.2410732875581044e-09
51,10,7.66695594504274e-09
51,11,3.957228480297164e-08
51,12,1.5240122308047743e-07
51,13,4.850206742094059e-07
51,14,1.3187872763562415e-06
51,15,2.9876273040802516e-06
51,16,5.170695880469209e-06
51,17,6.789213919302434e-06
51,18,7.772810994664827e-06
51,19,8.619772466130612e-06
51,20,1.0301807026624606e-05
51,21,1.2224411365680557e-05
51,22,1.6978986080995784e-05
51,23,1.773441088845357e-05
51,24,1.4594305380520414e-05
51,25,1.229540706331546e-05
51,26,1.0898625675513676e-05
51,27,9.903156586712467e-06
51,28,9.148307946648504e-06
51,29,8.468034595379447e-06
51,30,7.958765408966826e-06
51,31,7.5763831463979145e-06
51,32,7.319047727322024e-06
51,33,7.192376940263587e-06
51,34,7.094099153760327e-06
51,35,7.169764815934222e-06
51,36,7.277358884219675e-06
51,37,7.54654938624428e-06
51,38,7.904908412193477e-06
51,39,8.335860553704521e-06
51,40,8.865251222276374e-06
51,41,9.401461684281016e-06
51,42,9.963386578860519e-06
51,43,1.0623397922999216e-05
51,44,1.133672389383955e-05
51,45,1.1986942966151374e-05
51,46,1.2760233244298865e-05
51,47,1.3668752435663428e-05
51,48,1.4614187789142947e-05
51,49,1.5599320348154417e-05
51,50,1.65963007119934e-05
51,51,1.7594884590520867e-05
51,52,1.8591691498552438e-05
51,53,1.9588525964527722e-05
51,54,2.063470606616383e-05
51,55,2.1596225564588934e-05
51,56,2.2585439133157857e-05
51,57,2.3547632450121154e-05
51,58,2.461300228833428e-05
51,59,2.5770146508813777e-05
51,60,2.6921167383632788e-05
51,61,2.8051058727777923e-05
51,62,2.915685700336609e-05
51,63,3.019812989070433e-05
51,64,3.121055220778892e-05
51,65,3.2179624180800096e-05
51,66,3.309909971719705e-05
51,67,3.398579789644717e-05
51,68,3.4844229854854646e-05
51,69,3.5678580236654954e-05
51,70,3.645047251166231e-05
51,71,3.732520016968185e-05
51,72,3.809780360624992e-05
51,73,3.889014603240527e-05
51,74,3.957844573372889e-05
51,75,4.029105009943987e-05
51,76,4.08741468855926e-05
51,77,4.1445913803561805e-05
51,78,4.19567741619174e-05
51,79,4.2454668324691016e-05
51,80,4.288875319822118e-05
51,81,4.330056873114292e-05
51,82,4.3655697761629124e-05
51,83,4.394333342349652e-05
51,84,4.423998368543511e-05
51,85,4.4548049911581766e-05
51,86,4.4784821682299834e-05
51,87,4.496928158088317e-05
51,88,4.5107099250135576e-05
51,89,4.519647664279043e-05
51,90,4.524113365452323e-05
51,91,4.526298604276958e-05
51,92,4.524123802392315e-05
51,93,4.530689548716141e-05
51,94,4.530718964673737e-05
51,95,4.524582140083744e-05
51,96,4.511550591264318e-05
51,97,4.4998436640543124e-05
51,98,4.494933188803855e-05
51,99,4.483186602693758e-05
51,100,4.46442415641372e-05
51,101,4.4568578729931054e-05
51,102,4.441806938967627e-05
51,103,4.424415106657213e-05
51,104,4.4146094786614925e-05
51,105,4.405196013034309e-05
51,106,4.400027079173938e-05
51,107,4.396152918601634e-05
51,108,4.387926036952818e-05
51,109,4.376231352999233e-05
51,110,4.3594281857985285e-05
51,111,4.340584373494949e-05
51,112,4.31612186192367e-05
51,113,4.2885445584180576e-05
51,114,4.2570107593717716e-05
51,115,4.220747846988975e-05
51,116,4.179474548267194e-05
51,117,4.1340699019246783e-05
51,118,4.083987016412346e-05
51,119,4.0318366416499284e-05
51,120,3.9735460481139044e-05
51,121,3.915176336795832e-05
51,122,3.856136254225168e-05
51,123,3.795551531653769e-05
51,124,3.7316677451996444e-05
51,125,3.664908611188701e-05
51,126,3.5536483861323126e-05
51,127,3.458892174736763e-05
52,0,0.0
52,1,0.0
52,2,0.0
52,3,0.0
52,4,0.0
52,5,0.0
52,6,0.0
52,7,0.0
52,8,0.0
52,9,0.0
52,10,0.0
52,11,0.0
52,12,0.0
52,13,0.0
52,14,0.0
52,15,0.0
52,16,0.0
52,17,0.0
52,18,0.0
52,19,0.0
52,20,0.0
52,21,0.0
52,22,0.0
52,23,0.0
52,24,0.0
52,25,0.0
52,26,0.0
52,27,0.0
52,28,0.0
52,29,0.0
52,30,0.0
52,31,0.0
52,32,0.0
52,33,0.0
52,34,0.0
52,35,0.0
52,36,0.0
52,37,0.0
52,38,0.0
52,39,0.0
52,40,0.0
52,41,0.0
52,42,0.0
52,43,0.0
52,44,0.0
52,45,0.0
52,46,0.0
52,47,0.0
52,48,0.0
52,49,0.0
52,50,0.0
52,51,0.0
52,52,0.0
52,53,0.0
52,54,0.0
52,55,0.0
52,56,0.0
52,57,0.0
52,58,0.0
52,59,0.0
52,60,0.0
52,61,0.0
52,62,0.0
52,63,0.0
52,64,0.0
52,65,0.0
52,66,0.0
52,67,0.0
52,68,0.0
52,69,0.0
52,70,0.0
52,71,0.0
52,72,0.0
52,73,0.0
52,74,0.0
52,75,0.0
52,76,0.0
52,77,0.0
52,78,0.0
52,79,0.0
52,80,0.0
52,81,0.0
52,82,0.0
52,83,0.0
52,84,0.0
52,85,0.0
52,86,0.0
52,87,0.0
52,88,0.0
52,89,0.0
52,90,0.0
52,91,0.0
52,92,0.0
52,93,0.0
52,94,0.0
52,95,0.0
52,96,0.0
52,97,0.0
52,98,0.0
52,99,0.0
52,100,0.0
52,101,0.0
52,102,0.0
52,103,0.0
52,104,0.0
52,105,0.0
52,106,0.0
52,107,0.0
52,108,0.0
52,109,0.0
52,110,0.0
52,111,0.0
52,112,0.0
52,113,0.0
52,114,0.0
52,115,0.0
52,116,0.0
52,117,0.0
52,118,0.0
52,119,0.0
52,120,0.0
52,121,0.0
52,122,0.0
52,123,0.0
52,124,0.0
52,125,0.0
52,126,0.0
52,127,0.0
53,0,0.0
53,1,0.0
53,2,0.0
53,3,0.0
53,4,0.0
53,5,0.0
53,6,0.0
53,7,0.0
53,8,0.0
53,9,0.0
53,10,0.0
53,11,0.0
53,12,0.0
53,13,0.0
53,14,0.0
53,15,0.0
53,16,0.0
53,17,0.0
53,18,0.0
53,19,0.0
53,20,0.0
53,21,0.0
53,22,0.0
53,23,0.0
53,24,0.0
53,25,0.0
53,26,0.0
53,27,0.0
53,28,0.0
53,29,0.0
53,30,0.0
53,31,0.0
53,32,0.0
53,33,0.0
53,34,0.0
53,35,0.0
53,36,0.0
53,37,0.0
53,38,0.0
53,39,0.0
53,40,0.0
53,41,0.0
53,42,0.0
53,43,0.0
53,44,0.0
53,45,0.0
53,46,0.0
53,47,0.0
53,48,0.0
53,49,0.0
53,50,0.0
53,51,0.0
53,52,0.0
53,53,0.0
53,54,0.0
53,55,0.0
53,56,0.0
53,57,0.0
53,58,0.0
53,59,0.0
53,60,0.0
53,61,0.0
53,62,0.0
53,63,0.0
53,64,0.0
53,65,0.0
53,66,0.0
53,67,0.0
53,68,0.0
53,69,0.0
53,70,0.0
53,71,0.0
53,72,0.0
53,73,0.0
53,74,0.0
53,75,0.0
53,76,0.0
53,77,0.0
53,78,0.0
53,79,0.0
53,80,0.0
53,81,0.0
53,82,0.0
53,83,0.0
53,84,0.0
53,85,0.0
53,86,0.0
53,87,0.0
53,88,0.0
53,89,0.0
53,90,0.0
53,91,0.0
53,92,0.0
53,93,0.0
53,94,0.0
53,95,0.0
53,96,0.0
53,97,0.0
53,98,0.0
53,99,0.0
53,100,0.0
53,101,0.0
53,102,0.0
53,103,0.0
53,104,0.0
53,105,0.0
53,106,0.0
53,107,0.0
53,108,0.0
53,109,0.0
53,110,0.0
53,111,3.231426384880202e-16
53,112,6.407968253942329e-16
53,113,1.5892103126091054e-15
53,114,4.101919329586095e-15
53,115,5.3280480613240816e-15
53,116,9.033021273137968e-15
53,117,1.4869664877158218e-14
53,118,2.6818293849872828e-14
53,119,3.315165321702353e-14
53,120,4.4322502889481e-14
53,121,4.995988286116826e-14
53,122,6.804143854261857e-14
53,123,9.425607816431916e-14
53,124,1.028672804644783e-13
53,125,1.142140910919694e-13
53,126,1.250094551290351e-13
53,127,1.331367323000931e-13
54,0,0.0
54,1,0.0
54,2,0.0
54,3,0.0
54,4,0.0
54,5,0.0
54,6,0.0
54,7,0.0
54,8,0.0
54,9,0.0
54,10,0.0
54,11,0.0
54,12,0.0
54,13,0.0
54,14,0.0
54,15,0.0
54,16,0.0
54,17,0.0
54,18,0.0
54,19,0.0
54,20,0.0
54,21,0.0
54,22,0.0
54,23,0.0
54,24,0.0
54,25,0.0
54,26,0.0
54,27,0.0
54,28,0.0
54,29,0.0
54,30,0.0
54,31,0.0
54,32,0.0
54,33,0.0
54,34,0.0
54,35,0.0
54,36,0.0
54,37,0.0
54,38,0.0
54,39,0.0
54,40,0.0
54,41,0.0
54,42,0.0
54,43,0.0
54,44,0.0
54,45,0.0
54,46,0.0
54,47,0.0
54,48,0.0
54,49,0.0
54,50,0.0
54,51,0.0
54,52,0.0
54,53,0.0
54,54,0.0
54,55,0.0
54,56,0.0
54,57,0.0
54,58,0.0
54,59,0.0
54,60,0.0
54,61,0.0
54,62,0.0
54,63,0.0
54,64,0.0
54,65,0.0
54,66,0.0
54,67,0.0
54,68,0.0
54,69,0.0
54,70,0.0
54,71,0.0
54,72,0.0
54,73,0.0
54,74,0.0
54,75,0.0
54,76,0.0
54,77,0.0
54,78,0.0
54,79,0.0
54,80,0.0
54,81,0.0
54,82,0.0
54,83,0.0
54,84,0.0
54,85,0.0
54,86,0.0
54,87,0.0
54,88,0.0
54,89,0.0
54,90,0.0
54,91,0.0
54,92,-2.5929132285973013e-17
54,93,0.0
54,94,0.0
54,95,0.0
54,96,0.0
54,97,4.775374147199942e-17
54,98,4.7058391480156826e-17
54,99,1.3919479976857828e-16
54,100,2.4031012527869276e-16
54,101,4.4085004440036326e-16
54,102,1.215582629644484e-15
54,103,2.9255728915833604e-15
54,104,6.037920688656714e-15
54,105,1.173663225263543e-14
54,106,2.318211714112935e-14
54,107,4.392738963038245e-14
54,108,7.853186148224329e-14
54,109,1.361345577921331e-13
54,110,2.3185212827604107e-13
54,111,3.8455993621564957e-13
54,112,6.198507791641588e-13
54,113,9.743051124028272e-13
54,114,1.4650951482385105e-12
54,115,2.107850249025369e-12
54,116,2.9288014060688975e-12
54,117,3.959474227485169e-12
54,118,5.211958162378374e-12
54,119,6.634321120180831e-12
54,120,8.206750814110882e-12
54,121,9.93809453393445e-12
54,122,1.1664550363728106e-11
54,123,1.3332366930812208e-11
54,124,1.4835182600794363e-11
54,125,1.607727628183044e-11
54,126,1.7072415220673974e-11
54,127,1.767271249201325e-11
55,0,0.0
55,1,0.0
55,2,0.0
55,3,0.0
55,4,0.0
55,5,0.0
55,6,0.0
55,7,0.0
55,8,0.0
55,9,0.0
55,10,0.0
55,11,0.0
55,12,0.0
55,13,0.0
55,14,0.0
55,15,0.0
55,16,0.0
55,17,0.0
55,18,0.0
55,19,0.0
55,20,0.0
55,21,0.0
55,22,0.0
55,23,0.0
55,24,0.0
55,25,0.0
55,26,0.0
55,27,0.0
55,28,0.0
55,29,0.0
55,30,0.0
55,31,0.0
55,32,0.0
55,33,0.0
55,34,0.0
55,35,0.0
55,36,0.0
55,37,0.0
55,38,0.0
55,39,0.0
55,40,0.0
55,41,0.0
55,42,0.0
55,43,0.0
55,44,0.0
55,45,0.0
55,46,0.0
55,47,0.0
55,48,0.0
55,49,0.0
55,50,0.0
55,51,0.0
55,52,0.0
55,53,0.0
55,54,0.0
55,55,0.0
55,56,0.0
55,57,0.0
55,58,0.0
55,59,0.0
55,60,0.0
55,61,0.0
55,62,0.0
55,63,0.0
55,64,0.0
55,65,0.0
55,66,0.0
55,67,0.0
55,68,0.0
55,69,0.0
55,70,0.0
55,71,0.0
55,72,0.0
55,73,0.0
55,74,0.0
55,75,0.0
55,76,0.0
55,77,0.0
55,78,0.0
55,79,0.0
55,80,0.0
55,81,0.0
55,82,0.0
55,83,0.0
55,84,2.325980946474277e-19
55,85,4.564529962664617e-19
55,86,1.7924925286140986e-18
55,87,4.6217293797921466e-18
55,88,9.516696324234967e-18
55,89,1.6374635863255215e-17
55,90,3.9330139601237144e-17
55,91,6.820534841976359e-17
55,92,1.5091565275820232e-16
55,93,3.383960924249686e-16
55,94,6.982895787355365e-16
55,95,1.3211507064625385e-15
55,96,2.3637346436846886e-15
55,97,4.08070643922445e-15
55,98,6.781923028394163e-15
55,99,1.0555243162659456e-14
55,100,1.5391648961488417e-14
55,101,2.358229816836847e-14
55,102,4.331872284466161e-14
55,103,8.119908313399541e-14
55,104,1.323129958104198e-13
55,105,1.9426459757924203e-13
55,106,2.6315142890793727e-13
55,107,3.2514842978112154e-13
55,108,3.4402138702020685e-13
55,109,2.562748732956971e-13
55,110,-3.575825993017343e-14
55,111,-7.164507780475807e-13
55,112,-2.055726278116683e-12
55,113,-4.3907043948667465e-12
55,114,-8.054327520507191e-12
55,115,-1.3404859011441768e-11
55,116,-2.0790918386827698e-11
55,117,-3.049950143797911e-11
55,118,-4.274859640538957e-11
55,119,-5.7484082969970245e-11
55,120,-7.483331566757651e-11
55,121,-9.432819349205432e-11
55,122,-1.146374179862228e-10
55,123,-1.3458662392147715e-10
55,124,-1.5295875560023619e-10
55,125,-1.686583075974223e-10
55,126,-1.80605226430239e-10
55,127,-1.8730536874445693e-10
56,0,0.0
56,1,0.0
56,2,0.0
56,3,0.0
56,4,0.0
56,5,0.0
56,6,0.0
56,7,0.0
56,8,0.0
56,9,0.0
56,10,0.0
56,11,0.0
56,12,0.0
56,13,0.0
56,14,0.0
56,15,0.0
56,16,0.0
56,17,0.0
56,18,0.0
56,19,0.0
56,20,0.0
56,21,0.0
56,22,0.0
56,23,0.0
56,24,0.0
56,25,0.0
56,26,0.0
56,27,0.0
56,28,0.0
56,29,0.0
56,30,0.0
56,31,0.0
56,32,0.0
56,33,0.0
56,34,0.0
56,35,0.0
56,36,0.0
56,37,0.0
56,38,0.0
56,39,0.0
56,40,0.0
56,41,0.0
56,42,0.0
56,43,0.0
56,44,0.0
56,45,0.0
56,46,0.0
56,47,0.0
56,48,0.0
56,49,0.0
56,50,0.0
56,51,0.0
56,52,0.0
56,53,0.0
56,54,0.0
56,55,0.0
56,56,0.0
56,57,0.0
56,58,0.0
56,59,0.0
56,60,0.0
56,61,0.0
56,62,0.0
56,63,0.0
56,64,0.0
56,65,0.0
56,66,0.0
56,67,0.0
56,68,0.0
56,69,0.0
56,70,0.0
56,71,0.0
56,72,0.0
56,73,0.0
56,74,0.0
56,75,2.7219429621627e-21
56,76,1.0126246986214761e-20
56,77,1.7750130176098593e-20
56,78,5.730792353384976e-20
56,79,1.7666950293211496e-19
56,80,4.674666064518159e-19
56,81,1.2050983302299703e-18
56,82,3.0487168882356175e-18
56,83,7.417796834803056e-18
56,84,1.6358187875126125e-17
56,85,3.3601002791568246e-17
56,86,6.455598824488218e-17
56,87,1.1555698964176734e-16
56,88,1.894366669413455e-16
56,89,2.772905691441645e-16
56,90,3.641829715137161e-16
56,91,4.661911548545916e-16
56,92,6.508427435834334e-16
56,93,8.853989029811802e-16
56,94,8.23901018187701e-16
56,95,-3.93467341234781e-17
56,96,-2.3642702956910323e-15
56,97,-7.081453737433549e-15
56,98,-1.553036924728579e-14
56,99,-3.0472367430619975e-14
56,100,-5.833383014371822e-14
56,101,-1.0998408838515304e-13
56,102,-2.1479687362281346e-13
56,103,-4.227989375983189e-13
56,104,-7.795727720211215e-13
56,105,-1.3500019509256739e-12
56,106,-2.233029832134803e-12
56,107,-3.559843564414279e-12
56,108,-5.4852250122504205e-12
56,109,-8.19259738989981e-12
56,110,-1.2026877497081594e-11
56,111,-1.7309479016202464e-11
56,112,-2.43778025253432e-11
56,113,-3.352201953364022e-11
56,114,-4.452730068833784e-11
56,115,-5.727801801345345e-11
56,116,-7.179710236159112e-11
56,117,-8.813061493656628e-11
56,118,-1.0599246240591248e-10
56,119,-1.2439068964440846e-10
56,120,-1.4294033853568514e-10
56,121,-1.6146669380125097e-10
56,122,-1.78738172331413e-10
56,123,-1.9436671571742966e-10
56,124,-2.0779689806363669e-10
56,125,-2.1877360062870335e-10
56,126,-2.2762043016640487e-10
56,127,-2.330694757917081e-10
57,0,0.0
57,1,0.0
57,2,0.0
57,3,0.0
57,4,0.0
57,5,0.0
57,6,0.0
57,7,0.0
57,8,0.0
57,9,0.0
57,10,0.0
57,11,0.0
57,12,0.0
57,13,0.0
57,14,0.0
57,15,0.0
57,16,0.0
57,17,0.0
57,18,0.0
57,19,0.0
57,20,0.0
57,21,0.0
57,22,0.0
57,23,0.0
57,24,0.0
57,25,0.0
57,26,0.0
57,27,0.0
57,28,0.0
57,29,0.0
57,30,0.0
57,31,0.0
57,32,0.0
57,33,0.0
57,34,0.0
57,35,0.0
57,36,0.0
57,37,0.0
57,38,0.0
57,39,0.0
57,40,0.0
57,41,0.0
57,42,0.0
57,43,0.0
57,44,0.0
57,45,0.0
57,46,0.0
57,47,0.0
57,48,0.0
57,49,0.0
57,50,0.0
57,51,0.0
57,52,0.0
57,53,0.0
57,54,0.0
57,55,0.0
57,56,0.0
57,57,0.0
57,58,0.0
57,59,0.0
57,60,0.0
57,61,0.0
57,62,0.0
57,63,0.0
57,64,0.0
57,65,0.0
57,66,0.0
57,67,6.390414370593602e-25
57,68,6.871743253458862e-24
57,69,2.016920214033233e-23
57,70,9.371259471992202e-23
57,71,3.504918692067357e-22
57,72,1.2735987909456715e-21
57,73,4.0028761840159934e-21
57,74,1.1395106859544546e-20
57,75,2.992648695821537e-20
57,76,7.140419801258098e-20
57,77,1.5556243452356994e-19
57,78,3.115158946111777e-19
57,79,5.776499874146243e-19
57,80,1.0121997533894464e-18
57,81,1.6333487520383876e-18
57,82,2.233534265619742e-18
57,83,1.8660018759857938e-18
57,84,-1.915303484777675e-18
57,85,-1.3740456834586212e-17
57,86,-4.103481627667514e-17
57,87,-9.450957300772925e-17
57,88,-1.9002755290474767e-16
57,89,-3.545540858794877e-16
57,90,-6.340829057584196e-16
57,91,-1.0973270466110967e-15
57,92,-1.9480196706290137e-15
57,93,-3.4693111552510015e-15
57,94,-5.818563509352037e-15
57,95,-9.16475417233118e-15
57,96,-1.3678014599889011e-14
57,97,-1.9474390869544125e-14
57,98,-2.6321501743009472e-14
57,99,-3.368395089633913e-14
57,100,-4.1956772135838774e-14
57,101,-5.381301530575296e-14
57,102,-7.472206616481987e-14
57,103,-1.0482999566272389e-13
57,104,-1.3128375566592433e-13
57,105,-1.4085578061546405e-13
57,106,-1.217427984648836e-13
57,107,-5.619267340345692e-14
57,108,8.45390563122725e-14
57,109,3.359178917931839e-13
57,110,7.587251317228915e-13
57,111,1.428360659497368e-12
57,112,2.4388095482705353e-12
57,113,3.88623738934648e-12
57,114,5.815475660980882e-12
57,115,8.282357470856346e-12
57,116,1.131118304256037e-11
57,117,1.4886486407406437e-11
57,118,1.9000030384478315e-11
57,119,2.3588815895761334e-11
57,120,2.8638897394474967e-11
57,121,3.398176802143954e-11
57,122,3.9230800416421855e-11
57,123,4.416002338208884e-11
57,124,4.855735522760796e-11
57,125,5.2221211104863944e-11
57,126,5.489710814360604e-11
57,127,5.6322925836569954e-11
58,0,0.0
58,1,0.0
58,2,0.0
58,3,0.0
58,4,0.0
58,5,0.0
58,6,0.0
58,7,0.0
58,8,0.0
58,9,0.0
58,10,0.0
58,11,0.0
58,12,0.0
58,13,0.0
58,14,0.0
58,15,0.0
58,16,0.0
58,17,0.0
58,18,0.0
58,19,0.0
58,20,0.0
58,21,0.0
58,22,0.0
58,23,0.0
58,24,0.0
58,25,0.0
58,26,0.0
58,27,0.0
58,28,0.0
58,29,0.0
58,30,0.0
58,31,0.0
58,32,0.0
58,33,0.0
58,34,0.0
58,35,0.0
58,36,0.0
58,37,0.0
58,38,0.0
58,39,0.0
58,40,0.0
58,41,0.0
58,42,0.0
58,43,0.0
58,44,0.0
58,45,0.0
58,46,0.0
58,47,0.0
58,48,0.0
58,49,0.0
58,50,0.0
58,51,0.0
58,52,0.0
58,53,0.0
58,54,0.0
58,55,0.0
58,56,0.0
58,57,0.0
58,58,0.0
58,59,0.0
58,60,2.319413647185176e-28
58,61,3.613623285788348e-28
58,62,4.049307763791452e-27
58,63,1.9139231364241258e-26
58,64,8.615486632297318e-26
58,65,3.4553488280503537e-25
58,66,1.1838629743118236e-24
58,67,3.76014103382999e-24
58,68,1.1165362662003204e-23
58,69,3.060177447138313e-23
58,70,8.078024732208047e-23
58,71,1.905224717772758e-22
58,72,3.5099146925171548e-22
58,73,3.8613730315026666e-22
58,74,-4.1872756667219533e-22
58,75,-4.176903836475253e-21
58,76,-1.6153622860269238e-20
58,77,-4.791182871766427e-20
58,78,-1.2232122294438074e-19
58,79,-2.808373933658611e-19
58,80,-6.123789118329372e-19
58,81,-1.2662438508618285e-18
58,82,-2.5052795267468232e-18
58,83,-4.712342404113729e-18
58,84,-8.249134759206093e-18
58,85,-1.3471592286486628e-17
58,86,-2.049091440122512e-17
58,87,-2.8809882259120974e-17
58,88,-3.700879709808205e-17
58,89,-4.295390948462313e-17
58,90,-4.4625157524803796e-17
58,91,-4.038423739468051e-17
58,92,-2.3931587761713627e-17
58,93,2.1846555455970642e-17
58,94,1.250861352238397e-16
58,95,3.233644938712598e-16
58,96,6.564044493607293e-16
58,97,1.1731592641693297e-15
58,98,1.95193938626272e-15
58,99,3.1234896227759458e-15
58,100,4.868876635941354e-15
58,101,7.399294391058575e-15
58,102,1.1433152348495808e-14
58,103,1.7810152016200767e-14
58,104,2.6882738279604658e-14
58,105,3.927355252896867e-14
58,106,5.5718674906006794e-14
58,107,7.712523036714525e-14
58,108,1.0451886167110942e-13
58,109,1.3885189254898648e-13
58,110,1.826640489680022e-13
58,111,2.375759986756936e-13
58,112,3.0497396442418627e-13
58,113,3.857417106999524e-13
58,114,4.773268575687211e-13
58,115,5.791754002953754e-13
58,116,6.909499585883224e-13
58,117,8.115772340953195e-13
58,118,9.390852062059262e-13
58,119,1.0690823524058464e-12
58,120,1.1998558920454453e-12
58,121,1.328865572403742e-12
58,122,1.4481843950719583e-12
58,123,1.5555430921834973e-12
58,124,1.6482978886247412e-12
58,125,1.7241452258690144e-12
58,126,1.7804595018012227e-12
58,127,1.811395118324438e-12
59,0,0.0
59,1,0.0
59,2,0.0
59,3,0.0
59,4,0.0
59,5,0.0
59,6,0.0
59,7,0.0
59,8,0.0
59,9,0.0
59,10,0.0
59,11,0.0
59,12,0.0
59,13,0.0
59,14,0.0
59,15,0.0
59,16,0.0
59,17,0.0
59,18,0.0
59,19,0.0
59,20,0.0
59,21,0.0
59,22,0.0
59,23,0.0
59,24,0.0
59,25,0.0
59,26,0.0
59,27,0.0
59,28,0.0
59,29,0.0
59,30,0.0
59,31,0.0
59,32,0.0
59,33,0.0
59,34,0.0
59,35,0.0
59,36,0.0
59,37,0.0
59,38,0.0
59,39,0.0
59,40,0.0
59,41,0.0
59,42,0.0
59,43,0.0
59,44,0.0
59,45,0.0
59,46,0.0
59,47,0.0
59,48,0.0
59,49,0.0
59,50,0.0
59,51,0.0
59,52,0.0
59,53,0.0
59,54,1.650396831283783e-33
59,55,1.1267770787849494e-32
59,56,7.737965425229375e-32
59,57,4.246024600946117e-31
59,58,2.4020292362990016e-30
59,59,1.3423981736156695e-29
59,60,6.186424339721202e-29
59,61,2.3480886964974044e-28
59,62,6.882325253731982e-28
59,63,1.286150740480324e-27
59,64,-5.982857588171828e-28
59,65,-1.8489667612597115e-26
59,66,-1.0192422639432956e-25
59,67,-3.9960917339547856e-25
59,68,-1.3218898459671981e-24
59,69,-3.86501674650399e-24
59,70,-1.10464755715157e-23
59,71,-2.996505831844132e-23
59,72,-7.281261785346256e-23
59,73,-1.5954223776279162e-22
59,74,-3.1645420836575717e-22
59,75,-5.682987841100284e-22
59,76,-9.189729906471642e-22
59,77,-1.31593307850337e-21
59,78,-1.5929861903495781e-21
59,79,-1.3824342847335243e-21
59,80,1.4818178439639585e-22
59,81,4.6751825971588854e-21
59,82,1.562968577156426e-20
59,83,3.893394260286849e-20
59,84,8.234727747553734e-20
59,85,1.5673576194290616e-19
59,86,2.765370261566359e-19
59,87,4.615031244872234e-19
59,88,7.394127563014224e-19
59,89,1.147858221372864e-18
59,90,1.7340474570658024e-18
59,91,2.5552879786181797e-18
59,92,3.838172777517825e-18
59,93,5.8166957357206494e-18
59,94,8.565192859271955e-18
59,95,1.225834512474534e-17
59,96,1.7058865983843638e-17
59,97,2.3136722455053778e-17
59,98,3.069188070060472e-17
59,99,4.004296949083969e-17
59,100,5.170190659109362e-17
59,101,6.634537633393273e-17
59,102,8.6707711300894e-17
59,103,1.1438726402307243e-16
59,104,1.4779651742901417e-16
59,105,1.8706009973759655e-16
59,106,2.3293389958155476e-16
59,107,2.8628251747631014e-16
59,108,3.476239057941804e-16
59,109,4.168460145406002e-16
59,110,4.963077409375376e-16
59,111,5.859814032117328e-16
59,112,6.850401069392618e-16
59,113,7.927110562140919e-16
59,114,9.042942168351514e-16
59,115,1.0193781897348918e-15
59,116,1.1387840358668055e-15
59,117,1.2621324354971473e-15
59,118,1.3859601747963028e-15
59,119,1.5036767592917147e-15
59,120,1.612320661410564e-15
59,121,1.712492542035381e-15
59,122,1.80087755003839e-15
59,123,1.879060337823869e-15
59,124,1.9465026818166444e-15
59,125,2.0023932378393127e-15
59,126,2.0458327516017113e-15
59,127,2.0707348527695332e-15
60,0,0.0
60,1,0.0
60,2,0.0
60,3,0.0
60,4,0.0
60,5,0.0
60,6,0.0
60,7,0.0
60,8,0.0
60,9,0.0
60,10,0.0
60,11,0.0
60,12,0.0
60,13,0.0
60,14,0.0
60,15,0.0
60,16,0.0
60,17,0.0
60,18,0.0
60,19,0.0
60,20,0.0
60,21,0.0
60,22,0.0
60,23,0.0
60,24,0.0
60,25,0.0
60,26,0.0
60,27,0.0
60,28,0.0
60,29,0.0
60,30,0.0
60,31,0.0
60,32,0.0
60,33,0.0
60,34,0.0
60,35,0.0
60,36,0.0
60,37,0.0
60,38,0.0
60,39,0.0
60,40,0.0
60,41,0.0
60,42,0.0
60,43,0.0
60,44,0.0
60,45,0.0
60,46,0.0
60,47,0.0
60,48,3.479972620282177e-40
60,49,3.15261530167063e-39
60,50,2.3197695410497423e-38
60,51,1.2602071143760366e-37
60,52,1.5002605660772332e-37
60,53,-5.624314142621488e-36
60,54,-7.38013097958383e-35
60,55,-5.845476013525922e-34
60,56,-3.534478793550388e-33
60,57,-1.7580266538597478e-32
60,58,-8.986752321118036e-32
60,59,-4.2675035156303365e-31
60,60,-1.7240236681480494e-30
60,61,-5.975557281057908e-30
60,62,-1.7800515967071124e-29
60,63,-4.573189175699339e-29
60,64,-1.003160069668432e-28
60,65,-1.8010788235293498e-28
60,66,-2.246695949938902e-28
60,67,7.293583512662596e-30
60,68,1.2436700604916724e-27
60,69,5.324846324079575e-27
60,70,1.7909573627856938e-26
60,71,5.271185443057649e-26
60,72,1.3522227827178622e-25
60,73,3.134622414588316e-25
60,74,6.708536041455191e-25
60,75,1.3446079136701657e-24
60,76,2.5496740821202496e-24
60,77,4.6073413413572e-24
60,78,7.977342156057362e-24
60,79,1.3294745685683614e-23
60,80,2.1852407158796726e-23
60,81,3.530147031268619e-23
60,82,5.627799993813332e-23
60,83,8.814337331037552e-23
60,84,1.3338342123543358e-22
60,85,1.952900480989406e-22
60,86,2.7723003751406286e-22
60,87,3.828636559211678e-22
60,88,5.169300234852706e-22
60,89,6.859670123683085e-22
60,90,8.983840488615645e-22
60,91,1.1639431558786223e-21
60,92,1.533770978878297e-21
60,93,2.03902592811591e-21
60,94,2.6569431500296784e-21
60,95,3.393648836478757e-21
60,96,4.2526734212842185e-21
60,97,5.231577936416595e-21
60,98,6.316528660736425e-21
60,99,7.498172984399176e-21
60,100,8.793837402134229e-21
60,101,1.0247922541236713e-20
60,102,1.2043685452824075e-20
60,103,1.4153805600867903e-20
60,104,1.626129620694098e-20
60,105,1.8300218165081274e-20
60,106,2.03451775469395e-20
60,107,2.246317820637046e-20
60,108,2.4625462337139097e-20
60,109,2.671950495465967e-20
60,110,2.865623317914573e-20
60,111,3.0277886731537283e-20
60,112,3.141261249257549e-20
60,113,3.197921957324882e-20
60,114,3.191664792711708e-20
60,115,3.1394185493414136e-20
60,116,3.0821327788239936e-20
60,117,3.049484690326673e-20
60,118,3.014013867841525e-20
60,119,2.9175631604254137e-20
60,120,2.7356198323747575e-20
60,121,2.5162559916179078e-20
60,122,2.3241529918303256e-20
60,123,2.196296133964983e-20
60,124,2.1363025280429152e-20
60,125,2.148979914310247e-20
60,126,2.2403084699602827e-20
60,127,2.3373402381765173e-20
61,0,0.0
61,1,0.0
61,2,0.0
61,3,0.0
61,4,0.0
61,5,0.0
61,6,0.0
61,7,0.0
61,8,0.0
61,9,0.0
61,10,0.0
61,11,0.0
61,12,0.0
61,13,0.0
61,14,0.0
61,15,0.0
61,16,0.0
61,17,0.0
61,18,0.0
61,19,0.0
61,20,0.0
61,21,0.0
61,22,0.0
61,23,0.0
61,24,0.0
61,25,0.0
61,26,0.0
61,27,0.0
61,28,0.0
61,29,0.0
61,30,0.0
61,31,0.0
61,32,0.0
61,33,0.0
61,34,0.0
61,35,0.0
61,36,0.0
61,37,0.0
61,38,0.0
61,39,0.0
61,40,1.1977683830275106e-49
61,41,2.1869973741459764e-48
61,42,2.3136196598334594e-47
61,43,2.6313847797250744e-46
61,44,2.3736530352116148e-45
61,45,1.7814613794142294e-44
61,46,1.5835101672056158e-43
61,47,1.4130164702037285e-42
61,48,1.1911197407554387e-41
61,49,9.405474278037205e-41
61,50,6.7640640154449755e-40
61,51,4.376317579468419e-39
61,52,2.5191893134943443e-38
61,53,1.2856074588255726e-37
61,54,5.834412867774913e-37
61,55,2.3712194686674094e-36
61,56,8.706488268812289e-36
61,57,2.916555550385518e-35
61,58,1.0378537327818927e-34
61,59,3.6619288229423996e-34
61,60,1.1824419733842753e-33
61,61,3.506892182637237e-33
61,62,9.561639472762774e-33
61,63,2.4160924065918098e-32
61,64,5.698572613976589e-32
61,65,1.2626070351632316e-31
61,66,2.6432944669443522e-31
61,67,5.256879764274815e-31
61,68,1.0072520255968384e-30
61,69,1.8616553101157918e-30
61,70,3.473220684810621e-30
61,71,6.439601213839044e-30
61,72,1.1405860821400077e-29
61,73,1.9367006334846545e-29
61,74,3.1654284946807924e-29
61,75,5.000918743430816e-29
61,76,7.667397357651573e-29
61,77,1.1447575692654022e-28
61,78,1.6688515193593357e-28
61,79,2.3806175801307104e-28
61,80,3.3751787029181576e-28
61,81,4.742981448057891e-28
61,82,6.613680145230726e-28
61,83,9.116317987625993e-28
61,84,1.2248202398280964e-27
61,85,1.600489278432267e-27
61,86,2.0284445361291782e-27
61,87,2.4896249574296015e-27
61,88,2.9652561538692118e-27
61,89,3.4475507902381124e-27
61,90,3.9403634158046775e-27
61,91,4.4441626185698694e-27
61,92,4.966617403879826e-27
61,93,5.369504709885595e-27
61,94,5.3990613579819376e-27
61,95,4.897380482561097e-27
61,96,3.763605889613319e-27
61,97,1.809485070998571e-27
61,98,-1.3500242494272714e-27
61,99,-6.1152792790600824e-27
61,100,-1.2572464193972775e-26
61,101,-2.0544816429557456e-26
61,102,-3.138238046488523e-26
61,103,-4.705095691708428e-26
61,104,-6.865652965583529e-26
61,105,-9.670824845738429e-26
61,106,-1.3014571012587257e-25
61,107,-1.6802640662084485e-25
61,108,-2.1038941669661685e-25
61,109,-2.576094544835633e-25
61,110,-3.1218533923740643e-25
61,111,-3.7501484182318136e-25
61,112,-4.460962085642483e-25
61,113,-5.255678971904955e-25
61,114,-6.11382430407687e-25
61,115,-7.026608631661384e-25
61,116,-7.9468580031966195e-25
61,117,-8.820566536756012e-25
61,118,-9.655707834147255e-25
61,119,-1.0499058315239458e-24
61,120,-1.136257207560398e-24
61,121,-1.21956178119378e-24
61,122,-1.2908204163283044e-24
61,123,-1.348738081873239e-24
61,124,-1.3940465909575751e-24
61,125,-1.4237636346719275e-24
61,126,-1.4326806007996992e-24
61,127,-1.4284586912991838e-24
62,0,0.0
62,1,0.0
62,2,0.0
62,3,0.0
62,4,0.0
62,5,0.0
62,6,0.0
62,7,0.0
62,8,0.0
62,9,0.0
62,10,0.0
62,11,0.0
62,12,0.0
62,13,0.0
62,14,0.0
62,15,0.0
62,16,0.0
62,17,0.0
62,18,0.0
62,19,0.0
62,20,0.0
62,21,0.0
62,22,0.0
62,23,0.0
62,24,0.0
62,25,0.0
62,26,0.0
62,27,0.0
62,28,0.0
62,29,0.0
62,30,0.0
62,31,0.0
62,32,2.117624738435484e-62
62,33,2.671773793011647e-61
62,34,1.3631259549246798e-59
62,35,8.680796381336364e-58
62,36,4.343509890265176e-56
62,37,1.5631976329845253e-54
62,38,3.851589973691148e-53
62,39,6.664006460365036e-52
62,40,8.473185960808328e-51
62,41,8.286808077432698e-50
62,42,6.4864500199420995e-49
62,43,4.199949740529702e-48
62,44,2.311752375552071e-47
62,45,1.1072280291528847e-46
62,46,5.855267327364223e-46
62,47,3.028020738303999e-45
62,48,1.4111881282210487e-44
62,49,5.88995974623488e-44
62,50,2.1817836880636424e-43
62,51,7.27249683673253e-43
62,52,2.206991223244944e-42
62,53,6.158299634207303e-42
62,54,1.5934959114073078e-41
62,55,3.851993653550134e-41
62,56,8.756818426124492e-41
62,57,1.884474217641773e-40
62,58,4.204289173619342e-40
62,59,9.423112520451235e-40
62,60,2.0048777846688795e-39
62,61,4.0599391693097755e-39
62,62,7.82341033876033e-39
62,63,1.4405753646588486e-38
62,64,2.5417386930402405e-38
62,65,4.30304063544489e-38
62,66,6.991344697190962e-38
62,67,1.0893295408266026e-37
62,68,1.6335818214273985e-37
62,69,2.344229212629904e-37
62,70,3.2462833486312235e-37
62,71,4.168964976567056e-37
62,72,4.554314906835564e-37
62,73,3.4321792047557323e-37
62,74,-8.325796222121527e-38
62,75,-1.0714254925133844e-36
62,76,-2.9675885958396273e-36
62,77,-6.23639808979124e-36
62,78,-1.1497783859244333e-35
62,79,-1.958923684148607e-35
62,80,-3.228928239166131e-35
62,81,-5.173959740216414e-35
62,82,-8.115403664448461e-35
62,83,-1.241427670617252e-34
62,84,-1.8303096413669997e-34
62,85,-2.628879138937579e-34
62,86,-3.7209726483723042e-34
62,87,-5.21320499723879e-34
62,88,-7.181321924972711e-34
62,89,-9.597786262812814e-34
62,90,-1.231575538630661e-33
62,91,-1.5164196842998383e-33
62,92,-1.8402667096897137e-33
62,93,-2.220467002848379e-33
62,94,-2.6350374242353284e-33
62,95,-3.0187476690036712e-33
62,96,-3.207980966367403e-33
62,97,-3.0236907885033326e-33
62,98,-2.335630472619998e-33
62,99,-9.358690518419843e-34
62,100,1.706064714656034e-33
62,101,6.424180470686653e-33
62,102,1.5081917057315508e-32
62,103,2.90327278150023e-32
62,104,4.794109743069534e-32
62,105,7.291147543960334e-32
62,106,1.059048217871358e-31
62,107,1.4864466718774431e-31
62,108,2.023307963928013e-31
62,109,2.6792228355982826e-31
62,110,3.4948193170553597e-31
62,111,4.488644959053001e-31
62,112,5.677501778367252e-31
62,113,7.060772713849856e-31
62,114,8.543866792925804e-31
62,115,1.0055030099272336e-30
62,116,1.1553287877972526e-30
62,117,1.3023341536289096e-30
62,118,1.4424560420785399e-30
62,119,1.5658705656135785e-30
62,120,1.6665213529350414e-30
62,121,1.7414311017271195e-30
62,122,1.7813892109056206e-30
62,123,1.7841346460304523e-30
62,124,1.751267557276549e-30
62,125,1.69749201427967e-30
62,126,1.6499208690473262e-30
62,127,1.624973108466116e-30
63,0,0.0
63,1,0.0
63,2,0.0
63,3,0.0
63,4,0.0
63,5,0.0
63,6,0.0
63,7,0.0
63,8,0.0
63,9,0.0
63,10,0.0
63,11,0.0
63,12,0.0
63,13,0.0
63,14,0.0
63,15,0.0
63,16,0.0
63,17,0.0
63,18,0.0
63,19,0.0
63,20,0.0
63,21,0.0
63,22,0.0
63,23,0.0
63,24,0.0
63,25,0.0
63,26,1.2945054212448272e-73
63,27,1.0072031035657298e-70
63,28,2.4469252965704446e-68
63,29,2.5378409512423565e-66
63,30,1.3951812171621536e-64
63,31,4.70895554828806e-63
63,32,1.0742981912465025e-61
63,33,1.7694360245001905e-60
63,34,4.123724624328706e-59
63,35,8.07371982058925e-58
63,36,1.143852071070707e-56
63,37,1.193015718450385e-55
63,38,9.467188803055163e-55
63,39,5.995995211172783e-54
63,40,3.14896232359832e-53
63,41,1.413611018459161e-52
63,42,5.5575803051230564e-52
63,43,1.9512677135592566e-51
63,44,6.217177094634193e-51
63,45,1.8230234904749847e-50
63,46,5.74712919650337e-50
63,47,1.826649923996093e-49
63,48,5.4707842870431176e-49
63,49,1.5388360571776803e-48
63,50,4.0269728993632857e-48
63,51,9.88731230107451e-48
63,52,2.294290573950202e-47
63,53,5.062537016160662e-47
63,54,1.0678978229265442e-46
63,55,2.1632889065147184e-46
63,56,4.225533525595676e-46
63,57,7.9912084451957e-46
63,58,1.5787202566083187e-45
63,59,3.1830075785312753e-45
63,60,6.22874199505088e-45
63,61,1.1833825740527138e-44
63,62,2.1781967094724316e-44
63,63,3.8948514157646427e-44
63,64,6.782241174305879e-44
63,65,1.1526418543004663e-43
63,66,1.9155606950862988e-43
63,67,3.118501051110606e-43
63,68,5.015161715099572e-43
63,69,7.96735598112479e-43
63,70,1.2941063401779172e-42
63,71,2.128422552335819e-42
63,72,3.431085133309038e-42
63,73,5.42606629495581e-42
63,74,8.428071351878715e-42
63,75,1.287220679496193e-41
63,76,1.935187162236676e-41
63,77,2.8664354320077435e-41
63,78,4.186894663553086e-41
63,79,6.036977551593974e-41
63,80,8.73533933089375e-41
63,81,1.2651974110287517e-40
63,82,1.8395787124101495e-40
63,83,2.676371765266157e-40
63,84,3.8408554425914584e-40
63,85,5.440181084459068e-40
63,86,7.61097635554871e-40
63,87,1.0525298191334114e-39
63,88,1.4400389566293958e-39
63,89,1.9506584463871e-39
63,90,2.617762604963451e-39
63,91,3.483877959102473e-39
63,92,4.756643336141751e-39
63,93,6.6234651819141e-39
63,94,9.124315672267643e-39
63,95,1.2432978083172209e-38
63,96,1.6744963637462555e-38
63,97,2.2300063948788094e-38
63,98,2.9380908107943293e-38
63,99,3.831820213321582e-38
63,100,4.948566360658131e-38
63,101,6.335366328828769e-38
63,102,8.253984263904919e-38
63,103,1.0889453164179846e-37
63,104,1.4160397565814202e-37
63,105,1.8129686252120615e-37
63,106,2.2845090834842878e-37
63,107,2.83262806506238e-37
63,108,3.456995397504187e-37
63,109,4.153014723511747e-37
63,110,4.942482948086909e-37
63,111,5.820455091600997e-37
63,112,6.768651505395022e-37
63,113,7.764060573206965e-37
63,114,8.733942928942617e-37
63,115,9.635949782762934e-37
63,116,1.0431458719692316e-36
63,117,1.1090209880419404e-36
63,118,1.1588963630792685e-36
63,119,1.1907782630690688e-36
63,120,1.20206397564477e-36
63,121,1.1931558112213901e-36
63,122,1.1646696418156411e-36
63,123,1.1209734778637403e-36
63,124,1.067782925224478e-36
63,125,1.0129119721258157e-36
63,126,9.664506999537452e-37
63,127,9.38693958767959e-37
64,0,0.0
64,1,0.0
64,2,0.0
64,3,0.0
64,4,0.0
64,5,0.0
64,6,0.0
64,7,0.0
64,8,0.0
64,9,0.0
64,10,0.0
64,11,0.0
64,12,0.0
64,13,0.0
64,14,0.0
64,15,0.0
64,16,0.0
64,17,0.0
64,18,0.0
64,19,0.0
64,20,0.0
64,21,0.0
64,22,0.0
64,23,4.2026438147189745e-82
64,24,2.334507508197098e-78
64,25,3.097240699634234e-75
64,26,1.4719111262467656e-72
64,27,2.8230007102883277e-70
64,28,2.3800057844542893e-68
64,29,9.942057426576698e-67
64,30,2.337878958975431e-65
64,31,3.4647054164874304e-64
64,32,3.5501631933474523e-63
64,33,2.712821427937737e-62
64,34,2.4501979124006217e-61
64,35,1.9731958125995123e-60
64,36,1.2461145564364423e-59
64,37,6.354071411797516e-59
64,38,2.682184138617876e-58
64,39,9.707335429780499e-58
64,40,3.0942685803889424e-57
64,41,8.869433277909516e-57
64,42,2.3239703179698788e-56
64,43,5.639595965848819e-56
64,44,1.2812641334099482e-55
64,45,2.7515085665239586e-55
64,46,6.2082403540073834e-55
64,47,1.418431106994937e-54
64,48,3.112310779334106e-54
64,49,6.547772018910522e-54
64,50,1.3104920141931016e-53
64,51,2.5093383163056845e-53
64,52,4.619702607748433e-53
64,53,8.212012465668208e-53
64,54,1.4146994030400852e-52
64,55,2.3694678252009416e-52
64,56,3.869576953983077e-52
64,57,6.180618129233584e-52
64,58,1.0193890263435916e-51
64,59,1.712006672284622e-51
64,60,2.817714068814332e-51
64,61,4.545528430877756e-51
64,62,7.17434194968813e-51
64,63,1.109993453299969e-50
64,64,1.6864252405193092e-50
64,65,2.520068722419898e-50
64,66,3.7090052673488517e-50
64,67,5.3830012487727005e-50
64,68,7.752143405125818e-50
64,69,1.1079854302327002e-49
64,70,1.6128076471622156e-49
64,71,2.3762342516881274e-49
64,72,3.453288951037032e-49
64,73,4.952516193194888e-49
64,74,7.01423419179152e-49
64,75,9.817811990652617e-49
64,76,1.3590838114164981e-48
64,77,1.8619478548292268e-48
64,78,2.526244749847129e-48
64,79,3.3974120766911694e-48
64,80,4.5891746430128296e-48
64,81,6.21677691376555e-48
64,82,8.462462839402914e-48
64,83,1.1548199527094432e-47
64,84,1.560900186885319e-47
64,85,2.0904271451706995e-47
64,86,2.775579267523149e-47
64,87,3.6557074676580333e-47
64,88,4.77927144832397e-47
64,89,6.2048257435965655e-47
64,90,8.002133495612524e-47
64,91,1.0259692450421944e-46
64,92,1.3467327372001701e-46
64,93,1.8029703533447768e-46
64,94,2.3970920162303654e-46
64,95,3.1643495299316378e-46
64,96,4.1428669948702696e-46
64,97,5.3797274599401095e-46
64,98,6.9313565145667175e-46
64,99,8.8638026011763e-46
64,100,1.1247304294065991e-45
64,101,1.4170620156038945e-45
64,102,1.816282846777864e-45
64,103,2.3581014716424373e-45
64,104,3.021761777527286e-45
64,105,3.814860916374002e-45
64,106,4.739124680865311e-45
64,107,5.788734368314179e-45
64,108,6.951782086331093e-45
64,109,8.20635755996112e-45
64,110,9.572418875191583e-45
64,111,1.101846089428902e-44
64,112,1.2480587056193918e-44
64,113,1.3891950323510018e-44
64,114,1.5118345301178262e-44
64,115,1.608697610816914e-44
64,116,1.6740882614002479e-44
64,117,1.7046372906162435e-44
64,118,1.698403114407025e-44
64,119,1.6563520105270725e-44
64,120,1.5766144011260142e-44
64,121,1.465778053334952e-44
64,122,1.3352545519249814e-44
64,123,1.1970320155944772e-44
64,124,1.0630493408625521e-44
64,125,9.450986651940402e-45
64,126,8.550433510231406e-45
64,127,8.045502918665914e-45
65,0,0.0
65,1,0.0
65,2,0.0
65,3,0.0
65,4,0.0
65,5,0.0
65,6,0.0
65,7,0.0
65,8,0.0
65,9,0.0
65,10,0.0
65,11,0.0
65,12,0.0
65,13,0.0
65,14,0.0
65,15,0.0
65,16,0.0
65,17,0.0
65,18,0.0
65,19,1.202993775995868e-97
65,20,4.7087961384306644e-94
65,21,1.3726395282252672e-90
65,22,5.577741378374193e-86
65,23,4.341523648870395e-82
65,24,4.396992569522848e-79
65,25,1.0312700877607905e-76
65,26,8.140917187929003e-75
65,27,2.8004226048943797e-73
65,28,5.089880645964806e-72
65,29,5.664398990099488e-71
65,30,4.3187586116347056e-70
65,31,2.45501285157772e-69
65,32,1.1090210883570982e-68
65,33,4.18588995387341e-68
65,34,1.743264237165896e-67
65,35,6.991632682624466e-67
65,36,2.411199018686735e-66
65,37,7.280939768561058e-66
65,38,1.9486569800628857e-65
65,39,4.722705490399929e-65
65,40,1.0538388619238551e-64
65,41,2.1935268919555476e-64
65,42,4.3034444894581934e-64
65,43,8.024933890715821e-64
65,44,1.4324924644417366e-63
65,45,2.4637897743037844e-63
65,46,4.389530103056731e-63
65,47,7.929282113182613e-63
65,48,1.3954921844186599e-62
65,49,2.3906779902952195e-62
65,50,3.961669778146556e-62
65,51,6.373560468658542e-62
65,52,9.987069149756553e-62
65,53,1.5286175133461883e-61
65,54,2.291204330748027e-61
65,55,3.370566206443024e-61
65,56,4.876476972701221e-61
65,57,6.954710265375265e-61
65,58,1.0180756843869856e-60
65,59,1.516766901883105e-60
65,60,2.23209639681406e-60
65,61,3.244184131610802e-60
65,62,4.6490089762858457e-60
65,63,6.577237192291547e-60
65,64,9.198014392860679e-60
65,65,1.272929039259196e-59
65,66,1.7449538493519359e-59
65,67,2.3710430209711335e-59
65,68,3.209328025545901e-59
65,69,4.327840436294079e-59
65,70,5.939793822716438e-59
65,71,8.260558709313301e-59
65,72,1.1384381031300735e-58
65,73,1.5549758205659095e-58
65,74,2.1056573460274566e-58
65,75,2.827916638818773e-58
65,76,3.768301922429176e-58
65,77,4.9844466367832296e-58
65,78,6.547838065793563e-58
65,79,8.548738653337156e-58
65,80,1.122510711282538e-57
65,81,1.4807643823603284e-57
65,82,1.9654178519770337e-57
65,83,2.619571261167046e-57
65,84,3.466717920981097e-57
65,85,4.556433801881484e-57
65,86,5.950770325400688e-57
65,87,7.726410291054765e-57
65,88,9.979208776958533e-57
65,89,1.282674037216564e-56
65,90,1.6408690156713111e-56
65,91,2.0902814248388403e-56
65,92,2.7289055501779916e-56
65,93,3.6398730442279126e-56
65,94,4.832308433579791e-56
65,95,6.384463896712043e-56
65,96,8.38199397623739e-56
65,97,1.093289515475783e-55
65,98,1.4171398342979478e-55
65,99,1.826001477955841e-55
65,100,2.337228857775715e-55
65,101,2.9730054158982333e-55
65,102,3.854821874051759e-55
65,103,5.0707505672028805e-55
65,104,6.581958867041493e-55
65,105,8.40863786320295e-55
65,106,1.0551816837306457e-54
65,107,1.2990297236980687e-54
65,108,1.5683871627783192e-54
65,109,1.8564421823770688e-54
65,110,2.1651325738347375e-54
65,111,2.4839713574634474e-54
65,112,2.793726824739327e-54
65,113,3.075097291491961e-54
65,114,3.2957780429231297e-54
65,115,3.439147309318902e-54
65,116,3.494457796475915e-54
65,117,3.458422479724811e-54
65,118,3.331669176169671e-54
65,119,3.1240971477470427e-54
65,120,2.8375261566889735e-54
65,121,2.4959932210156682e-54
65,122,2.136421097500292e-54
65,123,1.7878328951370874e-54
65,124,1.474737550382597e-54
65,125,1.2168422406267367e-54
65,126,1.0302575666659994e-54
65,127,9.29566318843623e-55
66,0,0.0
66,1,0.0
66,2,0.0
66,3,0.0
66,4,0.0
66,5,0.0
66,6,0.0
66,7,0.0
66,8,0.0
66,9,0.0
66,10,0.0
66,11,0.0
66,12,0.0
66,13,1.77723118380483e-120
66,14,3.2381466189678893e-116
66,15,3.4038552723524113e-112
66,16,2.5030520229295183e-108
66,17,1.2564966994951837e-104
66,18,3.9656860906389073e-101
66,19,6.29874874987433e-98
66,20,7.79631795504811e-95
66,21,3.666805361072134e-92
66,22,5.708979855537187e-89
66,23,1.796517616851641e-86
66,24,1.237524459788589e-84
66,25,3.428361308982812e-83
66,26,5.0076800775841967e-82
66,27,4.492724939599299e-81
66,28,2.762015330479683e-80
66,29,1.2670253208706449e-79
66,30,4.6330927220877843e-79
66,31,1.4199706193355486e-78
66,32,3.789544226174215e-78
66,33,9.0812903566591e-78
66,34,2.316023863792492e-77
66,35,5.87134003284044e-77
66,36,1.3561229055378583e-76
66,37,2.8822136627681795e-76
66,38,5.670014067258845e-76
66,39,1.0462391105831166e-75
66,40,1.829735770176855e-75
66,41,3.058170187599544e-75
66,42,4.917901719480114e-75
66,43,7.651145613362746e-75
66,44,1.1570770360933982e-74
66,45,1.708743027318939e-74
66,46,2.5921323315786932e-74
66,47,3.989358525115153e-74
66,48,6.046828719225938e-74
66,49,9.022091757996892e-74
66,50,1.3183381254911519e-73
66,51,1.8907736962166313e-73
66,52,2.6668437990475944e-73
66,53,3.7060837397671497e-73
66,54,5.0831176513252685e-73
66,55,6.891385455640285e-73
66,56,9.248517963921691e-73
66,57,1.2308335810537371e-72
66,58,1.6777133973686531e-72
66,59,2.3299592151852605e-72
66,60,3.2162625036766045e-72
66,61,4.410632705087115e-72
66,62,5.998262666448423e-72
66,63,8.096332529254258e-72
66,64,1.0855724668477571e-71
66,65,1.4470536736435941e-71
66,66,1.9187944925381637e-71
66,67,2.531659261924155e-71
66,68,3.337794310093844e-71
66,69,4.397176401119897e-71
66,70,5.902652043170443e-71
66,71,8.044409006056453e-71
66,72,1.0897619704008161e-70
66,73,1.4671801453893042e-70
66,74,1.963069517500493e-70
66,75,2.610532440177202e-70
66,76,3.451020023542413e-70
66,77,4.536441908632888e-70
66,78,5.932043560529602e-70
66,79,7.721393804536302e-70
66,80,1.012325047787345e-69
66,81,1.3355471143881037e-69
66,82,1.7754172011447892e-69
66,83,2.373397491044043e-69
66,84,3.1542684498060794e-69
66,85,4.1684602354834106e-69
66,86,5.480560088115733e-69
66,87,7.172516480473664e-69
66,88,9.349578937548011e-69
66,89,1.2144750823202615e-68
66,90,1.5718338034112801e-68
66,91,2.027575899835461e-68
66,92,2.6874989315447856e-68
66,93,3.6493846516354865e-68
66,94,4.939269875952098e-68
66,95,6.662626251947028e-68
66,96,8.939476407313681e-68
66,97,1.192538162516533e-67
66,98,1.582184568950534e-67
66,99,2.0883177535702294e-67
66,100,2.739009490615282e-67
66,101,3.570641875947734e-67
66,102,4.7590435199626415e-67
66,103,6.447636928153752e-67
66,104,8.607933394758122e-67
66,105,1.1285655054344477e-66
66,106,1.448984781870905e-66
66,107,1.818765389190089e-66
66,108,2.2307001473816425e-66
66,109,2.6722729913563816e-66
66,110,3.143032564117833e-66
66,111,3.622236662352268e-66
66,112,4.07377387081674e-66
66,113,4.461917657502162e-66
66,114,4.7341185558996445e-66
66,115,4.865204002253378e-66
66,116,4.843075747659703e-66
66,117,4.6707796860635835e-66
66,118,4.358872230480817e-66
66,119,3.9347630104726096e-66
66,120,3.411927190318546e-66
66,121,2.8383300742333774e-66
66,122,2.2783197720050792e-66
66,123,1.7720388522189613e-66
66,124,1.3465925987336143e-66
66,125,1.0172889942754089e-66
66,126,7.914650754771757e-67
66,127,6.742556533715006e-67
67,0,2.93426965175842e-146
67,1,1.497457356577067e-145
67,2,2.4380470324126693e-144
67,3,4.512927740929293e-143
67,4,8.979618323804312e-142
67,5,1.8798875016739536e-140
67,6,4.139115067403398e-139
67,7,9.26128308106444e-138
67,8,1.1135778398943691e-135
67,9,2.5798351761422087e-133
67,10,2.6307173281594293e-130
67,11,5.3734120088868024e-127
67,12,1.57390684693002e-123
67,13,5.676812803725328e-120
67,14,1.8444878227153802e-116
67,15,3.8212230905394885e-113
67,16,3.704246034420177e-110
67,17,1.4731467449764148e-107
67,18,2.6349108705235306e-105
67,19,2.381989057467534e-103
67,20,1.6746612505945814e-101
67,21,6.706663421662303e-100
67,22,5.170162416229477e-98
67,23,1.6850798882449292e-96
67,24,2.0926910458212862e-95
67,25,1.5551746143241328e-94
67,26,8.121283843553396e-94
67,27,3.214169989366561e-93
67,28,1.018429807208056e-92
67,29,2.7059530245578175e-92
67,30,6.262178706255389e-92
67,31,1.300587166663961e-91
67,32,2.481553684339171e-91
67,33,4.4363444307547666e-91
67,34,8.256927021458199e-91
67,35,1.544464862623391e-90
67,36,2.729460118172782e-90
67,37,4.579812294291594e-90
67,38,7.318156436332633e-90
67,39,1.122946608215236e-89
67,40,1.6655668172690827e-89
67,41,2.4006169245038523e-89
67,42,3.3772155512477436e-89
67,43,4.65407889960616e-89
67,44,6.30297611757549e-89
67,45,8.416391386652442e-89
67,46,1.1496335483621145e-88
67,47,1.5951180781911157e-88
67,48,2.1982445987045442e-88
67,49,3.007724697752731e-88
67,50,4.067952446451938e-88
67,51,5.444388969124024e-88
67,52,7.217092322699047e-88
67,53,9.486113908861751e-88
67,54,1.2376307441845492e-87
67,55,1.6043814398486795e-87
67,56,2.0685859651943385e-87
67,57,2.656400689311496e-87
67,58,3.4951825209171983e-87
67,59,4.695986139912944e-87
67,60,6.300994820755976e-87
67,61,8.435225865100271e-87
67,62,1.124394531613133e-86
67,63,1.4931062764946852e-86
67,64,1.9763619001878224e-86
67,65,2.6091600950682575e-86
67,66,3.4367664799231964e-86
67,67,4.516052981782362e-86
67,68,5.943801670526817e-86
67,69,7.833117767520856e-86
67,70,1.0541412935634007e-85
67,71,1.443449887658095e-85
67,72,1.9680358642072463e-85
67,73,2.6707204606886704e-85
67,74,3.606224675941821e-85
67,75,4.8445495613072946e-85
67,76,6.475061394754806e-85
67,77,8.612247301782046e-85
67,78,1.1403330274386274e-84
67,79,1.504083657655623e-84
67,80,2.0011800637387009e-84
67,81,2.6831187609102627e-84
67,82,3.6298498837472687e-84
67,83,4.943814270356692e-84
67,84,6.696836794245914e-84
67,85,9.024520803648376e-84
67,86,1.2105545144466511e-83
67,87,1.6174062227535065e-83
67,88,2.1540552594879285e-83
67,89,2.861154477062676e-83
67,90,3.788965431090491e-83
67,91,5.0028215084467735e-83
67,92,6.811696073533005e-83
67,93,9.532730510986034e-83
67,94,1.3309364560806462e-82
67,95,1.853992591648344e-82
67,96,2.570129559031254e-82
67,97,3.5433217446383555e-82
67,98,4.8601507923099224e-82
67,99,6.634948149315802e-82
67,100,8.999856930881519e-82
67,101,1.2130130731541823e-81
67,102,1.6776436169640513e-81
67,103,2.3634092560813547e-81
67,104,3.2737026454696024e-81
67,105,4.43904033703913e-81
67,106,5.870077479866214e-81
67,107,7.553907366876986e-81
67,108,9.45343291577644e-81
67,109,1.1500375853112695e-80
67,110,1.3674404353749982e-80
67,111,1.5853578212356487e-80
67,112,1.7834787089143423e-80
67,113,1.9420859939864205e-80
67,114,2.0356972648289934e-80
67,115,2.0537674621181963e-80
67,116,1.9942753773829016e-80
67,117,1.864146229841075e-80
67,118,1.674333629441551e-80
67,119,1.4439984882303558e-80
67,120,1.1847373323334929e-80
67,121,9.223034722564322e-81
67,122,6.860435364914081e-81
67,123,4.890596840941997e-81
67,124,3.3644599844486687e-81
67,125,2.2731838523530753e-81
67,126,1.5763032276077258e-81
67,127,1.233439754397103e-81
68,0,1.8071419070158286e-145
68,1,5.7094550514017706e-145
68,2,5.967585552816287e-144
68,3,7.163663755477909e-143
68,4,9.254443957259144e-142
68,5,1.2478280475663317e-140
68,6,1.7378947392149893e-139
68,7,2.389012706002434e-138
68,8,1.2124385033971115e-136
68,9,9.7870244856635e-135
68,10,1.930392048300507e-132
68,11,4.802749932679081e-130
68,12,1.0567946240900243e-127
68,13,1.9690935747994107e-125
68,14,2.8405350174577205e-123
68,15,2.7935137038681706e-121
68,16,1.5914019537761563e-119
68,17,4.975243891818967e-118
68,18,9.618381198601467e-117
68,19,1.2848979061118845e-115
68,20,1.5522992862160063e-114
68,21,1.4264396699631636e-113
68,22,1.9907611359037464e-112
68,23,1.708029954272433e-111
68,24,7.676657724324016e-111
68,25,2.594944906331398e-110
68,26,7.272513381532196e-110
68,27,1.7431424125198968e-109
68,28,3.6585485372145467e-109
68,29,6.889413359604265e-109
68,30,1.190159859343159e-108
68,31,1.9216117190889744e-108
68,32,2.9441150407830577e-108
68,33,4.338287703841764e-108
68,34,6.563933168625371e-108
68,35,1.0019689916908126e-107
68,36,1.4802093476611945e-107
68,37,2.120398633295398e-107
68,38,2.950111177996398e-107
68,39,4.0071852854702945e-107
68,40,5.334951423414884e-107
68,41,6.98460855764535e-107
68,42,9.01776795367306e-107
68,43,1.1507843998167143e-106
68,44,1.4546631332096963e-106
68,45,1.8257713097133213e-106
68,46,2.341340936485936e-106
68,47,3.056242105369247e-106
68,48,3.9887917549264944e-106
68,49,5.20288895717234e-106
68,50,6.754595865851902e-106
68,51,8.728735793000608e-106
68,52,1.122843552513565e-105
68,53,1.4384811299422672e-105
68,54,1.8363859464184385e-105
68,55,2.3376155987883804e-105
68,56,2.9691699203351294e-105
68,57,3.767415922538057e-105
68,58,4.906993229878858e-105
68,59,6.544777163143767e-105
68,60,8.747133321615732e-105
68,61,1.1697895083064631e-104
68,62,1.5617827383900565e-104
68,63,2.0822373301112445e-104
68,64,2.7735147537486657e-104
68,65,3.692625566533479e-104
68,66,4.9151242655696514e-104
68,67,6.537559913817598e-104
68,68,8.724473390838268e-104
68,69,1.1674509873087272e-103
68,70,1.5994399124006007e-103
68,71,2.234650566413942e-103
68,72,3.110846728603582e-103
68,73,4.312819295260549e-103
68,74,5.951410282677866e-103
68,75,8.172063736651755e-103
68,76,1.1165152369960751e-102
68,77,1.5181308012100373e-102
68,78,2.0551600914966403e-102
68,79,2.771963279105286e-102
68,80,3.776675168396309e-102
68,81,5.191789515258838e-102
68,82,7.210056437631501e-102
68,83,1.0089010589110037e-101
68,84,1.4038443538842807e-101
68,85,1.9432132139637796e-101
68,86,2.6778251860140418e-101
68,87,3.6766351268755703e-101
68,88,5.0343057235042754e-101
68,89,6.879595331443865e-101
68,90,9.376752387380132e-101
68,91,1.274385988139794e-100
68,92,1.793338229527011e-100
68,93,2.6031823534764e-100
68,94,3.772993298185263e-100
68,95,5.46181478635036e-100
68,96,7.870796132101514e-100
68,97,1.1280915481868812e-99
68,98,1.6090710602543683e-99
68,99,2.2852661541199434e-99
68,100,3.223886397023769e-99
68,101,4.517021248455014e-99
68,102,6.521391198504554e-99
68,103,9.610420997022589e-99
68,104,1.3886162604385173e-98
68,105,1.956254427225539e-98
68,106,2.6736680453068672e-98
68,107,3.535709710518841e-98
68,108,4.5206308452203546e-98
68,109,5.585881236748412e-98
68,110,6.70834958425391e-98
68,111,7.80738732118925e-98
68,112,8.755042223175554e-98
68,113,9.432105460048041e-98
68,114,9.706800457076061e-98
68,115,9.541478672495729e-98
68,116,8.958343352983962e-98
68,117,8.034599573742456e-98
68,118,6.866332303297829e-98
68,119,5.585395152235059e-98
68,120,4.273168365154766e-98
68,121,3.062067020153521e-98
68,122,2.073380336035987e-98
68,123,1.3286881176020028e-98
68,124,8.09405127744796e-99
68,125,4.754957769779067e-99
68,126,2.824456538942343e-99
68,127,1.945484726942369e-99
69,0,3.1386042966564304e-151
69,1,3.7470334179378074e-151
69,2,1.4902894300279888e-150
69,3,6.652307198431044e-150
69,4,3.1252273899408665e-149
69,5,1.50203870822608e-148
69,6,7.327378852996715e-148
69,7,3.4763981601626607e-147
69,8,3.3532132887254987e-146
69,9,4.5701028729587805e-145
69,10,9.931584949170613e-144
69,11,2.6720131565310632e-142
69,12,6.654379858036045e-141
69,13,1.5227318449657385e-139
69,14,3.036443158084639e-138
69,15,4.804330149390381e-137
69,16,5.253278884083523e-136
69,17,3.808972107388859e-135
69,18,2.0642072785339757e-134
69,19,9.25096848653751e-134
69,20,4.1258603331483745e-133
69,21,1.6250812169065264e-132
69,22,8.766601117446226e-132
69,23,3.4001110262430166e-131
69,24,8.280059654051285e-131
69,25,1.728215964050192e-130
69,26,3.2888059158164538e-130
69,27,5.741662371979862e-130
69,28,9.253325415295191e-130
69,29,1.3935573741436349e-129
69,30,1.9876310046802418e-129
69,31,2.7179033465550432e-129
69,32,3.6004990498224485e-129
69,33,4.666477752597825e-129
69,34,6.158999179435251e-129
69,35,8.219901632783496e-129
69,36,1.079802276642015e-128
69,37,1.3962304330262253e-128
69,38,1.7784847278864573e-128
69,39,2.238369798440158e-128
69,40,2.789144807451542e-128
69,41,3.4469980698519994e-128
69,42,4.23210276222273e-128
69,43,5.168707526659424e-128
69,44,6.288030980778128e-128
69,45,7.633341175573389e-128
69,46,9.47438738554862e-128
69,47,1.2001272819477473e-127
69,48,1.5276036003973251e-127
69,49,1.9529350007779403e-127
69,50,2.4969611382764865e-127
69,51,3.1905859072964364e-127
69,52,4.071390837559175e-127
69,53,5.188261326194584e-127
69,54,6.604283425388265e-127
69,55,8.40097254133504e-127
69,56,1.0684735553015147e-126
69,57,1.3600853793690304e-126
69,58,1.7818240803842226e-126
69,59,2.397684433209757e-126
69,60,3.2406442677015916e-126
69,61,4.390961663955827e-126
69,62,5.949014036267815e-126
69,63,8.06080163481408e-126
69,64,1.0928118689071829e-125
69,65,1.4830898235786034e-125
69,66,2.015115820986337e-125
69,67,2.738869204195123e-125
69,68,3.739817172863179e-125
69,69,5.125226395931898e-125
69,70,7.21151151818527e-125
69,71,1.0369891602158466e-124
69,72,1.4857282343811e-124
69,73,2.119776271886605e-124
69,74,3.009474380740671e-124
69,75,4.249726706726272e-124
69,76,5.968138301232665e-124
69,77,8.337560454441362e-124
69,78,1.1592827211549696e-123
69,79,1.6056922907255792e-123
69,80,2.249430031354786e-123
69,81,3.183041058196814e-123
69,82,4.554510417101525e-123
69,83,6.569813666462617e-123
69,84,9.418468705005079e-123
69,85,1.3427331107726493e-122
69,86,1.9055422673440353e-122
69,87,2.6948141713525313e-122
69,88,3.8024200773964357e-122
69,89,5.358317906881753e-122
69,90,7.533880728246282e-122
69,91,1.056254108481566e-121
69,92,1.5399822398940875e-121
69,93,2.324892195543096e-121
69,94,3.5081192425492606e-121
69,95,5.294172403493966e-121
69,96,7.956519535449071e-121
69,97,1.1894784969118833e-120
69,98,1.770500640891693e-120
69,99,2.6257483417366986e-120
69,100,3.866935535716809e-120
69,101,5.653452956855455e-120
69,102,8.557097194718876e-120
69,103,1.324871273983873e-119
69,104,2.0045788116306044e-119
69,105,2.9429246775505483e-119
69,106,4.165117851670975e-119
69,107,5.6645013282835e-119
69,108,7.396090496307158e-119
69,109,9.267796361131202e-119
69,110,1.1209179047367234e-118
69,111,1.3040218295679158e-118
69,112,1.4491701661424192e-118
69,113,1.5331350141437506e-118
69,114,1.5352931000871265e-118
69,115,1.4551896235029238e-118
69,116,1.3054828727965434e-118
69,117,1.1086509570559732e-118
69,118,8.882294374829943e-119
69,119,6.70417266121024e-119
69,120,4.695792877805912e-119
69,121,3.0342544644302263e-119
69,122,1.8301183363127736e-119
69,123,1.0307878749680401e-119
69,124,5.431340671620192e-120
69,125,2.700988147158331e-120
69,126,1.321457520260169e-120
69,127,7.5870628484583604e-121
70,0,1.0891930633433886e-167
70,1,6.72442213983997e-168
70,2,1.41108254449211e-167
70,3,3.3335115322147696e-167
70,4,8.298564922100978e-167
70,5,2.115079036511277e-166
70,6,5.474619632020985e-166
70,7,1.3796178573548657e-165
70,8,5.272412874451443e-165
70,9,2.5774135497361626e-164
70,10,1.6432858767531072e-163
70,11,1.262057863505113e-162
70,12,9.26895895294543e-162
70,13,6.568294707338692e-161
70,14,4.3346474830362514e-160
70,15,2.466267577407448e-159
70,16,1.0670833161634942e-158
70,17,3.3916746238067e-158
70,18,8.930312395678176e-158
70,19,2.1443281316331043e-157
70,20,5.4154492823871064e-157
70,21,1.3014584005818835e-156
70,22,4.076697669619621e-156
70,23,9.738904270843994e-156
70,24,1.6210068988628425e-155
70,25,2.494919086086898e-155
70,26,3.7036014614405323e-155
70,27,5.2624630468362864e-155
70,28,7.13256756625111e-155
70,29,9.271358982413803e-155
70,30,1.1653071774963548e-154
70,31,1.4281144307453318e-154
70,32,1.7195099883615465e-154
70,33,2.049528587242049e-154
70,34,2.4773322309196024e-154
70,35,3.035734006459766e-154
70,36,3.7073843048780453e-154
70,37,4.5059003664590366e-154
70,38,5.450933664431194e-154
70,39,6.572589046970119e-154
70,40,7.902450781590218e-154
70,41,9.479675302188479e-154
70,42,1.1354112713417861e-153
70,43,1.3585530887798488e-153
70,44,1.6252186397614813e-153
70,45,1.946352978950036e-153
70,46,2.3871553948201836e-153
70,47,2.9959931296750987e-153
70,48,3.7918873600154843e-153
70,49,4.837251931760113e-153
70,50,6.191473083097069e-153
70,51,7.939911341063412e-153
70,52,1.0186775652042284e-152
70,53,1.3070810240484624e-152
70,54,1.6774701438240775e-152
70,55,2.153919413946026e-152
70,56,2.768461267911797e-152
70,57,3.565443587454897e-152
70,58,4.739692474145337e-152
70,59,6.491528410782378e-152
70,60,8.94523037900897e-152
70,61,1.2372130349675624e-151
70,62,1.7125884393428632e-151
70,63,2.3731204986303552e-151
70,64,3.293578267261904e-151
70,65,4.581078849709013e-151
70,66,6.386523593953963e-151
70,67,8.912636357206635e-151
70,68,1.25089397615835e-150
70,69,1.7631798441908185e-150
70,70,2.5589203116739174e-150
70,71,3.8026410992966037e-150
70,72,5.627299345401718e-150
70,73,8.288499703526618e-150
70,74,1.2138642443719123e-149
70,75,1.7666404238257112e-149
70,76,2.554621806736385e-149
70,77,3.67170886206878e-149
70,78,5.249004404079792e-149
70,79,7.471601633830842e-149
70,80,1.0769166065473487e-148
70,81,1.569353931856201e-148
70,82,2.314044582894381e-148
70,83,3.440376867934836e-148
70,84,5.079147752952246e-148
70,85,7.453003655947347e-148
70,86,1.088474316649282e-147
70,87,1.5844394467638583e-147
70,88,2.3026012798764174e-147
70,89,3.345084995818217e-147
70,90,4.8510208446220415e-147
70,91,7.015164974144944e-147
70,92,1.059712231459581e-146
70,93,1.6643395286207953e-146
70,94,2.6165778215355367e-146
70,95,4.122078620897349e-146
70,96,6.471552465769295e-146
70,97,1.0111103562681464e-145
70,98,1.5742794701227005e-145
70,99,2.4450144280170422e-145
70,100,3.770401097866834e-145
70,101,5.770408521988786e-145
70,102,9.19256880438318e-145
70,103,1.501262310456466e-144
70,104,2.387038883731888e-144
70,105,3.661917114782056e-144
70,106,5.374938120834427e-144
70,107,7.518910234785699e-144
70,108,1.0014545496282936e-143
70,109,1.26955094744904e-143
70,110,1.5404460541821547e-143
70,111,1.7817157920344432e-143
70,112,1.94830300916381e-143
70,113,2.0060477910238765e-143
70,114,1.9342360700387856e-143
70,115,1.7464224051141123e-143
70,116,1.4766628820616277e-143
70,117,1.1693962834057121e-143
70,118,8.635663315323028e-144
70,119,5.935811743668287e-144
70,120,3.7277603424302436e-144
70,121,2.1217194207761022e-144
70,122,1.1121348854418108e-144
70,123,5.3677150997230546e-145
70,124,2.3859084167742342e-145
70,125,9.803634423123362e-146
70,126,3.833300917205348e-146
70,127,1.7353243921255018e-146
71,0,5.99162649531511e-193
71,1,2.5856635852716554e-193
71,2,3.813021731543873e-193
71,3,6.332403326328795e-193
71,4,1.1083930076489787e-192
71,5,1.9873834071882865e-192
71,6,3.6207090989788464e-192
71,7,6.428982377604921e-192
71,8,1.5014816040716056e-191
71,9,4.163959501037059e-191
71,10,1.36762559545883e-190
71,11,5.245106457783535e-190
71,12,1.9551467753361455e-189
71,13,7.207415515863923e-189
71,14,2.5599568149457272e-188
71,15,8.183176512324227e-188
71,16,2.0911649195274407e-187
71,17,4.1436187726714965e-187
71,18,7.184460811180407e-187
71,19,1.1972834761132975e-186
71,20,2.162790302410319e-186
71,21,3.859981193621038e-186
71,22,8.731705873053377e-186
71,23,1.5376468323857614e-185
71,24,2.0061503237054363e-185
71,25,2.534209586371606e-185
71,26,3.197485800609166e-185
71,27,3.967846508845468e-185
71,28,4.798765513636835e-185
71,29,5.664427371246946e-185
71,30,6.557773350772453e-185
71,31,7.489654944290014e-185
71,32,8.486862427743532e-185
71,33,9.599609009730974e-185
71,34,1.0997005043678316e-184
71,35,1.2811604909438423e-184
71,36,1.5013522176905655e-184
71,37,1.7650531921607925e-184
71,38,2.080823879857673e-184
71,39,2.4601404251808403e-184
71,40,2.914205333848394e-184
71,41,3.457226279175876e-184
71,42,4.1077854795140585e-184
71,43,4.888184112727999e-184
71,44,5.828128834873887e-184
71,45,6.969399202417138e-184
71,46,8.55114951650724e-184
71,47,1.076188784284335e-183
71,48,1.3691524256728155e-183
71,49,1.7600686185238424e-183
71,50,2.275085019006911e-183
71,51,2.950802956363651e-183
71,52,3.832082767512881e-183
71,53,4.979971581487027e-183
71,54,6.476423512439004e-183
71,55,8.431552205170473e-183
71,56,1.0994717253134042e-182
71,57,1.4375831099463328e-182
71,58,1.945901537217179e-182
71,59,2.721928358317534e-182
71,60,3.83594772277415e-182
71,61,5.430273575210498e-182
71,62,7.697796575447354e-182
71,63,1.0931040154995391e-181
71,64,1.5559931362128084e-181
71,65,2.2221018004991677e-181
71,66,3.184078158017896e-181
71,67,4.569760811968054e-181
71,68,6.602456663444601e-181
71,69,9.584833468161971e-181
71,70,1.4366430694945638e-180
71,71,2.2085395024892228e-180
71,72,3.3779250013243018e-180
71,73,5.137912586706945e-180
71,74,7.76142434558028e-180
71,75,1.1636458808337312e-179
71,76,1.731105627767628e-179
71,77,2.5567305361218045e-179
71,78,3.752460735955587e-179
71,79,5.4802621770452036e-179
71,80,8.112232306507206e-179
71,81,1.2150891785705551e-178
71,82,1.8420720451636432e-178
71,83,2.815090565226836e-178
71,84,4.267480128413729e-178
71,85,6.425997212727651e-178
71,86,9.629426295819021e-178
71,87,1.438791633580819e-177
71,88,2.148265725586631e-177
71,89,3.2109006032102763e-177
71,90,4.794592538039916e-177
71,91,7.140853598993948e-177
71,92,1.1160720874509619e-176
71,93,1.821610306250949e-176
71,94,2.9829492042468152e-176
71,95,4.908606916979778e-176
71,96,8.059763515409226e-176
71,97,1.3182240579988224e-175
71,98,2.151922105860596e-175
71,99,3.510687347108259e-175
71,100,5.687807053106218e-175
71,101,9.145897213952568e-175
71,102,1.5404901779103305e-174
71,103,2.6662921703718213e-174
71,104,4.474486178914018e-174
71,105,7.197206737536906e-174
71,106,1.0978134212537185e-173
71,107,1.5805411627016976e-173
71,108,2.1455766528999503e-173
71,109,2.7455218894442475e-173
71,110,3.329259808289089e-173
71,111,3.807427466266932e-173
71,112,4.066626272722057e-173
71,113,4.0374188667996586e-173
71,114,3.707219942260149e-173
71,115,3.148402592672643e-173
71,116,2.473312807921085e-173
71,117,1.7975997047266663e-173
71,118,1.202127037938729e-173
71,119,7.379412986950949e-174
71,120,4.066046832282615e-174
71,121,1.9890305033280647e-174
71,122,8.827348942183802e-175
71,123,3.553197586735981e-175
71,124,1.2966312274529855e-175
71,125,4.29358878203307e-176
71,126,1.311487332851972e-176
71,127,4.468524270634543e-177
72,0,4.921603339705448e-226
72,1,1.7568296615472714e-226
72,2,2.1435603913191454e-226
72,3,2.9351342660664497e-226
72,4,4.225579675698988e-226
72,5,6.226103403865592e-226
72,6,9.317360533286247e-226
72,7,1.359246198018387e-225
72,8,2.4231761221019676e-225
72,9,4.8842385896942644e-225
72,10,1.109843941666722e-224
72,11,2.8747274950967395e-224
72,12,7.291488229332829e-224
72,13,1.8506594797473928e-223
72,14,4.602541381264031e-223
72,15,1.052809224533037e-222
72,16,1.9755819834359152e-222
72,17,2.9574509014374725e-222
72,18,3.9893703633838706e-222
72,19,5.3224726523264295e-222
72,20,7.823778166054189e-222
72,21,1.158979905542506e-221
72,22,2.138196019867965e-221
72,23,3.092749252542626e-221
72,24,3.4423088596858787e-221
72,25,3.819778722574441e-221
72,26,4.3314679214498023e-221
72,27,4.919152274441266e-221
72,28,5.525229807883952e-221
72,29,6.132014844148274e-221
72,30,6.741716248401e-221
72,31,7.372335737236643e-221
72,32,8.053975277963604e-221
72,33,8.834397994003369e-221
72,34,9.818311690183052e-221
72,35,1.113405806287983e-220
72,36,1.2786914242639028e-220
72,37,1.481605763851468e-220
72,38,1.7303710506509794e-220
72,39,2.0351352376997525e-220
72,40,2.4051812007325405e-220
72,41,2.8526845289438443e-220
72,42,3.3941109164946847e-220
72,43,4.0492618778511924e-220
72,44,4.845000748192896e-220
72,45,5.819326150531642e-220
72,46,7.183504127628743e-220
72,47,9.113189458593751e-220
72,48,1.1705926061694899e-219
72,49,1.5221965078982947e-219
72,50,1.9934943271054367e-219
72,51,2.62195183709236e-219
72,52,3.4534970860871813e-219
72,53,4.5519029731450443e-219
72,54,6.004321343352352e-219
72,55,7.929997602418617e-219
72,56,1.049370808178014e-218
72,57,1.393071715584268e-218
72,58,1.9198992719311536e-218
72,59,2.742433446541061e-218
72,60,3.951825392872237e-218
72,61,5.723682305873936e-218
72,62,8.304731234160899e-218
72,63,1.207789844682199e-217
72,64,1.7623457727954007e-217
72,65,2.5829339938117634e-217
72,66,3.8030711124466175e-217
72,67,5.611723714024299e-217
72,68,8.344636485068643e-217
72,69,1.247264086166189e-216
72,70,1.9299357469496874e-216
72,71,3.0670656034600806e-216
72,72,4.843431126543615e-216
72,73,7.59775006091691e-216
72,74,1.1818882587879887e-215
72,75,1.8216439103816592e-215
72,76,2.7811592552642524e-215
72,77,4.2091924712573837e-215
72,78,6.323212355671554e-215
72,79,9.444790673033516e-215
72,80,1.431016084801751e-214
72,81,2.1955535766630214e-214
72,82,3.4087766596880326e-214
72,83,5.331583191509787e-214
72,84,8.261701899448881e-214
72,85,1.2708453982433233e-213
72,86,1.945408722547855e-213
72,87,2.971474549893008e-213
72,88,4.542088948580389e-213
72,89,6.96438204363316e-213
72,90,1.0681982297788949e-212
72,91,1.635012079340036e-212
72,92,2.6388855064560655e-212
72,93,4.469949060568622e-212
72,94,7.622095010531319e-212
72,95,1.3113928151328662e-211
72,96,2.2558407039738693e-211
72,97,3.871609079266248e-211
72,98,6.6482756285989525e-211
72,99,1.1441098519231976e-210
72,100,1.9564200449413157e-210
72,101,3.3218587082396476e-210
72,102,5.952769555832058e-210
72,103,1.0990302761751306e-209
72,104,1.9583634092575517e-209
72,105,3.3192779392328856e-209
72,106,5.279507487473844e-209
72,107,7.837103601304186e-209
72,108,1.0846056168431615e-208
72,109,1.3992013280125753e-208
72,110,1.6907725035921456e-208
72,111,1.9031997100238605e-208
72,112,1.9727669780020923e-208
72,113,1.8727848898061061e-208
72,114,1.6211196429880435e-208
72,115,1.279783752005525e-208
72,116,9.216252137546417e-209
72,117,6.056105771903832e-209
72,118,3.607036757412778e-209
72,119,1.9414433067384938e-209
72,120,9.197022276107857e-210
72,121,3.778368098757751e-210
72,122,1.3852276649242226e-210
72,123,4.531341931774155e-211
72,124,1.321958925274336e-211
72,125,3.4391754429888003e-212
72,126,8.042316733825417e-213
72,127,1.993830831270679e-213
73,0,6.741608849617295e-267
73,1,2.171548411757974e-267
73,2,2.396817828837114e-267
73,3,2.9554666027300467e-267
73,4,3.816457170785254e-267
73,5,5.032118089535149e-267
73,6,6.727545139553166e-267
73,7,8.759928868580746e-267
73,8,1.337410178157754e-266
73,9,2.2364825582909663e-266
73,10,4.101185998512409e-266
73,11,8.431641519256127e-266
73,12,1.7029553221931886e-265
73,13,3.460640013926452e-265
73,14,6.947681520871558e-265
73,15,1.2972065408151204e-264
73,16,2.01406892403813e-264
73,17,2.533446744346723e-264
73,18,2.9188388096641373e-264
73,19,3.380934694034287e-264
73,20,4.354745927961009e-264
73,21,5.717783969820078e-264
73,22,9.244397255697326e-264
73,23,1.1755566242662609e-263
73,24,1.1789453434364557e-263
73,25,1.2018132015744292e-263
73,26,1.2713594391077835e-263
73,27,1.3637741704742061e-263
73,28,1.461643430150339e-263
73,29,1.561505738750991e-263
73,30,1.6642204395485275e-263
73,31,1.77419422581999e-263
73,32,1.898471459448179e-263
73,33,2.047832134286902e-263
73,34,2.240666299330302e-263
73,35,2.509389144046626e-263
73,36,2.8600331539654476e-263
73,37,3.301436249215069e-263
73,38,3.854816349069417e-263
73,39,4.545112392824611e-263
73,40,5.393507355211139e-263
73,41,6.42872058965049e-263
73,42,7.69095268825812e-263
73,43,9.22839264844571e-263
73,44,1.1107642752453301e-262
73,45,1.3423543417052676e-262
73,46,1.6692999796018908e-262
73,47,2.1364918775513445e-262
73,48,2.771852657084026e-262
73,49,3.6464030441972223e-262
73,50,4.837806977786434e-262
73,51,6.45012254502068e-262
73,52,8.61005535819606e-262
73,53,1.149687943816193e-261
73,54,1.535953117924844e-261
73,55,2.0544306642167024e-261
73,56,2.7538151788746835e-261
73,57,3.7047563528006277e-261
73,58,5.187812290234466e-261
73,59,7.551779748418692e-261
73,60,1.110549896047321e-260
73,61,1.6424244018138993e-260
73,62,2.4343228755535833e-260
73,63,3.61897871595859e-260
73,64,5.403649544290625e-260
73,65,8.11605024908079e-260
73,66,1.2265154002893196e-259
73,67,1.85883960805367e-259
73,68,2.8422531270917317e-259
73,69,4.370078124680861e-259
73,70,6.973383324746109e-259
73,71,1.1441322239150242e-258
73,72,1.862428539379527e-258
73,73,3.0073023045471536e-258
73,74,4.806255342057062e-258
73,75,7.594813561599763e-258
73,76,1.1862173164672426e-257
73,77,1.833224153784914e-257
73,78,2.8081223361750077e-257
73,79,4.272999828165157e-257
73,80,6.599531566129524e-257
73,81,1.032851273670396e-256
73,82,1.6346406271061156e-256
73,83,2.603266429078959e-256
73,84,4.101605890125605e-256
73,85,6.410980283930455e-256
73,86,9.974590969390587e-256
73,87,1.5503067438155445e-255
73,88,2.4165967391607463e-255
73,89,3.7898806344907835e-255
73,90,5.957093101963261e-255
73,91,9.353185856474031e-255
73,92,1.5566322247074494e-254
73,93,2.7348476376940302e-254
73,94,4.860092497951586e-254
73,95,8.763365621795454e-254
73,96,1.5844297163332262e-253
73,97,2.8651762561971885e-253
73,98,5.202216507547258e-253
73,99,9.50241579468273e-253
73,100,1.7263765014883675e-252
73,101,3.11712410095924e-252
73,102,5.994223503415104e-252
73,103,1.1910328650839351e-251
73,104,2.272310071618683e-251
73,105,4.087197252821341e-251
73,106,6.81542256517656e-251
73,107,1.0469583761587947e-250
73,108,1.480172395936843e-250
73,109,1.9260557561907496e-250
73,110,2.316804401196657e-250
73,111,2.5599549380842842e-250
73,112,2.563691630196185e-250
73,113,2.3124747149655966e-250
73,114,1.8720900769658533e-250
73,115,1.3607734092552779e-250
73,116,8.884723173324135e-251
73,117,5.213269253571838e-251
73,118,2.7274733660909342e-251
73,119,1.2675938378577125e-251
73,120,5.077138714235689e-252
73,121,1.718516416713364e-252
73,122,5.100308738889984e-253
73,123,1.3274044857227404e-253
73,124,3.0289327580091335e-254
73,125,6.059041186499924e-255
73,126,1.0664260249541748e-255
73,127,1.8864041223238333e-256
74,0,2.942334e-318
74,1,7.83124e-319
74,2,6.89745e-319
74,3,6.7933e-319
74,4,7.0296e-319
74,5,7.42847e-319
74,6,7.96147e-319
74,7,8.287e-319
74,8,9.3612e-319
74,9,1.08196e-318
74,10,1.29716e-318
74,11,1.655303e-318
74,12,2.07628e-318
74,13,2.627046e-318
74,14,3.310176e-318
74,15,3.92666e-318
74,16,3.93687e-318
74,17,3.26096e-318
74,18,2.530807e-318
74,19,2.021316e-318
74,20,1.806077e-318
74,21,1.65818e-318
74,22,1.754733e-318
74,23,1.40443e-318
74,24,9.2794e-319
74,25,6.46416e-319
74,26,4.8276e-319
74,27,3.7455e-319
74,28,2.9568e-319
74,29,2.3604e-319
74,30,1.89667e-319
74,31,1.2887e-319
74,32,1.06007e-319
74,33,8.8724e-320
74,34,7.1427e-320
74,35,5.6645e-320
74,36,5.4105e-320
74,37,5.7376e-320
74,38,6.4214e-320
74,39,8.124e-320
74,40,1.2997e-319
74,41,2.24004e-319
74,42,4.18943e-319
74,43,7.8685e-319
74,44,1.508397e-318
74,45,2.915126e-318
74,46,6.294554e-318
74,47,1.4733166e-317
74,48,3.565643e-317
74,49,8.8377356e-317
74,50,2.20932254e-316
74,51,5.57173723e-316
74,52,1.416005925e-315
74,53,3.627050603e-315
74,54,9.37257974e-315
74,55,2.449202501e-314
74,56,6.5073347425e-314
74,57,1.77867673105e-313
74,58,5.9982978781e-313
74,59,3.13526293456e-312
74,60,1.1032250466113e-311
74,61,3.5465177015e-311
74,62,8.077102343573e-311
74,63,1.6033421164838e-310
74,64,2.8676197584539e-310
74,65,5.0185258075584e-310
74,66,8.387114555384e-310
74,67,1.36796604216078e-309
74,68,2.173328447427194e-309
74,69,3.458439528955223e-309
74,70,5.6018754269665e-309
74,71,9.42827557630318e-309
74,72,1.588267958332848e-308
74,73,2.627408600680646e-308
74,74,4.3099280686877687e-308
74,75,6.955380246335946e-308
74,76,1.1082394953737775e-307
74,77,1.7432258779690681e-307
74,78,2.71184445026554e-307
74,79,4.187519177608853e-307
74,80,6.565978460314032e-307
74,81,1.0438775048664877e-306
74,82,1.6762810126928316e-306
74,83,2.704287810170784e-306
74,84,4.30920632455445e-306
74,85,6.808167370529261e-306
74,86,1.0713193966129584e-305
74,87,1.687122121275953e-305
74,88,2.6729286986590963e-305
74,89,4.2782028105137084e-305
74,90,6.882395793932317e-305
74,91,1.1076387620598505e-304
74,92,1.90092157486148e-304
74,93,3.468344571653189e-304
74,94,6.4423282767548e-304
74,95,1.2230704774710267e-303
74,96,2.337261494531277e-303
74,97,4.482222722256164e-303
74,98,8.670498700825776e-303
74,99,1.695570537178041e-302
74,100,3.3021116210842484e-302
74,101,6.399582184360254e-302
74,102,1.3353947143377257e-301
74,103,2.888188936633685e-301
74,104,5.9625670594008595e-301
74,105,1.1486463331475899e-300
74,106,2.0228262915441046e-300
74,107,3.233711044282947e-300
74,108,4.6890870300170324e-300
74,109,6.169943843331118e-300
74,110,7.395790106910479e-300
74,111,8.018778263141018e-300
74,112,7.743581547315993e-300
74,113,6.613344924414409e-300
74,114,4.982301658512308e-300
74,115,3.3134253197558185e-300
74,116,1.94664778463116e-300
74,117,1.0111209307205947e-300
74,118,4.601710379005357e-301
74,119,1.8267245598591117e-301
74,120,6.115123103192254e-302
74,121,1.6827817492322895e-302
74,122,3.9870720677201956e-303
74,123,8.138823917369964e-304
74,124,1.4318471469293856e-304
74,125,2.1718135583075026e-305
74,126,2.8463511524867936e-306
74,127,3.572368834281931e-307
75,0,0.0
75,1,0.0
75,2,0.0
75,3,0.0
75,4,0.0
75,5,0.0
75,6,0.0
75,7,0.0
75,8,0.0
75,9,0.0
75,10,0.0
75,11,0.0
75,12,0.0
75,13,0.0
75,14,0.0
75,15,0.0
75,16,0.0
75,17,0.0
75,18,0.0
75,19,0.0
75,20,0.0
75,21,0.0
75,22,0.0
75,23,0.0
75,24,0.0
75,25,0.0
75,26,0.0
75,27,0.0
75,28,0.0
75,29,0.0
75,30,0.0
75,31,0.0
75,32,0.0
75,33,0.0
75,34,0.0
75,35,0.0
75,36,0.0
75,37,0.0
75,38,0.0
75,39,0.0
75,40,0.0
75,41,0.0
75,42,0.0
75,43,0.0
75,44,0.0
75,45,0.0
75,46,0.0
75,47,0.0
75,48,0.0
75,49,0.0
75,50,0.0
75,51,0.0
75,52,0.0
75,53,0.0
75,54,0.0
75,55,0.0
75,56,0.0
75,57,0.0
75,58,0.0
75,59,0.0
75,60,0.0
75,61,0.0
75,62,0.0
75,63,0.0
75,64,0.0
75,65,0.0
75,66,0.0
75,67,0.0
75,68,0.0
75,69,0.0
75,70,0.0
75,71,0.0
75,72,0.0
75,73,0.0
75,74,0.0
75,75,0.0
75,76,0.0
75,77,0.0
75,78,0.0
75,79,0.0
75,80,0.0
75,81,0.0
75,82,0.0
75,83,0.0
75,84,0.0
75,85,0.0
75,86,0.0
75,87,0.0
75,88,0.0
75,89,0.0
75,90,0.0
75,91,0.0
75,92,0.0
75,93,0.0
75,94,0.0
75,95,0.0
75,96,0.0
75,97,0.0
75,98,0.0
75,99,0.0
75,100,0.0
75,101,0.0
75,102,0.0
75,103,0.0
75,104,0.0
75,105,0.0
75,106,0.0
75,107,0.0
75,108,0.0
75,109,0.0
75,110,0.0
75,111,0.0
75,112,0.0
75,113,0.0
75,114,0.0
75,115,0.0
75,116,0.0
75,117,0.0
75,118,0.0
75,119,0.0
75,120,0.0
75,121,0.0
75,122,0.0
75,123,0.0
75,124,0.0
75,125,0.0
75,126,0.0
75,127,0.0
