block,cell_index,thermal_log_contribution
0,0,0.0
0,1,0.0
0,2,0.0
0,3,0.0
0,4,0.0
0,5,0.0
0,6,0.0
0,7,0.0
0,8,0.0
0,9,0.0
0,10,0.0
0,11,0.0
0,12,0.0
0,13,0.0
0,14,0.0
0,15,0.0
0,16,0.0
0,17,0.0
0,18,0.0
0,19,0.0
0,20,0.0
0,21,0.0
0,22,0.0
0,23,0.0
0,24,0.0
0,25,0.0
0,26,0.0
0,27,0.0
0,28,0.0
0,29,0.0
0,30,0.0
0,31,0.0
0,32,0.0
0,33,0.0
0,34,0.0
0,35,0.0
0,36,0.0
0,37,0.0
0,38,0.0
0,39,0.0
0,40,0.0
0,41,0.0
0,42,0.0
0,43,0.0
0,44,0.0
0,45,0.0
0,46,0.0
0,47,0.0
0,48,0.0
0,49,0.0
0,50,0.0
0,51,0.0
0,52,0.0
0,53,0.0
0,54,0.0
0,55,0.0
0,56,0.0
0,57,0.0
0,58,0.0
0,59,0.0
0,60,0.0
0,61,0.0
0,62,0.0
0,63,0.0
0,64,0.0
0,65,0.0
0,66,0.0
0,67,0.0
0,68,0.0
0,69,0.0
0,70,0.0
0,71,0.0
0,72,0.0
0,73,0.0
0,74,0.0
0,75,0.0
0,76,0.0
0,77,0.0
0,78,0.0
0,79,0.0
0,80,0.0
0,81,0.0
0,82,0.0
0,83,0.0
0,84,0.0
0,85,0.0
0,86,0.0
0,87,0.0
0,88,0.0
0,89,0.0
0,90,0.0
0,91,0.0
0,92,0.0
0,93,0.0
0,94,0.0
0,95,0.0
0,96,0.0
0,97,0.0
0,98,0.0
0,99,0.0
0,100,0.0
0,101,0.0
0,102,0.0
0,103,0.0
0,104,0.0
0,105,0.0
0,106,0.0
0,107,0.0
0,108,0.0
0,109,0.0
0,110,0.0
0,111,0.0
0,112,0.0
0,113,0.0
0,114,0.0
0,115,0.0
0,116,0.0
0,117,0.0
0,118,0.0
0,119,0.0
0,120,0.0
0,121,0.0
0,122,0.0
0,123,0.0
0,124,0.0
0,125,0.0
0,126,0.0
0,127,0.0
1,0,0.0
1,1,0.0
1,2,0.0
1,3,0.0
1,4,0.0
1,5,0.0
1,6,0.0
1,7,0.0
1,8,0.0
1,9,0.0
1,10,0.0
1,11,0.0
1,12,0.0
1,13,0.0
1,14,0.0
1,15,0.0
1,16,0.0
1,17,0.0
1,18,0.0
1,19,0.0
1,20,0.0
1,21,0.0
1,22,0.0
1,23,0.0
1,24,0.0
1,25,0.0
1,26,0.0
1,27,0.0
1,28,0.0
1,29,0.0
1,30,0.0
1,31,0.0
1,32,0.0
1,33,0.0
1,34,0.0
1,35,0.0
1,36,0.0
1,37,0.0
1,38,0.0
1,39,0.0
1,40,0.0
1,41,0.0
1,42,0.0
1,43,0.0
1,44,0.0
1,45,0.0
1,46,0.0
1,47,0.0
1,48,0.0
1,49,0.0
1,50,0.0
1,51,0.0
1,52,0.0
1,53,0.0
1,54,0.0
1,55,0.0
1,56,0.0
1,57,0.0
1,58,0.0
1,59,0.0
1,60,0.0
1,61,0.0
1,62,0.0
1,63,0.0
1,64,0.0
1,65,0.0
1,66,0.0
1,67,0.0
1,68,0.0
1,69,0.0
1,70,0.0
1,71,0.0
1,72,0.0
1,73,0.0
1,74,0.0
1,75,0.0
1,76,0.0
1,77,0.0
1,78,0.0
1,79,0.0
1,80,0.0
1,81,0.0
1,82,0.0
1,83,0.0
1,84,0.0
1,85,0.0
1,86,0.0
1,87,0.0
1,88,0.0
1,89,0.0
1,90,0.0
1,91,0.0
1,92,0.0
1,93,0.0
1,94,0.0
1,95,0.0
1,96,0.0
1,97,0.0
1,98,0.0
1,99,0.0
1,100,0.0
1,101,0.0
1,102,0.0
1,103,0.0
1,104,0.0
1,105,0.0
1,106,0.0
1,107,0.0
1,108,0.0
1,109,0.0
1,110,0.0
1,111,0.0
1,112,0.0
1,113,0.0
1,114,0.0
1,115,0.0
1,116,0.0
1,117,0.0
1,118,0.0
1,119,0.0
1,120,0.0
1,121,0.0
1,122,0.0
1,123,0.0
1,124,0.0
1,125,0.0
1,126,0.0
1,127,0.0
2,0,0.0
2,1,0.0
2,2,0.0
2,3,0.0
2,4,0.0
2,5,0.0
2,6,0.0
2,7,0.0
2,8,0.0
2,9,0.0
2,10,0.0
2,11,0.0
2,12,0.0
2,13,0.0
2,14,0.0
2,15,0.0
2,16,0.0
2,17,0.0
2,18,0.0
2,19,0.0
2,20,0.0
2,21,0.0
2,22,0.0
2,23,0.0
2,24,0.0
2,25,0.0
2,26,0.0
2,27,0.0
2,28,0.0
2,29,0.0
2,30,0.0
2,31,0.0
2,32,0.0
2,33,0.0
2,34,0.0
2,35,0.0
2,36,0.0
2,37,0.0
2,38,0.0
2,39,0.0
2,40,0.0
2,41,0.0
2,42,0.0
2,43,0.0
2,44,0.0
2,45,0.0
2,46,0.0
2,47,0.0
2,48,0.0
2,49,0.0
2,50,0.0
2,51,0.0
2,52,0.0
2,53,0.0
2,54,0.0
2,55,0.0
2,56,0.0
2,57,0.0
2,58,0.0
2,59,0.0
2,60,0.0
2,61,0.0
2,62,0.0
2,63,0.0
2,64,0.0
2,65,0.0
2,66,0.0
2,67,0.0
2,68,0.0
2,69,0.0
2,70,0.0
2,71,0.0
2,72,0.0
2,73,0.0
2,74,0.0
2,75,0.0
2,76,0.0
2,77,0.0
2,78,0.0
2,79,0.0
2,80,0.0
2,81,0.0
2,82,0.0
2,83,0.0
2,84,0.0
2,85,0.0
2,86,0.0
2,87,0.0
2,88,0.0
2,89,0.0
2,90,0.0
2,91,0.0
2,92,0.0
2,93,0.0
2,94,0.0
2,95,0.0
2,96,0.0
2,97,0.0
2,98,0.0
2,99,0.0
2,100,0.0
2,101,0.0
2,102,0.0
2,103,0.0
2,104,0.0
2,105,0.0
2,106,0.0
2,107,0.0
2,108,0.0
2,109,0.0
2,110,0.0
2,111,0.0
2,112,0.0
2,113,0.0
2,114,0.0
2,115,0.0
2,116,0.0
2,117,0.0
2,118,0.0
2,119,0.0
2,120,0.0
2,121,0.0
2,122,0.0
2,123,0.0
2,124,0.0
2,125,0.0
2,126,0.0
2,127,0.0
3,0,0.0
3,1,0.0
3,2,0.0
3,3,0.0
3,4,0.0
3,5,0.0
3,6,0.0
3,7,0.0
3,8,0.0
3,9,0.0
3,10,0.0
3,11,0.0
3,12,0.0
3,13,0.0
3,14,0.0
3,15,0.0
3,16,0.0
3,17,0.0
3,18,0.0
3,19,0.0
3,20,0.0
3,21,0.0
3,22,0.0
3,23,0.0
3,24,0.0
3,25,0.0
3,26,0.0
3,27,0.0
3,28,0.0
3,29,0.0
3,30,0.0
3,31,0.0
3,32,0.0
3,33,0.0
3,34,0.0
3,35,0.0
3,36,0.0
3,37,0.0
3,38,0.0
3,39,0.0
3,40,0.0
3,41,0.0
3,42,0.0
3,43,0.0
3,44,0.0
3,45,0.0
3,46,0.0
3,47,0.0
3,48,0.0
3,49,0.0
3,50,0.0
3,51,0.0
3,52,0.0
3,53,0.0
3,54,0.0
3,55,0.0
3,56,0.0
3,57,0.0
3,58,0.0
3,59,0.0
3,60,0.0
3,61,0.0
3,62,0.0
3,63,0.0
3,64,0.0
3,65,0.0
3,66,0.0
3,67,0.0
3,68,0.0
3,69,0.0
3,70,0.0
3,71,0.0
3,72,0.0
3,73,0.0
3,74,0.0
3,75,0.0
3,76,0.0
3,77,0.0
3,78,0.0
3,79,0.0
3,80,0.0
3,81,0.0
3,82,0.0
3,83,0.0
3,84,0.0
3,85,0.0
3,86,0.0
3,87,0.0
3,88,0.0
3,89,0.0
3,90,0.0
3,91,0.0
3,92,0.0
3,93,0.0
3,94,0.0
3,95,0.0
3,96,0.0
3,97,0.0
3,98,0.0
3,99,0.0
3,100,0.0
3,101,0.0
3,102,0.0
3,103,0.0
3,104,0.0
3,105,0.0
3,106,0.0
3,107,0.0
3,108,0.0
3,109,0.0
3,110,0.0
3,111,0.0
3,112,0.0
3,113,0.0
3,114,0.0
3,115,0.0
3,116,0.0
3,117,0.0
3,118,0.0
3,119,0.0
3,120,0.0
3,121,0.0
3,122,0.0
3,123,0.0
3,124,0.0
3,125,0.0
3,126,0.0
3,127,0.0
4,0,-4.83621135470142e-19
4,1,-8.159731525204805e-19
4,2,-9.752080259758037e-19
4,3,-7.502802004844335e-19
4,4,-2.2646461603734704e-18
4,5,-2.3680301834584694e-18
4,6,-1.6890673171814871e-18
4,7,-1.5888512347555263e-18
4,8,-2.1392982995232293e-18
4,9,-1.6482959261567858e-18
4,10,0.0
4,11,-6.918243871428362e-19
4,12,0.0
4,13,0.0
4,14,0.0
4,15,0.0
4,16,0.0
4,17,0.0
4,18,0.0
4,19,0.0
4,20,0.0
4,21,0.0
4,22,0.0
4,23,0.0
4,24,0.0
4,25,0.0
4,26,0.0
4,27,0.0
4,28,0.0
4,29,0.0
4,30,0.0
4,31,0.0
4,32,0.0
4,33,0.0
4,34,0.0
4,35,0.0
4,36,0.0
4,37,0.0
4,38,0.0
4,39,0.0
4,40,0.0
4,41,0.0
4,42,0.0
4,43,0.0
4,44,0.0
4,45,0.0
4,46,0.0
4,47,0.0
4,48,0.0
4,49,0.0
4,50,0.0
4,51,0.0
4,52,0.0
4,53,0.0
4,54,0.0
4,55,0.0
4,56,0.0
4,57,0.0
4,58,0.0
4,59,0.0
4,60,0.0
4,61,0.0
4,62,0.0
4,63,0.0
4,64,0.0
4,65,0.0
4,66,0.0
4,67,0.0
4,68,0.0
4,69,0.0
4,70,0.0
4,71,0.0
4,72,0.0
4,73,0.0
4,74,0.0
4,75,0.0
4,76,0.0
4,77,0.0
4,78,0.0
4,79,0.0
4,80,0.0
4,81,0.0
4,82,0.0
4,83,0.0
4,84,0.0
4,85,0.0
4,86,0.0
4,87,0.0
4,88,0.0
4,89,0.0
4,90,0.0
4,91,0.0
4,92,0.0
4,93,0.0
4,94,0.0
4,95,0.0
4,96,0.0
4,97,0.0
4,98,0.0
4,99,0.0
4,100,0.0
4,101,0.0
4,102,0.0
4,103,0.0
4,104,0.0
4,105,0.0
4,106,0.0
4,107,0.0
4,108,0.0
4,109,0.0
4,110,0.0
4,111,0.0
4,112,0.0
4,113,0.0
4,114,0.0
4,115,0.0
4,116,0.0
4,117,0.0
4,118,0.0
4,119,0.0
4,120,0.0
4,121,0.0
4,122,0.0
4,123,0.0
4,124,0.0
4,125,0.0
4,126,0.0
4,127,0.0
5,0,-1.2961046430599806e-16
5,1,-1.5993073789401416e-16
5,2,-2.1942180584455584e-16
5,3,-2.836059157831158e-16
5,4,-3.4681438341719433e-16
5,5,-4.0907721419245063e-16
5,6,-4.639304897858486e-16
5,7,-4.840700095221837e-16
5,8,-5.407076452044961e-16
5,9,-5.670137985979344e-16
5,10,-5.612036617426382e-16
5,11,-5.555349828756974e-16
5,12,-4.804324231400446e-16
5,13,-3.9159269945412425e-16
5,14,-3.453717283602015e-16
5,15,-2.768248373885141e-16
5,16,-1.2677983443429026e-16
5,17,-6.803423874740893e-17
5,18,-3.4032450245743574e-17
5,19,0.0
5,20,0.0
5,21,0.0
5,22,0.0
5,23,0.0
5,24,0.0
5,25,0.0
5,26,0.0
5,27,0.0
5,28,0.0
5,29,0.0
5,30,0.0
5,31,0.0
5,32,0.0
5,33,0.0
5,34,0.0
5,35,0.0
5,36,0.0
5,37,0.0
5,38,0.0
5,39,0.0
5,40,0.0
5,41,0.0
5,42,0.0
5,43,0.0
5,44,0.0
5,45,0.0
5,46,0.0
5,47,0.0
5,48,0.0
5,49,0.0
5,50,0.0
5,51,0.0
5,52,0.0
5,53,0.0
5,54,0.0
5,55,0.0
5,56,0.0
5,57,0.0
5,58,0.0
5,59,0.0
5,60,0.0
5,61,0.0
5,62,0.0
5,63,0.0
5,64,0.0
5,65,0.0
5,66,0.0
5,67,0.0
5,68,0.0
5,69,0.0
5,70,0.0
5,71,0.0
5,72,0.0
5,73,0.0
5,74,0.0
5,75,0.0
5,76,0.0
5,77,0.0
5,78,0.0
5,79,0.0
5,80,0.0
5,81,0.0
5,82,0.0
5,83,0.0
5,84,0.0
5,85,0.0
5,86,0.0
5,87,0.0
5,88,0.0
5,89,0.0
5,90,0.0
5,91,0.0
5,92,0.0
5,93,0.0
5,94,0.0
5,95,0.0
5,96,0.0
5,97,0.0
5,98,0.0
5,99,0.0
5,100,0.0
5,101,0.0
5,102,0.0
5,103,0.0
5,104,0.0
5,105,0.0
5,106,0.0
5,107,0.0
5,108,0.0
5,109,0.0
5,110,0.0
5,111,0.0
5,112,0.0
5,113,0.0
5,114,0.0
5,115,0.0
5,116,0.0
5,117,0.0
5,118,0.0
5,119,0.0
5,120,0.0
5,121,0.0
5,122,0.0
5,123,0.0
5,124,0.0
5,125,0.0
5,126,0.0
5,127,0.0
6,0,-1.0299195700972144e-14
6,1,-1.287524037362066e-14
6,2,-1.7949678926110642e-14
6,3,-2.3681844248090658e-14
6,4,-3.001044387550913e-14
6,5,-3.65434417911311e-14
6,6,-4.312188860764337e-14
6,7,-4.728527198048097e-14
6,8,-5.541745279999949e-14
6,9,-6.316709534613112e-14
6,10,-7.031122536300129e-14
6,11,-7.801565248932336e-14
6,12,-8.017521420740473e-14
6,13,-7.948934242878669e-14
6,14,-7.535812337724137e-14
6,15,-6.478904781140745e-14
6,16,-4.526673988476333e-14
6,17,-2.537110153288791e-14
6,18,-1.2849680857071468e-14
6,19,-6.659611220239376e-15
6,20,-3.628697480105514e-15
6,21,-1.95896663985582e-15
6,22,-9.441790840810167e-16
6,23,-2.86835745445056e-16
6,24,-5.554874723972627e-17
6,25,0.0
6,26,0.0
6,27,0.0
6,28,0.0
6,29,0.0
6,30,0.0
6,31,0.0
6,32,0.0
6,33,0.0
6,34,0.0
6,35,0.0
6,36,0.0
6,37,0.0
6,38,0.0
6,39,0.0
6,40,0.0
6,41,0.0
6,42,0.0
6,43,0.0
6,44,0.0
6,45,0.0
6,46,0.0
6,47,0.0
6,48,0.0
6,49,0.0
6,50,0.0
6,51,0.0
6,52,0.0
6,53,0.0
6,54,0.0
6,55,0.0
6,56,0.0
6,57,0.0
6,58,0.0
6,59,0.0
6,60,0.0
6,61,0.0
6,62,0.0
6,63,0.0
6,64,0.0
6,65,0.0
6,66,0.0
6,67,0.0
6,68,0.0
6,69,0.0
6,70,0.0
6,71,0.0
6,72,0.0
6,73,0.0
6,74,0.0
6,75,0.0
6,76,0.0
6,77,0.0
6,78,0.0
6,79,0.0
6,80,0.0
6,81,0.0
6,82,0.0
6,83,0.0
6,84,0.0
6,85,0.0
6,86,0.0
6,87,0.0
6,88,0.0
6,89,0.0
6,90,0.0
6,91,0.0
6,92,0.0
6,93,0.0
6,94,0.0
6,95,0.0
6,96,0.0
6,97,0.0
6,98,0.0
6,99,0.0
6,100,0.0
6,101,0.0
6,102,0.0
6,103,0.0
6,104,0.0
6,105,0.0
6,106,0.0
6,107,0.0
6,108,0.0
6,109,0.0
6,110,0.0
6,111,0.0
6,112,0.0
6,113,0.0
6,114,0.0
6,115,0.0
6,116,0.0
6,117,0.0
6,118,0.0
6,119,0.0
6,120,0.0
6,121,0.0
6,122,0.0
6,123,0.0
6,124,0.0
6,125,0.0
6,126,0.0
6,127,0.0
7,0,-1.9275881044887637e-13
7,1,-2.4203885233954e-13
7,2,-3.408430067427512e-13
7,3,-4.568065995045464e-13
7,4,-5.90455370018334e-13
7,5,-7.360086453358187e-13
7,6,-8.916766534581573e-13
7,7,-1.0067258008974836e-12
7,8,-1.2305307997806597e-12
7,9,-1.4858948228723115e-12
7,10,-1.7779121840340558e-12
7,11,-2.1589902014443914e-12
7,12,-2.4521564022275213e-12
7,13,-2.7149837454026533e-12
7,14,-2.907995167151191e-12
7,15,-2.85344422655708e-12
7,16,-2.302214030467442e-12
7,17,-1.4986298635284458e-12
7,18,-8.985636456169742e-13
7,19,-5.470413671023157e-13
7,20,-3.633817177045267e-13
7,21,-2.357804527664889e-13
7,22,-1.5660783741290465e-13
7,23,-6.103082383765033e-14
7,24,-1.666462417191788e-14
7,25,-4.15377378455372e-15
7,26,-9.855975448355256e-16
7,27,-2.329656522087934e-16
7,28,-3.471032386337313e-17
7,29,0.0
7,30,-3.234907448359804e-17
7,31,0.0
7,32,0.0
7,33,0.0
7,34,0.0
7,35,0.0
7,36,0.0
7,37,0.0
7,38,0.0
7,39,0.0
7,40,0.0
7,41,0.0
7,42,0.0
7,43,0.0
7,44,0.0
7,45,0.0
7,46,0.0
7,47,0.0
7,48,0.0
7,49,0.0
7,50,0.0
7,51,0.0
7,52,0.0
7,53,0.0
7,54,0.0
7,55,0.0
7,56,0.0
7,57,0.0
7,58,0.0
7,59,0.0
7,60,0.0
7,61,0.0
7,62,0.0
7,63,0.0
7,64,0.0
7,65,0.0
7,66,0.0
7,67,0.0
7,68,0.0
7,69,0.0
7,70,0.0
7,71,0.0
7,72,0.0
7,73,0.0
7,74,0.0
7,75,0.0
7,76,0.0
7,77,0.0
7,78,0.0
7,79,0.0
7,80,0.0
7,81,0.0
7,82,0.0
7,83,0.0
7,84,0.0
7,85,0.0
7,86,0.0
7,87,0.0
7,88,0.0
7,89,0.0
7,90,0.0
7,91,0.0
7,92,0.0
7,93,0.0
7,94,0.0
7,95,0.0
7,96,0.0
7,97,0.0
7,98,0.0
7,99,0.0
7,100,0.0
7,101,0.0
7,102,0.0
7,103,0.0
7,104,0.0
7,105,0.0
7,106,0.0
7,107,0.0
7,108,0.0
7,109,0.0
7,110,0.0
7,111,0.0
7,112,0.0
7,113,0.0
7,114,0.0
7,115,0.0
7,116,0.0
7,117,0.0
7,118,0.0
7,119,0.0
7,120,0.0
7,121,0.0
7,122,0.0
7,123,0.0
7,124,0.0
7,125,0.0
7,126,0.0
7,127,0.0
8,0,5.053069973573044e-12
8,1,6.426170451534163e-12
8,2,9.156775247589392e-12
8,3,1.2476067326084223e-11
8,4,1.6454581245474862e-11
8,5,2.0994460688234448e-11
8,6,2.6106679376487824e-11
8,7,3.033285637226015e-11
8,8,3.8641899164983635e-11
8,9,4.937071559188522e-11
8,10,6.339680708584773e-11
8,11,8.400239356562957e-11
8,12,1.0507720253675158e-10
8,13,1.293440625197974e-10
8,14,1.5552554558720984e-10
8,15,1.729386442961335e-10
8,16,1.594051224849168e-10
8,17,1.192501415395034e-10
8,18,8.252884742284359e-11
8,19,5.820829032992013e-11
8,20,4.532190159297498e-11
8,21,3.505279369546503e-11
8,22,2.930418409531561e-11
8,23,1.5727360378613573e-11
8,24,6.097674862500336e-12
8,25,2.249584982338472e-12
8,26,8.188641941375006e-13
8,27,2.8905661308675676e-13
8,28,9.828228201914104e-14
8,29,3.223824238790523e-14
8,30,1.0384052909234974e-14
8,31,3.087166465811602e-15
8,32,1.0843773038734062e-15
8,33,2.9255568858601184e-16
8,34,5.612942514622951e-17
8,35,0.0
8,36,0.0
8,37,0.0
8,38,0.0
8,39,0.0
8,40,0.0
8,41,0.0
8,42,0.0
8,43,0.0
8,44,0.0
8,45,0.0
8,46,0.0
8,47,0.0
8,48,0.0
8,49,0.0
8,50,0.0
8,51,0.0
8,52,0.0
8,53,0.0
8,54,0.0
8,55,0.0
8,56,0.0
8,57,0.0
8,58,0.0
8,59,0.0
8,60,0.0
8,61,0.0
8,62,0.0
8,63,0.0
8,64,0.0
8,65,0.0
8,66,0.0
8,67,0.0
8,68,0.0
8,69,0.0
8,70,0.0
8,71,0.0
8,72,0.0
8,73,0.0
8,74,0.0
8,75,0.0
8,76,0.0
8,77,0.0
8,78,0.0
8,79,0.0
8,80,0.0
8,81,0.0
8,82,0.0
8,83,0.0
8,84,0.0
8,85,0.0
8,86,0.0
8,87,0.0
8,88,0.0
8,89,0.0
8,90,0.0
8,91,0.0
8,92,0.0
8,93,0.0
8,94,0.0
8,95,0.0
8,96,0.0
8,97,0.0
8,98,0.0
8,99,0.0
8,100,0.0
8,101,0.0
8,102,0.0
8,103,0.0
8,104,0.0
8,105,0.0
8,106,0.0
8,107,0.0
8,108,0.0
8,109,0.0
8,110,0.0
8,111,0.0
8,112,0.0
8,113,0.0
8,114,0.0
8,115,0.0
8,116,0.0
8,117,0.0
8,118,0.0
8,119,0.0
8,120,0.0
8,121,0.0
8,122,0.0
8,123,0.0
8,124,0.0
8,125,0.0
8,126,0.0
8,127,0.0
9,0,1.6312300152806651e-10
9,1,2.0792192795641957e-10
9,2,2.976437545674967e-10
9,3,4.0874502737596167e-10
9,4,5.44665099456042e-10
9,5,7.035402353899825e-10
9,6,8.87240306889131e-10
9,7,1.0472310548610932e-09
9,8,1.3651013141429943e-09
9,9,1.8004867196653353e-09
9,10,2.4071560828082047e-09
9,11,3.3541384981734468e-09
9,12,4.438383102043012e-09
9,13,5.814309992561432e-09
9,14,7.486069759604048e-09
9,15,8.966102610566362e-09
9,16,8.946772106561394e-09
9,17,7.2735703201772585e-09
9,18,5.486823527315188e-09
9,19,4.230525548688776e-09
9,20,3.6308602197313546e-09
9,21,3.1296102959879933e-09
9,22,3.0275593304181526e-09
9,23,1.9911339002384376e-09
9,24,9.66405219495842e-10
9,25,4.5344635915305384e-10
9,26,2.124276426678697e-10
9,27,9.769669095549703e-11
9,28,4.3585371861675154e-11
9,29,1.882800576504871e-11
9,30,7.904981586184436e-12
9,31,3.2413065046045995e-12
9,32,1.3046866261103533e-12
9,33,5.174725019709378e-13
9,34,1.7256991761208263e-13
9,35,4.464812889867183e-14
9,36,1.0392505451307635e-14
9,37,2.572502129294817e-15
9,38,4.2912142120255613e-16
9,39,0.0
9,40,0.0
9,41,0.0
9,42,0.0
9,43,0.0
9,44,0.0
9,45,0.0
9,46,0.0
9,47,0.0
9,48,0.0
9,49,0.0
9,50,0.0
9,51,0.0
9,52,0.0
9,53,0.0
9,54,0.0
9,55,0.0
9,56,0.0
9,57,0.0
9,58,0.0
9,59,0.0
9,60,0.0
9,61,0.0
9,62,0.0
9,63,0.0
9,64,0.0
9,65,0.0
9,66,0.0
9,67,0.0
9,68,0.0
9,69,0.0
9,70,0.0
9,71,0.0
9,72,0.0
9,73,0.0
9,74,0.0
9,75,0.0
9,76,0.0
9,77,0.0
9,78,0.0
9,79,0.0
9,80,0.0
9,81,0.0
9,82,0.0
9,83,0.0
9,84,0.0
9,85,0.0
9,86,0.0
9,87,0.0
9,88,0.0
9,89,0.0
9,90,0.0
9,91,0.0
9,92,0.0
9,93,0.0
9,94,0.0
9,95,0.0
9,96,0.0
9,97,0.0
9,98,0.0
9,99,0.0
9,100,0.0
9,101,0.0
9,102,0.0
9,103,0.0
9,104,0.0
9,105,0.0
9,106,0.0
9,107,0.0
9,108,0.0
9,109,0.0
9,110,0.0
9,111,0.0
9,112,0.0
9,113,0.0
9,114,0.0
9,115,0.0
9,116,0.0
9,117,0.0
9,118,0.0
9,119,0.0
9,120,0.0
9,121,0.0
9,122,0.0
9,123,0.0
9,124,0.0
9,125,0.0
9,126,0.0
9,127,0.0
10,0,1.185753291686861e-09
10,1,1.517280879761277e-09
10,2,2.18077204036544e-09
10,3,3.0144067487223082e-09
10,4,4.050829845079462e-09
10,5,5.285340469095712e-09
10,6,6.7424227813110825e-09
10,7,8.061632486717273e-09
10,8,1.070797576004098e-08
10,9,1.4495225764263737e-08
10,10,2.002867550459674e-08
10,11,2.9075132001349915e-08
10,12,4.0270876660206725e-08
10,13,5.5475363926570015e-08
10,14,7.545427888167377e-08
10,15,9.587599084943624e-08
10,16,1.018540145625259e-07
10,17,8.83895935309811e-08
10,18,7.131937767716775e-08
10,19,5.894384152945444e-08
10,20,5.4578175823435404e-08
10,21,5.1188777145847084e-08
10,22,5.552694246152e-08
10,23,4.274773216886731e-08
10,24,2.4656032885042657e-08
10,25,1.3897504344891488e-08
10,26,7.885582895432222e-09
10,27,4.422060501398607e-09
10,28,2.419439736991595e-09
10,29,1.2883345993819024e-09
10,30,6.697752621855193e-10
10,31,3.414857960097628e-10
10,32,1.7150261428850067e-10
10,33,8.522550935360774e-11
10,34,3.675492275666717e-11
10,35,1.3179398701844681e-11
10,36,4.5398785447242e-12
10,37,1.4775561749163134e-12
10,38,4.542488644218614e-13
10,39,1.2282717813047732e-13
10,40,2.2439621939018612e-14
10,41,-4.527906369654973e-15
10,42,-9.034391904755912e-15
10,43,-8.531069641875074e-15
10,44,-6.678591265566086e-15
10,45,-4.739101810970811e-15
10,46,-3.1047486819283966e-15
10,47,-2.4637417725541665e-15
10,48,-1.757025984013984e-15
10,49,-1.1594045591060636e-15
10,50,-3.9757411397576915e-16
10,51,-3.866206007610883e-16
10,52,-4.389658143812721e-16
10,53,-3.664218729839851e-16
10,54,0.0
10,55,-2.32137393129606e-16
10,56,-1.69910192316487e-16
10,57,0.0
10,58,-1.0783663298900219e-16
10,59,0.0
10,60,0.0
10,61,0.0
10,62,0.0
10,63,0.0
10,64,0.0
10,65,0.0
10,66,0.0
10,67,0.0
10,68,0.0
10,69,0.0
10,70,0.0
10,71,0.0
10,72,0.0
10,73,0.0
10,74,0.0
10,75,0.0
10,76,0.0
10,77,0.0
10,78,0.0
10,79,0.0
10,80,0.0
10,81,0.0
10,82,0.0
10,83,0.0
10,84,0.0
10,85,0.0
10,86,0.0
10,87,0.0
10,88,0.0
10,89,0.0
10,90,0.0
10,91,0.0
10,92,0.0
10,93,0.0
10,94,0.0
10,95,0.0
10,96,0.0
10,97,0.0
10,98,0.0
10,99,0.0
10,100,0.0
10,101,0.0
10,102,0.0
10,103,0.0
10,104,0.0
10,105,0.0
10,106,0.0
10,107,0.0
10,108,0.0
10,109,0.0
10,110,0.0
10,111,0.0
10,112,0.0
10,113,0.0
10,114,0.0
10,115,0.0
10,116,0.0
10,117,0.0
10,118,0.0
10,119,0.0
10,120,0.0
10,121,0.0
10,122,0.0
10,123,0.0
10,124,0.0
10,125,0.0
10,126,0.0
10,127,0.0
11,0,5.426968732105045e-10
11,1,6.792002124872111e-10
11,2,9.696879272589136e-10
11,3,1.334540742081018e-09
11,4,1.7875933091792235e-09
11,5,2.3263160198881267e-09
11,6,2.9610970178520316e-09
11,7,3.533389634314808e-09
11,8,4.6815841907531125e-09
11,9,6.31884260535979e-09
11,10,8.698798336948625e-09
11,11,1.2566538502319975e-08
11,12,1.7295152126399338e-08
11,13,2.3623918532368238e-08
11,14,3.1768943117329465e-08
11,15,3.9760822790702765e-08
11,16,4.1406587801895414e-08
11,17,3.5016451209041096e-08
11,18,2.733345367430171e-08
11,19,2.1651144612052137e-08
11,20,1.8911432438614417e-08
11,21,1.6318437202780844e-08
11,22,1.511376288823184e-08
11,23,8.15852371078927e-09
11,24,1.8245305991672193e-09
11,25,-1.2240162569446421e-09
11,26,-2.423022088649319e-09
11,27,-2.6453405716091125e-09
11,28,-2.3676124681492093e-09
11,29,-1.892874909838138e-09
11,30,-1.4025060286958032e-09
11,31,-9.830972468128253e-10
11,32,-6.603852358702525e-10
11,33,-4.2900015107426475e-10
11,34,-2.454483070925219e-10
11,35,-1.1975887751691155e-10
11,36,-5.4035317613606164e-11
11,37,-2.201171341170069e-11
11,38,-7.974887851944128e-12
11,39,-2.4636332872842444e-12
11,40,-6.789766558929242e-13
11,41,-3.451558341211277e-13
11,42,-4.651457054295855e-13
11,43,-6.4527385805497e-13
11,44,-7.64204721263414e-13
11,45,-8.100396461288646e-13
11,46,-7.88157285882305e-13
11,47,-7.160792998935375e-13
11,48,-6.203707344356575e-13
11,49,-5.231642572295656e-13
11,50,-4.340184077568814e-13
11,51,-3.576240557040067e-13
11,52,-2.895293092854762e-13
11,53,-2.3676960025981835e-13
11,54,-1.9139401744258394e-13
11,55,-1.5413922903805838e-13
11,56,-1.2624327289114983e-13
11,57,-1.0217389582902388e-13
11,58,-8.190192275514717e-14
11,59,-6.981553635979529e-14
11,60,-5.794530736067262e-14
11,61,-4.996283449968433e-14
11,62,-4.248628047553599e-14
11,63,-3.6230524650567796e-14
11,64,-3.294798969763536e-14
11,65,-2.784529376401511e-14
11,66,-2.473601173073305e-14
11,67,-2.134309217323615e-14
11,68,-1.9436845509131927e-14
11,69,-1.7210257362890403e-14
11,70,-1.6324586018691193e-14
11,71,-1.451502828571984e-14
11,72,-1.2571753495456625e-14
11,73,-1.1389722117235428e-14
11,74,-1.077085192162835e-14
11,75,-9.183000103690131e-15
11,76,-8.499763211058128e-15
11,77,-7.641012536032707e-15
11,78,-8.221769866886283e-15
11,79,-6.0300638301062526e-15
11,80,-5.203248136852098e-15
11,81,-4.469883818870224e-15
11,82,-4.0708771353317145e-15
11,83,-3.5038973109778165e-15
11,84,-2.9610315946315972e-15
11,85,-3.717513000138035e-15
11,86,-3.0782245446669454e-15
11,87,-2.0148882059068037e-15
11,88,-2.749052854818995e-15
11,89,-1.8371830864287902e-15
11,90,-1.381496491267217e-15
11,91,-7.324058906366621e-16
11,92,-1.1309811353803663e-15
11,93,-1.1102443383662964e-15
11,94,-8.927829006664184e-16
11,95,-7.803828589251596e-16
11,96,-1.1517645596504172e-15
11,97,-1.8898121417296406e-16
11,98,-3.72301861935935e-16
11,99,-5.503837618949057e-16
11,100,-2.7137267077856886e-16
11,101,-5.359212589133218e-16
11,102,-7.927959955155868e-16
11,103,-3.473696128530393e-16
11,104,-4.285802966286698e-16
11,105,-7.618338973579709e-16
11,106,-4.1821721041074176e-16
11,107,-7.442862963102817e-16
11,108,-9.001230669205852e-16
11,109,-1.458440542031091e-15
11,110,-1.2838900763940462e-15
11,111,-1.4312396025437611e-15
11,112,-1.024583949516344e-15
11,113,-1.7195458722300943e-15
11,114,-1.6289560217824717e-15
11,115,-9.243096899549064e-16
11,116,-1.2244833017884223e-15
11,117,-1.7501622647060288e-15
11,118,-2.3467487151444467e-15
11,119,-2.6378574424903123e-15
11,120,-2.0259939774146315e-15
11,121,-1.4953511471790418e-15
11,122,-1.7144097633553716e-15
11,123,-1.2641395688740055e-15
11,124,-1.5587119875605686e-15
11,125,-1.6306761723006517e-15
11,126,-1.999897007984488e-15
11,127,-2.2957155190476553e-15
12,0,-2.2904376887487865e-08
12,1,-2.9852713172774704e-08
12,2,-4.328546005764258e-08
12,3,-6.053203949830297e-08
12,4,-8.250395378843514e-08
12,5,-1.0943509559714158e-07
12,6,-1.4222287873897078e-07
12,7,-1.736353505639152e-07
12,8,-2.3766361509121588e-07
12,9,-3.353031098177909e-07
12,10,-4.881255947849626e-07
12,11,-7.557146129062149e-07
12,12,-1.1241368001940839e-06
12,13,-1.6742257347611245e-06
12,14,-2.47780423444886e-06
12,15,-3.4458765516223232e-06
12,16,-4.02634672985597e-06
12,17,-3.858048404142155e-06
12,18,-3.4487012207486055e-06
12,19,-3.169324060290023e-06
12,20,-3.297362220740221e-06
12,21,-3.5224209793731772e-06
12,22,-4.563448262876134e-06
12,23,-4.470124503041708e-06
12,24,-3.3491817939430094e-06
12,25,-2.4867975921075306e-06
12,26,-1.8772675413320427e-06
12,27,-1.4110036230943618e-06
12,28,-1.0406979859087402e-06
12,29,-7.503272705062189e-07
12,30,-5.298075084951419e-07
12,31,-3.675533649505641e-07
12,32,-2.512787303699485e-07
12,33,-1.6978687949593027e-07
12,34,-1.0398170109504117e-07
12,35,-5.641355287462186e-08
12,36,-2.8967296945312138e-08
12,37,-1.36161175761582e-08
12,38,-5.537005907549495e-09
12,39,-1.4933438345947412e-09
12,40,3.7738488684917776e-10
12,41,1.1213882774214352e-09
12,42,1.310772818285321e-09
12,43,1.2489198336785753e-09
12,44,1.0906927531402172e-09
12,45,9.109090778891143e-10
12,46,7.207037404583924e-10
12,47,5.435367969661846e-10
12,48,4.0361979218533083e-10
12,49,2.969827736201137e-10
12,50,2.1908613104985008e-10
12,51,1.6248671523779922e-10
12,52,1.2132362931716994e-10
12,53,9.126530660724283e-11
12,54,6.919893550043512e-11
12,55,5.290794216122385e-11
12,56,4.080359286441972e-11
12,57,3.175062115207813e-11
12,58,2.425709573444512e-11
12,59,1.820298592602555e-11
12,60,1.3809244084969592e-11
12,61,1.0605927740961817e-11
12,62,8.267501129619904e-12
12,63,6.522532290672923e-12
12,64,5.174675052344262e-12
12,65,4.119935771206713e-12
12,66,3.286731771455913e-12
12,67,2.6295718140182273e-12
12,68,2.0982577404146944e-12
12,69,1.6492343770038403e-12
12,70,1.2236237490774855e-12
12,71,8.229084584565361e-13
12,72,4.954794726118451e-13
12,73,2.429062958728052e-13
12,74,5.523700411159404e-14
12,75,-9.453507083488757e-14
12,76,-2.1569890902816364e-13
12,77,-3.057769480937374e-13
12,78,-3.6162418682808773e-13
12,79,-4.003438029814021e-13
12,80,-4.3141993193949e-13
12,81,-4.66127039365002e-13
12,82,-5.089830018296562e-13
12,83,-5.461246843317149e-13
12,84,-5.630697680351445e-13
12,85,-5.618091521458606e-13
12,86,-5.471259107354323e-13
12,87,-5.259977599753372e-13
12,88,-4.936199306112988e-13
12,89,-4.3897868806316153e-13
12,90,-3.711974803074145e-13
12,91,-3.1169102117237373e-13
12,92,-2.8942835419052103e-13
12,93,-3.000687652693636e-13
12,94,-3.098948646313212e-13
12,95,-2.987890871109705e-13
12,96,-2.821823171143522e-13
12,97,-2.6854230533978195e-13
12,98,-2.564229074083752e-13
12,99,-2.4070116520203877e-13
12,100,-2.2460611384772884e-13
12,101,-2.1919179489554864e-13
12,102,-2.4902603103584043e-13
12,103,-3.1610634769626576e-13
12,104,-3.7235056171098834e-13
12,105,-4.2171738629304564e-13
12,106,-4.742583166057812e-13
12,107,-5.306761292692308e-13
12,108,-5.887623151357828e-13
12,109,-6.567843907613347e-13
12,110,-7.294100496513675e-13
12,111,-8.105586949072833e-13
12,112,-8.909151511794425e-13
12,113,-9.801411471711537e-13
12,114,-1.0561840567900065e-12
12,115,-1.1335117831147003e-12
12,116,-1.209483381341514e-12
12,117,-1.2840103502021533e-12
12,118,-1.366110558499893e-12
12,119,-1.4357481222697272e-12
12,120,-1.4948834080760847e-12
12,121,-1.5484361129038978e-12
12,122,-1.5942520008106388e-12
12,123,-1.6415967719095617e-12
12,124,-1.6792523812652527e-12
12,125,-1.712654710780857e-12
12,126,-1.7440583314815837e-12
12,127,-1.7697744991677699e-12
13,0,-9.663166452352932e-08
13,1,-1.2699160256731261e-07
13,2,-1.8465072703397176e-07
13,3,-2.5911485132073714e-07
13,4,-3.546291085772887e-07
13,5,-4.726520975986783e-07
13,6,-6.176088612914944e-07
13,7,-7.587103857476601e-07
13,8,-1.0476750841272563e-06
13,9,-1.4962574925964661e-06
13,10,-2.212110730446411e-06
13,11,-3.4905035772471477e-06
13,12,-5.30300483287547e-06
13,13,-8.082317736548125e-06
13,14,-1.2263713817757169e-05
13,15,-1.7517073475368346e-05
13,16,-2.1057457249525615e-05
13,17,-2.0790115758489717e-05
13,18,-1.917575597957469e-05
13,19,-1.8210838070680965e-05
13,20,-1.964884011144144e-05
13,21,-2.1866571679341246e-05
13,22,-2.9961039054935213e-05
13,23,-3.1645197370046114e-05
13,24,-2.573135906502864e-05
13,25,-2.0829259252303544e-05
13,26,-1.720103691998733e-05
13,27,-1.4183320912798715e-05
13,28,-1.1505252749785808e-05
13,29,-9.14534247784185e-06
13,30,-7.137199759888937e-06
13,31,-5.4875553932837265e-06
13,32,-4.171192215705667e-06
13,33,-3.146446761586055e-06
13,34,-2.2073995756559314e-06
13,35,-1.4284424325808786e-06
13,36,-9.006143485673696e-07
13,37,-5.490766316304162e-07
13,38,-3.243706985357798e-07
13,39,-1.8348839576128202e-07
13,40,-9.695900927939834e-08
13,41,-4.50145502198555e-08
13,42,-1.4684859970023804e-08
13,43,2.373430672528275e-09
13,44,1.1433172939361303e-08
13,45,1.5775726236501056e-08
13,46,1.7415023662831483e-08
13,47,1.7204571258707516e-08
13,48,1.5955185531557213e-08
13,49,1.4298003856987953e-08
13,50,1.2592192828625538e-08
13,51,1.0983062932985389e-08
13,52,9.52546122333803e-09
13,53,8.234530597100724e-09
13,54,7.109962449578019e-09
13,55,6.14558642651565e-09
13,56,5.332272762073694e-09
13,57,4.657800614274428e-09
13,58,4.048791734571678e-09
13,59,3.5213803430421353e-09
13,60,3.1132548689583593e-09
13,61,2.7925724107017835e-09
13,62,2.5336154298756167e-09
13,63,2.314229762622223e-09
13,64,2.1206143426796207e-09
13,65,1.9460290754033075e-09
13,66,1.7886474999308438e-09
13,67,1.6492342185292347e-09
13,68,1.5275373320283397e-09
13,69,1.4245512709406531e-09
13,70,1.3335219024475608e-09
13,71,1.2541348094946948e-09
13,72,1.1876945442514271e-09
13,73,1.1266911135760343e-09
13,74,1.065611032721135e-09
13,75,1.0020684762916317e-09
13,76,9.362654992033334e-10
13,77,8.699067635296728e-10
13,78,8.053921432398938e-10
13,79,7.450891065657832e-10
13,80,6.885296380665457e-10
13,81,6.37387301211178e-10
13,82,5.915709833926549e-10
13,83,5.49385000367557e-10
13,84,5.098833632085804e-10
13,85,4.704863541964072e-10
13,86,4.2976711786189083e-10
13,87,3.8725367749893136e-10
13,88,3.434080538742205e-10
13,89,3.000452834485638e-10
13,90,2.6045619022263006e-10
13,91,2.2783211613567017e-10
13,92,2.013114547872328e-10
13,93,1.8258038796346185e-10
13,94,1.7044604427312957e-10
13,95,1.5957473549802133e-10
13,96,1.47947804941535e-10
13,97,1.3615661824369464e-10
13,98,1.2502836586010084e-10
13,99,1.1534612651536297e-10
13,100,1.090141106115851e-10
13,101,1.0839918527662088e-10
13,102,1.1541999780313222e-10
13,103,1.3003051980966536e-10
13,104,1.4732841990483423e-10
13,105,1.639392056688834e-10
13,106,1.8013133841731555e-10
13,107,1.972409958278215e-10
13,108,2.1584525632033085e-10
13,109,2.357792763743037e-10
13,110,2.5729221325440503e-10
13,111,2.800506530297378e-10
13,112,3.034980015616334e-10
13,113,3.27050590392323e-10
13,114,3.495564316049507e-10
13,115,3.7087479559757145e-10
13,116,3.916545044665195e-10
13,117,4.124653065639604e-10
13,118,4.326635502760364e-10
13,119,4.507783333669955e-10
13,120,4.661427953543499e-10
13,121,4.795819917728705e-10
13,122,4.915610832763168e-10
13,123,5.023046679136683e-10
13,124,5.118286143023565e-10
13,125,5.203742644267412e-10
13,126,5.278673340582986e-10
13,127,5.326086664112717e-10
14,0,-1.8567603692488179e-07
14,1,-2.467735599428307e-07
14,2,-3.599583989872717e-07
14,3,-5.067758875448533e-07
14,4,-6.961069390738897e-07
14,5,-9.315700239203323e-07
14,6,-1.2227970610916869e-06
14,7,-1.5099596260547173e-06
14,8,-2.1000674392225856e-06
14,9,-3.0291361433648343e-06
14,10,-4.534504601650802e-06
14,11,-7.264820129828231e-06
14,12,-1.1225510914864806e-05
14,13,-1.742730635862112e-05
14,14,-2.697580198133546e-05
14,15,-3.936563039235366e-05
14,16,-4.841932320799491e-05
14,17,-4.898436249662959e-05
14,18,-4.635752756905052e-05
14,19,-4.523294594042128e-05
14,20,-5.0290598472931756e-05
14,21,-5.788453492142033e-05
14,22,-8.303321476190488e-05
14,23,-9.323820295741078e-05
14,24,-8.102616066534956e-05
14,25,-7.036761280373378e-05
14,26,-6.253499078474606e-05
14,27,-5.564582561763695e-05
14,28,-4.885100364123361e-05
14,29,-4.2154951396811576e-05
14,30,-3.584162284384065e-05
14,31,-3.0148071944571723e-05
14,32,-2.519565066345525e-05
14,33,-2.1022992956097218e-05
14,34,-1.677111355925761e-05
14,35,-1.2842129700340359e-05
14,36,-9.830333393748976e-06
14,37,-7.528404767077962e-06
14,38,-5.813992694721736e-06
14,39,-4.537169854073776e-06
14,40,-3.58188217096204e-06
14,41,-2.8604588513655306e-06
14,42,-2.3085607125428753e-06
14,43,-1.8800056320316916e-06
14,44,-1.5423040028476747e-06
14,45,-1.2727972416796734e-06
14,46,-1.0281871725979032e-06
14,47,-8.116653913966146e-07
14,48,-6.387077998428841e-07
14,49,-5.00144800622163e-07
14,50,-3.9186178659942635e-07
14,51,-3.0733489565202776e-07
14,52,-2.4153016400674e-07
14,53,-1.9042639888193447e-07
14,54,-1.5077059736664185e-07
14,55,-1.1992894943492422e-07
14,56,-9.579596824993655e-08
14,57,-7.67249452342399e-08
14,58,-5.991491301994154e-08
14,59,-4.52959853788357e-08
14,60,-3.374982590302397e-08
14,61,-2.461801679462057e-08
14,62,-1.7518086012483892e-08
14,63,-1.2063168584197635e-08
14,64,-7.92004751906761e-09
14,65,-4.788154825132175e-09
14,66,-2.3923221471802626e-09
14,67,-4.800179716777674e-10
14,68,1.1914201516142465e-09
14,69,2.7892670664324993e-09
14,70,4.517529896595778e-09
14,71,6.369873808742981e-09
14,72,8.100150229121333e-09
14,73,9.5741136116436e-09
14,74,1.0714254733581519e-08
14,75,1.1515382327189088e-08
14,76,1.2016606286973791e-08
14,77,1.2275348176576789e-08
14,78,1.2366318469409273e-08
14,79,1.2382639725190254e-08
14,80,1.2422252459982206e-08
14,81,1.2561494275697774e-08
14,82,1.2807620569222432e-08
14,83,1.3076390713911573e-08
14,84,1.3232095370234504e-08
14,85,1.3191981618514114e-08
14,86,1.2927705924533335e-08
14,87,1.2423599076862528e-08
14,88,1.1664004741041757e-08
14,89,1.0688319127483376e-08
14,90,9.658946000499207e-09
14,91,8.817331038885369e-09
14,92,8.311177631809652e-09
14,93,8.214729350138917e-09
14,94,8.270874907605001e-09
14,95,8.179002721168451e-09
14,96,7.9077014187565e-09
14,97,7.558126963412446e-09
14,98,7.176450854377856e-09
14,99,6.7643736599830395e-09
14,100,6.428596949729828e-09
14,101,6.419290563484197e-09
14,102,7.0238011393884226e-09
14,103,8.250972803237031e-09
14,104,9.613012681055045e-09
14,105,1.0877009656288597e-08
14,106,1.2150714707955106e-08
14,107,1.3568622506719899e-08
14,108,1.5160799165200463e-08
14,109,1.6914803161010335e-08
14,110,1.890441105791679e-08
14,111,2.1113705456575893e-08
14,112,2.3500751060939143e-08
14,113,2.6019946942457674e-08
14,114,2.849741445927402e-08
14,115,3.088988480367913e-08
14,116,3.327144813446297e-08
14,117,3.572019363490055e-08
14,118,3.817637985240424e-08
14,119,4.044175411331366e-08
14,120,4.2471890378670827e-08
14,121,4.4363844111123506e-08
14,122,4.605629924057804e-08
14,123,4.756918619107686e-08
14,124,4.8888005250204036e-08
14,125,5.002974327609594e-08
14,126,5.104370257698883e-08
14,127,5.1714267237985386e-08
15,0,-2.0488916301653402e-07
15,1,-2.761045286540932e-07
15,2,-4.041155693509296e-07
15,3,-5.706189634975409e-07
15,4,-7.861155673198438e-07
15,5,-1.0553299249870498e-06
15,6,-1.3899243625171578e-06
15,7,-1.7229833042120656e-06
15,8,-2.4086298964269873e-06
15,9,-3.498692069954106e-06
15,10,-5.2832422400222494e-06
15,11,-8.553829904970933e-06
15,12,-1.3372467740349948e-05
15,13,-2.1025210711742426e-05
15,14,-3.2993181978880994e-05
15,15,-4.886183339016446e-05
15,16,-6.106422522834313e-05
15,17,-6.284253520915865e-05
15,18,-6.056028820682302e-05
15,19,-6.022889523345259e-05
15,20,-6.838184480693599e-05
15,21,-8.057420015323442e-05
15,22,-0.00011926565998653518
15,23,-0.00013959999640002406
15,24,-0.00012690982277151924
15,25,-0.00011558955846892713
15,26,-0.00010795169946433588
15,27,-0.00010114662856429909
15,28,-9.369969382948952e-05
15,29,-8.553439842406835e-05
15,30,-7.715712682011591e-05
15,31,-6.909007438373939e-05
15,32,-6.170451435506874e-05
15,33,-5.52536203973602e-05
15,34,-4.8204813516259526e-05
15,35,-4.132330770080306e-05
15,36,-3.5736923072558505e-05
15,37,-3.1142175621406064e-05
15,38,-2.7411318424817823e-05
15,39,-2.4331690291390486e-05
15,40,-2.173594223413452e-05
15,41,-1.9497651700224384e-05
15,42,-1.7527385511806868e-05
15,43,-1.5765744656389166e-05
15,44,-1.417713529105271e-05
15,45,-1.2742908037677574e-05
15,46,-1.1263738067226968e-05
15,47,-9.790789784326605e-06
15,48,-8.474574013923447e-06
15,49,-7.306938731769678e-06
15,50,-6.304498762070596e-06
15,51,-5.449504631090097e-06
15,52,-4.724530340606574e-06
15,53,-4.112604656485114e-06
15,54,-3.597989510376373e-06
15,55,-3.1665773472013533e-06
15,56,-2.8061033518140987e-06
15,57,-2.5061193609781917e-06
15,58,-2.2304154466917085e-06
15,59,-1.9847149367503655e-06
15,60,-1.7883123079148601e-06
15,61,-1.6310354242688257e-06
15,62,-1.5053430558992297e-06
15,63,-1.4033431770055595e-06
15,64,-1.3189381923092132e-06
15,65,-1.2478199498900103e-06
15,66,-1.1872109705314764e-06
15,67,-1.1353464289623535e-06
15,68,-1.0903588822989684e-06
15,69,-1.0514265277795521e-06
15,70,-1.0152124509348407e-06
15,71,-9.817595916963984e-07
15,72,-9.528021007529057e-07
15,73,-9.265454138817809e-07
15,74,-9.011113667221037e-07
15,75,-8.75021821056243e-07
15,76,-8.47691007467484e-07
15,77,-8.194115542147966e-07
15,78,-7.910142987203977e-07
15,79,-7.63263497803687e-07
15,80,-7.354094360781826e-07
15,81,-7.076770287160874e-07
15,82,-6.799556929197075e-07
15,83,-6.521574153680349e-07
15,84,-6.248544301453864e-07
15,85,-5.968336818244069e-07
15,86,-5.669082624840717e-07
15,87,-5.348789276805252e-07
15,88,-5.020647396982146e-07
15,89,-4.7049511996095805e-07
15,90,-4.4164408604110225e-07
15,91,-4.1556808188780597e-07
15,92,-3.8900559257337705e-07
15,93,-3.6306772816054e-07
15,94,-3.4183263572890363e-07
15,95,-3.245605085875422e-07
15,96,-3.0870110390135866e-07
15,97,-2.924172047005314e-07
15,98,-2.763908604004717e-07
15,99,-2.6318287271772394e-07
15,100,-2.549035976313488e-07
15,101,-2.513839126945728e-07
15,102,-2.514158659395011e-07
15,103,-2.5608956457242997e-07
15,104,-2.666659213726872e-07
15,105,-2.813278524213011e-07
15,106,-2.973140007675318e-07
15,107,-3.140470336372488e-07
15,108,-3.3262365673501644e-07
15,109,-3.533967493001939e-07
15,110,-3.76814267107243e-07
15,111,-4.0256084983938375e-07
15,112,-4.3008548975933444e-07
15,113,-4.5854881659922793e-07
15,114,-4.868734640164161e-07
15,115,-5.151682880231607e-07
15,116,-5.429894578207545e-07
15,117,-5.695984914376347e-07
15,118,-5.948449816438228e-07
15,119,-6.188763299280775e-07
15,120,-6.412042257823766e-07
15,121,-6.611426897051779e-07
15,122,-6.786013886262947e-07
15,123,-6.940595346388962e-07
15,124,-7.078834864786706e-07
15,125,-7.199995881219994e-07
15,126,-7.286529039446303e-07
15,127,-7.327564790620996e-07
16,0,-1.430520254071492e-07
16,1,-1.9604330500391242e-07
16,2,-2.8798477186319366e-07
16,3,-4.076325302615427e-07
16,4,-5.626794914456504e-07
16,5,-7.567227154792506e-07
16,6,-9.983412131627749e-07
16,7,-1.2399888343580359e-06
16,8,-1.7370829150577205e-06
16,9,-2.530239023715172e-06
16,10,-3.832896819987611e-06
16,11,-6.227190604897633e-06
16,12,-9.771673029754629e-06
16,13,-1.542292803675076e-05
16,14,-2.4297751527123283e-05
16,15,-3.613373196313823e-05
16,16,-4.5361064622881626e-05
16,17,-4.690843034298136e-05
16,18,-4.5427969820880644e-05
16,19,-4.539678831976708e-05
16,20,-5.177908239582272e-05
16,21,-6.129682157382842e-05
16,22,-9.115759425683572e-05
16,23,-0.00010724595430896235
16,24,-9.795445506598136e-05
16,25,-8.952244219460025e-05
16,26,-8.376340043785905e-05
16,27,-7.852721579966862e-05
16,28,-7.274327477685343e-05
16,29,-6.643842545914009e-05
16,30,-6.0087924586979836e-05
16,31,-5.4160345594450935e-05
16,32,-4.8982732131744186e-05
16,33,-4.477070399727159e-05
16,34,-4.052796544387775e-05
16,35,-3.691390661421729e-05
16,36,-3.454784285840018e-05
16,37,-3.302366435837407e-05
16,38,-3.204899040746095e-05
16,39,-3.1327209597863005e-05
16,40,-3.0643645237177996e-05
16,41,-2.9861971126563657e-05
16,42,-2.891522200981129e-05
16,43,-2.779055059005238e-05
16,44,-2.651508438197534e-05
16,45,-2.5141931029831022e-05
16,46,-2.3476171298888743e-05
16,47,-2.1598530255156714e-05
16,48,-1.974302331135875e-05
16,49,-1.7958965461610587e-05
16,50,-1.632279726000208e-05
16,51,-1.4845289094679984e-05
16,52,-1.352641061566322e-05
16,53,-1.2359910484521515e-05
16,54,-1.133793448219745e-05
16,55,-1.045317579776534e-05
16,56,-9.699514190431337e-06
16,57,-9.071696839355934e-06
16,58,-8.504048724395324e-06
16,59,-8.022563126864316e-06
16,60,-7.670163599939215e-06
16,61,-7.418171914520587e-06
16,62,-7.239087271780887e-06
16,63,-7.105537488281519e-06
16,64,-6.998133740516983e-06
16,65,-6.907250960562846e-06
16,66,-6.832246184315063e-06
16,67,-6.778290656958331e-06
16,68,-6.751883223744721e-06
16,69,-6.759814136691679e-06
16,70,-6.806766902440579e-06
16,71,-6.894909438942722e-06
16,72,-7.007457675183022e-06
16,73,-7.123377363455691e-06
16,74,-7.222633616136635e-06
16,75,-7.291575521605425e-06
16,76,-7.326511451437992e-06
16,77,-7.332984159228935e-06
16,78,-7.323118477211959e-06
16,79,-7.3106721173774045e-06
16,80,-7.3070523907587155e-06
16,81,-7.320499567486466e-06
16,82,-7.3521745716751995e-06
16,83,-7.394305929544207e-06
16,84,-7.427653997976481e-06
16,85,-7.431119704298415e-06
16,86,-7.386798851171189e-06
16,87,-7.286429004824649e-06
16,88,-7.137394176453616e-06
16,89,-6.961069694814574e-06
16,90,-6.787372443864728e-06
16,91,-6.642069806593739e-06
16,92,-6.5318913514381275e-06
16,93,-6.472488849572432e-06
16,94,-6.454951640068845e-06
16,95,-6.440685958251351e-06
16,96,-6.399661301739644e-06
16,97,-6.3235124461118364e-06
16,98,-6.223177525700294e-06
16,99,-6.1251109339462186e-06
16,100,-6.066922700523289e-06
16,101,-6.083356824546513e-06
16,102,-6.2092095047521385e-06
16,103,-6.4596295867239e-06
16,104,-6.779040125672653e-06
16,105,-7.118188303805859e-06
16,106,-7.468127492042109e-06
16,107,-7.849351733821611e-06
16,108,-8.283428059744347e-06
16,109,-8.772962227858215e-06
16,110,-9.336641230122514e-06
16,111,-9.970663386760749e-06
16,112,-1.0663421365300812e-05
16,113,-1.1397487708363996e-05
16,114,-1.2130444569435887e-05
16,115,-1.285935903999496e-05
16,116,-1.3593749158918347e-05
16,117,-1.4337152009645724e-05
16,118,-1.5075297304091297e-05
16,119,-1.577472859191228e-05
16,120,-1.6422387539553043e-05
16,121,-1.7021192635011107e-05
16,122,-1.755111576221256e-05
16,123,-1.802225449682753e-05
16,124,-1.843868237927416e-05
16,125,-1.8803379692949336e-05
16,126,-1.9102347218127955e-05
16,127,-1.9280720043357802e-05
17,0,-7.346793316222359e-08
17,1,-1.028120438560935e-07
17,2,-1.5163878250277083e-07
17,3,-2.150047509572258e-07
17,4,-2.969288018677959e-07
17,5,-3.9921839642191114e-07
17,6,-5.26238111500382e-07
17,7,-6.529506830744707e-07
17,8,-9.123273724650198e-07
17,9,-1.3236289075275718e-06
17,10,-1.993409923711935e-06
17,11,-3.2122455675967916e-06
17,12,-4.991849994282648e-06
17,13,-7.787807611651972e-06
17,14,-1.2102514528911675e-05
17,15,-1.7714828753861446e-05
17,16,-2.183878225825048e-05
17,17,-2.2118373002031074e-05
17,18,-2.090600982679756e-05
17,19,-2.0301137701352993e-05
17,20,-2.2331744757104163e-05
17,21,-2.5262638170074236e-05
17,22,-3.4911861352027185e-05
17,23,-3.653719712836322e-05
17,24,-2.839915200141832e-05
17,25,-2.0530965484283886e-05
17,26,-1.3234325087808502e-05
17,27,-5.933759662043232e-06
17,28,1.266440319794858e-06
17,29,7.912888133188042e-06
17,30,1.357990348771915e-05
17,31,1.8015352119288005e-05
17,32,2.114423578438466e-05
17,33,2.3044885190925677e-05
17,34,2.3526720051183878e-05
17,35,2.2293057184404454e-05
17,36,1.9562761247888805e-05
17,37,1.5794909202243023e-05
17,38,1.158571054355611e-05
17,39,7.397859078231099e-06
17,40,3.567394854247496e-06
17,41,2.9692709902471294e-07
17,42,-2.328258495001742e-06
17,43,-4.313554264349077e-06
17,44,-5.725842252254931e-06
17,45,-6.667062593857896e-06
17,46,-7.277580567266888e-06
17,47,-7.586941667297859e-06
17,48,-7.649925768312068e-06
17,49,-7.569737078631374e-06
17,50,-7.416868512632207e-06
17,51,-7.227457291319008e-06
17,52,-7.0180356766050236e-06
17,53,-6.798992585736482e-06
17,54,-6.583347787838958e-06
17,55,-6.389525213821263e-06
17,56,-6.239672837844588e-06
17,57,-6.155693132446915e-06
17,58,-6.15267951907241e-06
17,59,-6.264946716624592e-06
17,60,-6.48689469571378e-06
17,61,-6.780568028568572e-06
17,62,-7.0950139026817206e-06
17,63,-7.385606945813419e-06
17,64,-7.6255279586692925e-06
17,65,-7.81221714726741e-06
17,66,-7.966132214585054e-06
17,67,-8.122631094565136e-06
17,68,-8.323208165516118e-06
17,69,-8.602346099006635e-06
17,70,-9.006669578410709e-06
17,71,-9.548537687164189e-06
17,72,-1.016025236154149e-05
17,73,-1.0781091045855448e-05
17,74,-1.13533386179146e-05
17,75,-1.183906544279248e-05
17,76,-1.222961482252495e-05
17,77,-1.2544027806730594e-05
17,78,-1.2821611571806914e-05
17,79,-1.3109117352390115e-05
17,80,-1.3464226057438355e-05
17,81,-1.3921633485604979e-05
17,82,-1.4494787147313166e-05
17,83,-1.516046477019354e-05
17,84,-1.5833735625017544e-05
17,85,-1.6445192915878617e-05
17,86,-1.6933216076690617e-05
17,87,-1.725718363072027e-05
17,88,-1.7417227914500626e-05
17,89,-1.7464183333182993e-05
17,90,-1.7495923158217422e-05
17,91,-1.7618035202013304e-05
17,92,-1.795043154932832e-05
17,93,-1.854062041330477e-05
17,94,-1.923795340187419e-05
17,95,-1.988650754136879e-05
17,96,-2.0404295966845287e-05
17,97,-2.0790845182765787e-05
17,98,-2.1069762007135486e-05
17,99,-2.1285517811681642e-05
17,100,-2.154315457021355e-05
17,101,-2.1990495542583233e-05
17,102,-2.2828254920731174e-05
17,103,-2.4079559663138862e-05
17,104,-2.5427844692900098e-05
17,105,-2.6701850377188473e-05
17,106,-2.7956503139607774e-05
17,107,-2.9325765950969274e-05
17,108,-3.0878885876469394e-05
17,109,-3.2594784960425605e-05
17,110,-3.4523323990260396e-05
17,111,-3.6644970387328485e-05
17,112,-3.891912385585232e-05
17,113,-4.12923459919204e-05
17,114,-4.3622912295059135e-05
17,115,-4.592342182207797e-05
17,116,-4.8273666746121445e-05
17,117,-5.071309270353974e-05
17,118,-5.3160446353924646e-05
17,119,-5.544611466116439e-05
17,120,-5.751440561115004e-05
17,121,-5.9404904318945664e-05
17,122,-6.106515107556621e-05
17,123,-6.254624452565352e-05
17,124,-6.38678949840631e-05
17,125,-6.505029428042335e-05
17,126,-6.607352356164841e-05
17,127,-6.672047863908682e-05
18,0,-4.30968680688831e-08
18,1,-6.184054897391897e-08
18,2,-9.166775189061533e-08
18,3,-1.3025403330924173e-07
18,4,-1.8000467481146988e-07
18,5,-2.4194880148040073e-07
18,6,-3.186139397568769e-07
18,7,-3.9485647783851143e-07
18,8,-5.499850046796702e-07
18,9,-7.940942544657004e-07
18,10,-1.1873993997377031e-06
18,11,-1.89409574676974e-06
18,12,-2.9075482208384518e-06
18,13,-4.468795463886056e-06
18,14,-6.820529002603833e-06
18,15,-9.770320024716374e-06
18,16,-1.1739120927614292e-05
18,17,-1.152617374346567e-05
18,18,-1.0483491083382e-05
18,19,-9.69598963538814e-06
18,20,-9.972514698982374e-06
18,21,-1.0256548691750362e-05
18,22,-1.1772788527152885e-05
18,23,-7.939210556113135e-06
18,24,-7.882912736235532e-07
18,25,6.295369864016753e-06
18,26,1.356894566447565e-05
18,27,2.0966888795926447e-05
18,28,2.79448015104233e-05
18,29,3.391838747306073e-05
18,30,3.851190495272455e-05
18,31,4.15773689465915e-05
18,32,4.3147292530269226e-05
18,33,4.341094246155286e-05
18,34,4.1660066969174344e-05
18,35,3.777255045958239e-05
18,36,3.243400174353135e-05
18,37,2.6173774824764176e-05
18,38,1.9734533889544422e-05
18,39,1.364997475240224e-05
18,40,8.29555874565024e-06
18,41,3.879779717749358e-06
18,42,4.651900375252694e-07
18,43,-1.9972799396785654e-06
18,44,-3.630156053117216e-06
18,45,-4.594455409311869e-06
18,46,-5.066748041739082e-06
18,47,-5.099780303561842e-06
18,48,-4.814816851878551e-06
18,49,-4.361319209175672e-06
18,50,-3.84147625545515e-06
18,51,-3.298257561424519e-06
18,52,-2.7458721630185735e-06
18,53,-2.1912487408308373e-06
18,54,-1.6474130029566914e-06
18,55,-1.1375623871739157e-06
18,56,-6.91760249763408e-07
18,57,-3.394322665175791e-07
18,58,-8.416558330861e-08
18,59,2.90863504233909e-08
18,60,-1.090939749833237e-08
18,61,-1.4729372828834308e-07
18,62,-3.043522933221549e-07
18,63,-4.1338269577936364e-07
18,64,-4.326123568972039e-07
18,65,-3.5732880716090746e-07
18,66,-2.1826729007815043e-07
18,67,-6.968991936905899e-08
18,68,2.881753816022456e-08
18,69,2.4476505877428896e-08
18,70,-1.2889326145079843e-07
18,71,-4.484860928227706e-07
18,72,-8.691858521773446e-07
18,73,-1.3047048084842426e-06
18,74,-1.6751707594616177e-06
18,75,-1.9308946547184782e-06
18,76,-2.06273448965281e-06
18,77,-2.0994021877752924e-06
18,78,-2.0965703820061053e-06
18,79,-2.121039630223371e-06
18,80,-2.2411698813832614e-06
18,81,-2.5100487909206438e-06
18,82,-2.9507904690087526e-06
18,83,-3.535752305408458e-06
18,84,-4.173776240533304e-06
18,85,-4.785613004308585e-06
18,86,-5.296983022374758e-06
18,87,-5.64136680140032e-06
18,88,-5.7853581489520954e-06
18,89,-5.76963274479958e-06
18,90,-5.72549787370706e-06
18,91,-5.824345147482557e-06
18,92,-6.2523944946409644e-06
18,93,-7.063947726686004e-06
18,94,-7.9863956221194e-06
18,95,-8.774625225510993e-06
18,96,-9.378893870497542e-06
18,97,-9.872024062030593e-06
18,98,-1.0267657249541933e-05
18,99,-1.0529359624929334e-05
18,100,-1.0736478040386488e-05
18,101,-1.1122482542314394e-05
18,102,-1.1989964305315457e-05
18,103,-1.3312072431109486e-05
18,104,-1.4538556480499171e-05
18,105,-1.5433736311630224e-05
18,106,-1.622750355610848e-05
18,107,-1.720013669680544e-05
18,108,-1.839516099578643e-05
18,109,-1.9714517745297272e-05
18,110,-2.1152065849622223e-05
18,111,-2.2692302312835907e-05
18,112,-2.4311569956439095e-05
18,113,-2.5955868813062514e-05
18,114,-2.748610471107843e-05
18,115,-2.8938414286456516e-05
18,116,-3.0497496160794538e-05
18,117,-3.227489946792643e-05
18,118,-3.4118290350142076e-05
18,119,-3.574484762954724e-05
18,120,-3.70929549669963e-05
18,121,-3.8276650819068855e-05
18,122,-3.9311448667564944e-05
18,123,-4.02524106691985e-05
18,124,-4.111145042404303e-05
18,125,-4.19302723488559e-05
18,126,-4.276575320443499e-05
18,127,-4.337968323495598e-05
19,0,-3.8748519079333914e-08
19,1,-5.692682846410356e-08
19,2,-8.48711418802047e-08
19,3,-1.2109901033210164e-07
19,4,-1.6796028439232573e-07
19,5,-2.2655962633557958e-07
19,6,-2.994304327236021e-07
19,7,-3.726527948919329e-07
19,8,-5.217953731952487e-07
19,9,-7.589764788419649e-07
19,10,-1.1456439087333776e-06
19,11,-1.849370943428655e-06
19,12,-2.8798172367442038e-06
19,13,-4.5017555209421575e-06
19,14,-7.0110557267812805e-06
19,15,-1.0292017636809303e-05
19,16,-1.2743652371786323e-05
19,17,-1.2985718271199337e-05
19,18,-1.236259501157889e-05
19,19,-1.2098098841775854e-05
19,20,-1.3412902487218644e-05
19,21,-1.531630407587293e-05
19,22,-2.1426431437405486e-05
19,23,-2.298254840409447e-05
19,24,-1.8755275707650967e-05
19,25,-1.4909767310140631e-05
19,26,-1.1755975686188505e-05
19,27,-9.008546404210298e-06
19,28,-6.7426716099189305e-06
19,29,-5.219916769077395e-06
19,30,-4.678765939803157e-06
19,31,-5.248904848297939e-06
19,32,-6.953499234705507e-06
19,33,-9.750702452610763e-06
19,34,-1.4238045315235312e-05
19,35,-2.0585794848641807e-05
19,36,-2.7762839655039307e-05
19,37,-3.5076053276336645e-05
19,38,-4.179575770719521e-05
19,39,-4.744061239204579e-05
19,40,-5.1712507346705394e-05
19,41,-5.4489454345939614e-05
19,42,-5.5801463929753734e-05
19,43,-5.5793374654118296e-05
19,44,-5.468984261810391e-05
19,45,-5.276304035923403e-05
19,46,-4.975981326309271e-05
19,47,-4.586023970083163e-05
19,48,-4.162738102823403e-05
19,49,-3.728384154552619e-05
19,50,-3.3093516786703305e-05
19,51,-2.9141554792713185e-05
19,52,-2.546880209453965e-05
19,53,-2.2093273130212827e-05
19,54,-1.9027667957816468e-05
19,55,-1.6286668260835062e-05
19,56,-1.3886546266586882e-05
19,57,-1.184047204069675e-05
19,58,-9.970435584704752e-06
19,59,-8.36835034991576e-06
19,60,-7.1791230953742175e-06
19,61,-6.304207974158949e-06
19,62,-5.6381785433611455e-06
19,63,-5.075183203391051e-06
19,64,-4.541219304359196e-06
19,65,-4.0037356585329115e-06
19,66,-3.469777185492332e-06
19,67,-2.973944123564387e-06
19,68,-2.555524762131305e-06
19,69,-2.2554026145598113e-06
19,70,-2.087900096849819e-06
19,71,-2.0616925145931537e-06
19,72,-2.1315551989743064e-06
19,73,-2.213140866883346e-06
19,74,-2.235167344624835e-06
19,75,-2.15757094466414e-06
19,76,-1.975265957983843e-06
19,77,-1.7118583884864948e-06
19,78,-1.410283515150644e-06
19,79,-1.121765522507469e-06
19,80,-8.846021994554533e-07
19,81,-7.359323639008884e-07
19,82,-6.839964633280653e-07
19,83,-7.012685557557249e-07
19,84,-7.463510301176855e-07
19,85,-7.881961289256622e-07
19,86,-7.965693968684333e-07
19,87,-7.166242757114453e-07
19,88,-4.850858314079614e-07
19,89,-9.514440100994694e-08
19,90,3.539093035675643e-07
19,91,6.942769900086956e-07
19,92,7.958160706377397e-07
19,93,6.400690943732329e-07
19,94,4.855045120483539e-07
19,95,5.511034748751483e-07
19,96,7.640313778477491e-07
19,97,9.416372830242606e-07
19,98,1.0859914154448282e-06
19,99,1.3589884269294562e-06
19,100,1.787425528258341e-06
19,101,2.139452238622416e-06
19,102,2.153608409465306e-06
19,103,1.8855995786999981e-06
19,104,1.8620084191582464e-06
19,105,2.2694303781970886e-06
19,106,2.7508396196601167e-06
19,107,3.01333496714499e-06
19,108,3.1259503732464854e-06
19,109,3.2521403049263748e-06
19,110,3.442901936448352e-06
19,111,3.6567448191166857e-06
19,112,3.8444375275071655e-06
19,113,4.023185024134839e-06
19,114,4.291123787152708e-06
19,115,4.668959676745785e-06
19,116,4.974697670028172e-06
19,117,5.057579454758754e-06
19,118,5.050779170729651e-06
19,119,5.1868251239835906e-06
19,120,5.444629464580045e-06
19,121,5.666234139874846e-06
19,122,5.8255479309649446e-06
19,123,5.949968877847058e-06
19,124,6.0854238538497174e-06
19,125,6.2098465882452375e-06
19,126,6.157044247880736e-06
19,127,5.988969457814731e-06
20,0,-3.4295051236662657e-08
20,1,-5.151411369246368e-08
20,2,-7.722942510219829e-08
20,3,-1.1063597330056699e-07
20,4,-1.5397769010193734e-07
20,5,-2.083929906345582e-07
20,6,-2.7635693996976006e-07
20,7,-3.4530882272193727e-07
20,8,-4.858589278866713e-07
20,9,-7.115117896634148e-07
20,10,-1.0832121843114949e-06
20,11,-1.767185521502826e-06
20,12,-2.786485180756193e-06
20,13,-4.419246409686137e-06
20,14,-6.998844408145956e-06
20,15,-1.0478014942674036e-05
20,16,-1.3279940026359483e-05
20,17,-1.3909324300378176e-05
20,18,-1.3669569059605677e-05
20,19,-1.3871443542541548e-05
20,20,-1.6058847106732783e-05
20,21,-1.9326049022582496e-05
20,22,-2.9249964187110765e-05
20,23,-3.538381590201139e-05
20,24,-3.37566384967099e-05
20,25,-3.2769608373516885e-05
20,26,-3.318748172541341e-05
20,27,-3.440094709283391e-05
20,28,-3.605300589749162e-05
20,29,-3.81011257636986e-05
20,30,-4.0647716607546935e-05
20,31,-4.379837528075852e-05
20,32,-4.762342832106507e-05
20,33,-5.2209306812703066e-05
20,34,-5.7892274432856425e-05
20,35,-6.485700546966142e-05
20,36,-7.198860646774091e-05
20,37,-7.855003586838754e-05
20,38,-8.393297665691059e-05
20,39,-8.776957658508757e-05
20,40,-8.98731845613941e-05
20,41,-9.021852461750343e-05
20,42,-8.891781205735223e-05
20,43,-8.618566648346706e-05
20,44,-8.231021626557118e-05
20,45,-7.762616705175148e-05
20,46,-7.151161415807716e-05
20,47,-6.426009808060879e-05
20,48,-5.68131523869689e-05
20,49,-4.9455086767333525e-05
20,50,-4.257681892873608e-05
20,51,-3.629711867486769e-05
20,52,-3.0674854231751454e-05
20,53,-2.572836466340649e-05
20,54,-2.1454676607208457e-05
20,55,-1.7839959522487757e-05
20,56,-1.4863316253836854e-05
20,57,-1.2496739131740969e-05
20,58,-1.052236136944926e-05
20,59,-9.045526744140031e-06
20,60,-8.185439698906934e-06
20,61,-7.80023956194176e-06
20,62,-7.746086986024967e-06
20,63,-7.888237493289354e-06
20,64,-8.12688474898763e-06
20,65,-8.403353587812754e-06
20,66,-8.697379622268384e-06
20,67,-9.016762101831893e-06
20,68,-9.387308719559123e-06
20,69,-9.832084656682221e-06
20,70,-1.0395482673172858e-05
20,71,-1.107441095764675e-05
20,72,-1.1780897890092302e-05
20,73,-1.2459005110149597e-05
20,74,-1.3069911949954747e-05
20,75,-1.3599489682621432e-05
20,76,-1.405491616082533e-05
20,77,-1.4455035871139971e-05
20,78,-1.4825202640728458e-05
20,79,-1.5193616493790362e-05
20,80,-1.5601013840166238e-05
20,81,-1.6062527357051975e-05
20,82,-1.657124053586226e-05
20,83,-1.7101331956533037e-05
20,84,-1.761510204970739e-05
20,85,-1.81281870702321e-05
20,86,-1.8657951562717146e-05
20,87,-1.917528390469264e-05
20,88,-1.9609437321728623e-05
20,89,-1.9913250872597728e-05
20,90,-2.0136949857353377e-05
20,91,-2.0410773075816466e-05
20,92,-2.0904506891561818e-05
20,93,-2.161077431722225e-05
20,94,-2.2226915443876723e-05
20,95,-2.260201467095978e-05
20,96,-2.2890418575637942e-05
20,97,-2.332605434668407e-05
20,98,-2.389423973910585e-05
20,99,-2.4364393572506778e-05
20,100,-2.4631423894422668e-05
20,101,-2.489116037369673e-05
20,102,-2.547106830163295e-05
20,103,-2.6352032059324584e-05
20,104,-2.7023843841358597e-05
20,105,-2.7385614275284115e-05
20,106,-2.7803728782255885e-05
20,107,-2.8478404182988003e-05
20,108,-2.9255702894005272e-05
20,109,-2.99519896054868e-05
20,110,-3.059487016138192e-05
20,111,-3.125714858415976e-05
20,112,-3.200633415038719e-05
20,113,-3.285745366428701e-05
20,114,-3.366267847162528e-05
20,115,-3.4339327120734415e-05
20,116,-3.498782020146568e-05
20,117,-3.572577585992974e-05
20,118,-3.646201491529109e-05
20,119,-3.703990413375252e-05
20,120,-3.7542245373962875e-05
20,121,-3.811988886007274e-05
20,122,-3.866376566719744e-05
20,123,-3.913502636687222e-05
20,124,-3.947202196398682e-05
20,125,-3.964041906765318e-05
20,126,-3.9807523485004416e-05
20,127,-3.998551647959089e-05
21,0,-2.3098325734792367e-08
21,1,-3.546789189649554e-08
21,2,-5.3458833902115155e-08
21,3,-7.683042442240061e-08
21,4,-1.0716806178251815e-07
21,5,-1.452949245365457e-07
21,6,-1.9296172525694198e-07
21,7,-2.415246572367196e-07
21,8,-3.4028371448448675e-07
21,9,-4.991821458997956e-07
21,10,-7.612953259369736e-07
21,11,-1.244131281785333e-06
21,12,-1.965880273789004e-06
21,13,-3.1250680936214276e-06
21,14,-4.962600215352843e-06
21,15,-7.454753894405331e-06
21,16,-9.490863287741993e-06
21,17,-9.99770018160536e-06
21,18,-9.889865723289786e-06
21,19,-1.0105817741106746e-05
21,20,-1.1782334614618494e-05
21,21,-1.4288316540294077e-05
21,22,-2.1810797980754398e-05
21,23,-2.6687592362714172e-05
21,24,-2.581702006330253e-05
21,25,-2.5441196689656047e-05
21,26,-2.614067476106782e-05
21,27,-2.7428285963768336e-05
21,28,-2.89858813992042e-05
21,29,-3.073601957106276e-05
21,30,-3.272515530696423e-05
21,31,-3.501498692141611e-05
21,32,-3.764914902701522e-05
21,33,-4.068874877924604e-05
21,34,-4.42171751024747e-05
21,35,-4.827892658527619e-05
21,36,-5.2111228397996726e-05
21,37,-5.516865620707411e-05
21,38,-5.705336638639104e-05
21,39,-5.75365687873242e-05
21,40,-5.6531880938690015e-05
21,41,-5.407842973657291e-05
21,42,-5.0320552723856836e-05
21,43,-4.547869479700959e-05
21,44,-3.982215018878535e-05
21,45,-3.364035181341837e-05
21,46,-2.6257179566273058e-05
21,47,-1.7997024381254618e-05
21,48,-9.91444634396008e-06
21,49,-2.3132669317202854e-06
21,50,4.4244730057086845e-06
21,51,1.0198840338409038e-05
21,52,1.4980240358548181e-05
21,53,1.8787240929059016e-05
21,54,2.1668350907321606e-05
21,55,2.3690154514041005e-05
21,56,2.49321216568353e-05
21,57,2.5488464589789397e-05
21,58,2.537217760003906e-05
21,59,2.4547672919166577e-05
21,60,2.315101456639066e-05
21,61,2.1349861890374875e-05
21,62,1.93295406298328e-05
21,63,1.723718683523236e-05
21,64,1.518230960238476e-05
21,65,1.3233545767227647e-05
21,66,1.14228157719041e-05
21,67,9.754650801927975e-06
21,68,8.19672650794847e-06
21,69,6.739064652350759e-06
21,70,5.2815580179240715e-06
21,71,3.849218709651097e-06
21,72,2.5708065727012685e-06
21,73,1.4511857231657135e-06
21,74,4.832539239020513e-07
21,75,-3.5461127472652286e-07
21,76,-1.0916854153131587e-06
21,77,-1.7566776222760834e-06
21,78,-2.374267387074312e-06
21,79,-2.9653758803556867e-06
21,80,-3.5704544874175048e-06
21,81,-4.194869541038022e-06
21,82,-4.830032693777511e-06
21,83,-5.457542850029849e-06
21,84,-6.052182671405443e-06
21,85,-6.6507769189379165e-06
21,86,-7.29220577636541e-06
21,87,-7.968520002323342e-06
21,88,-8.620159103481582e-06
21,89,-9.192253922582585e-06
21,90,-9.703135715802374e-06
21,91,-1.024135362254005e-05
21,92,-1.0969048576894519e-05
21,93,-1.1873651461282993e-05
21,94,-1.2682908899034957e-05
21,95,-1.3296379113714347e-05
21,96,-1.3866454212542443e-05
21,97,-1.4599443668876264e-05
21,98,-1.547307396920168e-05
21,99,-1.62670000222948e-05
21,100,-1.6862543606341567e-05
21,101,-1.740667415655276e-05
21,102,-1.8205836831771537e-05
21,103,-1.9269502425659184e-05
21,104,-2.01900756009822e-05
21,105,-2.092316805994762e-05
21,106,-2.175830739077193e-05
21,107,-2.2802370229776357e-05
21,108,-2.3888757161912357e-05
21,109,-2.4879532386362395e-05
21,110,-2.584172098877467e-05
21,111,-2.6842232153496634e-05
21,112,-2.7925225595248148e-05
21,113,-2.9112432511383098e-05
21,114,-3.0276544549192078e-05
21,115,-3.133998794833849e-05
21,116,-3.2352948584869045e-05
21,117,-3.338786960389904e-05
21,118,-3.4377827831236706e-05
21,119,-3.5212444513835945e-05
21,120,-3.597053588767356e-05
21,121,-3.67539726925253e-05
21,122,-3.743517969576319e-05
21,123,-3.802770925743467e-05
21,124,-3.851825658492206e-05
21,125,-3.885126245725674e-05
21,126,-3.9119760866820425e-05
21,127,-3.932156390408116e-05
22,0,-1.224492722668083e-08
22,1,-1.9200968348833904e-08
22,2,-2.9090030224158896e-08
22,3,-4.1919985532772414e-08
22,4,-5.855469345196679e-08
22,5,-7.943892751980616e-08
22,6,-1.0551454600638007e-07
22,7,-1.320951454800524e-07
22,8,-1.8590946864884064e-07
22,9,-2.7225247445549953e-07
22,10,-4.140366598478478e-07
22,11,-6.737872000780189e-07
22,12,-1.0596120302115082e-06
22,13,-1.675085058375382e-06
22,14,-2.6433672628607426e-06
22,15,-3.9439368053716595e-06
22,16,-4.986102296452095e-06
22,17,-5.214500301385143e-06
22,18,-5.117087946745391e-06
22,19,-5.180053114536002e-06
22,20,-5.966118552006139e-06
22,21,-7.127202725789641e-06
22,22,-1.061631898327406e-05
22,23,-1.2548657564872847e-05
22,24,-1.1683913566711528e-05
22,25,-1.1039909438988842e-05
22,26,-1.0844032157550516e-05
22,27,-1.0865378863688021e-05
22,28,-1.0982424292583456e-05
22,29,-1.1186883625333908e-05
22,30,-1.1513549663196896e-05
22,31,-1.1988442961784741e-05
22,32,-1.2615202889242167e-05
22,33,-1.338900567043798e-05
22,34,-1.424376653837109e-05
22,35,-1.5095583349347641e-05
22,36,-1.5608813555574562e-05
22,37,-1.5486260619291668e-05
22,38,-1.4526291528718373e-05
22,39,-1.2615945000752484e-05
22,40,-9.733830582569004e-06
22,41,-5.941771018542381e-06
22,42,-1.3699271280654582e-06
22,43,3.804156877041585e-06
22,44,9.379936118829408e-06
22,45,1.5162934324081334e-05
22,46,2.1662640644213677e-05
22,47,2.8602691846471234e-05
22,48,3.5091429540108214e-05
22,49,4.087044904191468e-05
22,50,4.5663280241957325e-05
22,51,4.941717278904335e-05
22,52,5.2145307353654236e-05
22,53,5.390399383399974e-05
22,54,5.4777742944503635e-05
22,55,5.48684448890153e-05
22,56,5.429081263819878e-05
22,57,5.317775134223193e-05
22,58,5.137231918142049e-05
22,59,4.8935096925278294e-05
22,60,4.62010730077815e-05
22,61,4.3333851061964276e-05
22,62,4.052171519481745e-05
22,63,3.789758486971732e-05
22,64,3.555806252347072e-05
22,65,3.356199613235708e-05
22,66,3.193511691329881e-05
22,67,3.067830664306922e-05
22,68,2.9764056960043177e-05
22,69,2.9187752334009e-05
22,70,2.8919771595712777e-05
22,71,2.900892335638622e-05
22,72,2.9461776070088003e-05
22,73,3.0230570489192646e-05
22,74,3.126474547955611e-05
22,75,3.250853330002521e-05
22,76,3.3908372397238766e-05
22,77,3.541654051308491e-05
22,78,3.699567501307327e-05
22,79,3.861977975631317e-05
22,80,4.033690795486312e-05
22,81,4.214186190976893e-05
22,82,4.403829735508004e-05
22,83,4.602703285622502e-05
22,84,4.800676802162694e-05
22,85,4.993121282658431e-05
22,86,5.1757424623484004e-05
22,87,5.3476983878311e-05
22,88,5.513035350464799e-05
22,89,5.675537258314227e-05
22,90,5.83481690539645e-05
22,91,5.986502646477902e-05
22,92,6.141259837620961e-05
22,93,6.299101124572849e-05
22,94,6.454984822071394e-05
22,95,6.614600236332327e-05
22,96,6.76612758182349e-05
22,97,6.895221550615212e-05
22,98,7.004553861885363e-05
22,99,7.111322026190265e-05
22,100,7.225162457682399e-05
22,101,7.338996098338382e-05
22,102,7.448424973043104e-05
22,103,7.552289467463201e-05
22,104,7.658097113209447e-05
22,105,7.767019835371788e-05
22,106,7.861630618533645e-05
22,107,7.93771025108212e-05
22,108,8.010664519196455e-05
22,109,8.086403263917011e-05
22,110,8.166093310095988e-05
22,111,8.244894648934066e-05
22,112,8.319054652026984e-05
22,113,8.388058726187283e-05
22,114,8.4517846901869e-05
22,115,8.5144470981568e-05
22,116,8.572397514679821e-05
22,117,8.621646960960447e-05
22,118,8.666729206881686e-05
22,119,8.715150391716179e-05
22,120,8.760131252891914e-05
22,121,8.800820435430014e-05
22,122,8.836779032398504e-05
22,123,8.865684589780376e-05
22,124,8.883962319509718e-05
22,125,8.894084466356834e-05
22,126,8.892267203060774e-05
22,127,8.878765984491161e-05
23,0,-4.548494112713859e-09
23,1,-7.228890359222278e-09
23,2,-1.0980252406739322e-08
23,3,-1.5840156546614308e-08
23,4,-2.2132188164453888e-08
23,5,-3.002079426514649e-08
23,6,-3.985501643179839e-08
23,7,-4.9878776959224765e-08
23,8,-7.009068360471439e-08
23,9,-1.0242527767204917e-07
23,10,-1.5528851000992435e-07
23,11,-2.5162992155291417e-07
23,12,-3.938716302686152e-07
23,13,-6.193441086122176e-07
23,14,-9.715888297332063e-07
23,15,-1.4405019596356565e-06
23,16,-1.8094909621151391e-06
23,17,-1.8800135646315216e-06
23,18,-1.8316602395731013e-06
23,19,-1.8386883722875531e-06
23,20,-2.0945390820332004e-06
23,21,-2.4683546738056183e-06
23,22,-3.595203085841507e-06
23,23,-4.115438373571509e-06
23,24,-3.695832698332664e-06
23,25,-3.352661899883336e-06
23,26,-3.1486967287269305e-06
23,27,-3.0103235429671154e-06
23,28,-2.907972618957421e-06
23,29,-2.848079602813269e-06
23,30,-2.8459961118633226e-06
23,31,-2.9092981072639654e-06
23,32,-3.0344471610487336e-06
23,33,-3.211459760257062e-06
23,34,-3.410211261985736e-06
23,35,-3.5837959773109064e-06
23,36,-3.613985599198959e-06
23,37,-3.3933643693281183e-06
23,38,-2.8517058778644846e-06
23,39,-1.9541507697893863e-06
23,40,-7.028948465604194e-07
23,41,8.66689908823249e-07
23,42,2.6929876219020937e-06
23,43,4.69720148566308e-06
23,44,6.79375995506866e-06
23,45,8.902342255000823e-06
23,46,1.117168341098124e-05
23,47,1.3462878417368027e-05
23,48,1.5435094646768494e-05
23,49,1.6979568661360857e-05
23,50,1.8006513293178266e-05
23,51,1.8509648280324884e-05
23,52,1.851625549205752e-05
23,53,1.8077460676624834e-05
23,54,1.7260555815696756e-05
23,55,1.6142057898217872e-05
23,56,1.4802624423760175e-05
23,57,1.3324922320255968e-05
23,58,1.1588242480622244e-05
23,59,9.68432484983063e-06
23,60,7.883208581097758e-06
23,61,6.277952493504439e-06
23,62,4.961270830642868e-06
23,63,3.988686018708348e-06
23,64,3.395712835475059e-06
23,65,3.199242302455294e-06
23,66,3.4001070234925014e-06
23,67,3.9869718858950196e-06
23,68,4.956587430240592e-06
23,69,6.2994190418204185e-06
23,70,8.136959250646107e-06
23,71,1.051539198391682e-05
23,72,1.3271329748588171e-05
23,73,1.6356919083997938e-05
23,74,1.9721419317287635e-05
23,75,2.33122809647173e-05
23,76,2.708017397797538e-05
23,77,3.0980522129053465e-05
23,78,3.497621715996987e-05
23,79,3.903987115708775e-05
23,80,4.3323094320099154e-05
23,81,4.781472122653534e-05
23,82,5.252029782331384e-05
23,83,5.742299009381592e-05
23,84,6.229259774133397e-05
23,85,6.708759097896724e-05
23,86,7.177229843838386e-05
23,87,7.632682794477922e-05
23,88,8.076207124717175e-05
23,89,8.508574693161778e-05
23,90,8.929528197737686e-05
23,91,9.338549261737399e-05
23,92,9.779259030887009e-05
23,93,0.00010248739620795175
23,94,0.00010703461884595974
23,95,0.00011143752653873508
23,96,0.00011562483286760799
23,97,0.00011953255899423017
23,98,0.00012317920166876942
23,99,0.0001266495379622624
23,100,0.00012999383997867428
23,101,0.00013322148919218664
23,102,0.00013660697730548093
23,103,0.000140121878134313
23,104,0.0001434734495581806
23,105,0.00014664390801134172
23,106,0.00014958231886313147
23,107,0.00015228986373964343
23,108,0.00015487366208713954
23,109,0.0001573333435336842
23,110,0.00015977986869666964
23,111,0.00016218789620838503
23,112,0.0001645258136307089
23,113,0.0001667945762456748
23,114,0.0001688958520809339
23,115,0.00017084109879538265
23,116,0.00017261307371530606
23,117,0.00017420966017360584
23,118,0.00017565717055041113
23,119,0.0001769964598130549
23,120,0.00017818381030496776
23,121,0.00017928054109151752
23,122,0.0001801932953493664
23,123,0.00018093684515717165
23,124,0.00018148092115764526
23,125,0.000181832941225977
23,126,0.00018203377329857525
23,127,0.00018209831836118844
24,0,-1.9269985052775827e-09
24,1,-3.114839638027245e-09
24,2,-4.761386461143308e-09
24,3,-6.899170446926288e-09
24,4,-9.673111942347805e-09
24,5,-1.3160224408469298e-08
24,6,-1.7518932750638538e-08
24,7,-2.1990736943756685e-08
24,8,-3.100000457319788e-08
24,9,-4.5488415223515676e-08
24,10,-6.929724323240822e-08
24,11,-1.129153637349112e-07
24,12,-1.779000684815978e-07
24,13,-2.81828506878555e-07
24,14,-4.459510461683477e-07
24,15,-6.680073526235508e-07
24,16,-8.496445008688531e-07
24,17,-8.960692955031252e-07
24,18,-8.883263769297043e-07
24,19,-9.094611476954854e-07
24,20,-1.0600436237021848e-06
24,21,-1.2838515374470388e-06
24,22,-1.945037364872811e-06
24,23,-2.360211146184036e-06
24,24,-2.2796221808239e-06
24,25,-2.2558317557016115e-06
24,26,-2.3390954179005912e-06
24,27,-2.4875433513762102e-06
24,28,-2.6739289950124588e-06
24,29,-2.89125314611881e-06
24,30,-3.142880563956054e-06
24,31,-3.433408182461898e-06
24,32,-3.766196439137301e-06
24,33,-4.147575493848027e-06
24,34,-4.600901623831407e-06
24,35,-5.137329553519166e-06
24,36,-5.673800469008552e-06
24,37,-6.162226725176797e-06
24,38,-6.569351307404888e-06
24,39,-6.8822252150317684e-06
24,40,-7.102940784515057e-06
24,41,-7.245864120989516e-06
24,42,-7.334861256977612e-06
24,43,-7.399896864133223e-06
24,44,-7.474685272679029e-06
24,45,-7.5956746797257e-06
24,46,-7.80507167234711e-06
24,47,-8.179740673545782e-06
24,48,-8.758959726892594e-06
24,49,-9.57012634668085e-06
24,50,-1.0608460591332266e-05
24,51,-1.1859958054031146e-05
24,52,-1.3297794487598355e-05
24,53,-1.4884392587240572e-05
24,54,-1.657530677225915e-05
24,55,-1.8323208889103976e-05
24,56,-2.008247271506408e-05
24,57,-2.1817483568880866e-05
24,58,-2.3636864930654315e-05
24,59,-2.5470598126421342e-05
24,60,-2.7089107939136688e-05
24,61,-2.8428581958551413e-05
24,62,-2.9434853615976498e-05
24,63,-3.0080397297743136e-05
24,64,-3.0348872175009628e-05
24,65,-3.0232944690542286e-05
24,66,-2.9733297629724697e-05
24,67,-2.8858374170951686e-05
24,68,-2.7597684244262308e-05
24,69,-2.596187026568238e-05
24,70,-2.377699189517965e-05
24,71,-2.0989760372352577e-05
24,72,-1.778347565560887e-05
24,73,-1.4187814379836726e-05
24,74,-1.0242543298168565e-05
24,75,-5.9910603007159416e-06
24,76,-1.4768854656967597e-06
24,77,3.259270982334915e-06
24,78,8.179751592346522e-06
24,79,1.3251569137743431e-05
24,80,1.8672789041307915e-05
24,81,2.443004564717321e-05
24,82,3.053737442248513e-05
24,83,3.697498601696065e-05
24,84,4.344372914305349e-05
24,85,4.9900821707524424e-05
24,86,5.630878516612042e-05
24,87,6.263802106456267e-05
24,88,6.887716080506624e-05
24,89,7.501255367780633e-05
24,90,8.103401475290525e-05
24,91,8.694657792355578e-05
24,92,9.340475942434772e-05
24,93,0.00010038231957740489
24,94,0.00010718097205029694
24,95,0.00011377182343360826
24,96,0.00012009715243991056
24,97,0.0001261244763892218
24,98,0.00013185882084841902
24,99,0.00013733425690343255
24,100,0.00014257819216631872
24,101,0.00014763521204116115
24,102,0.00015298742165967386
24,103,0.00015861962915692703
24,104,0.00016395957198910518
24,105,0.00016897474898996636
24,106,0.0001736682183689624
24,107,0.00017805485372747614
24,108,0.0001822176042922832
24,109,0.00018614123181982282
24,110,0.0001899990354209837
24,111,0.00019379278541082918
24,112,0.00019746641555709647
24,113,0.00020103659280679175
24,114,0.00020433393865730776
24,115,0.00020736108072169385
24,116,0.0002101157547074049
24,117,0.0002126204946934429
24,118,0.00021489891442349918
24,119,0.0002169884047400171
24,120,0.0002188432515847521
24,121,0.0002205737898035362
24,122,0.00022201720098717357
24,123,0.00022321655332043554
24,124,0.00022415844310761507
24,125,0.00022484891722096106
24,126,0.00022535147004250954
24,127,0.00022563403042852242
25,0,-2.1111008232171028e-08
25,1,-2.0879782950643165e-08
25,2,-2.081073686404661e-08
25,3,-2.149385554637827e-08
25,4,-2.294312457748148e-08
25,5,-2.498952674485913e-08
25,6,-2.74659044433709e-08
25,7,-2.936183861738552e-08
25,8,-3.410221344954524e-08
25,9,-4.09640386270713e-08
25,10,-5.063532478194151e-08
25,11,-6.719132873837324e-08
25,12,-8.821250221404598e-08
25,13,-1.1845184856389745e-07
25,14,-1.6106868580585584e-07
25,15,-2.0951269829022522e-07
25,16,-2.3380251928121769e-07
25,17,-2.1691646929944734e-07
25,18,-1.8738012921797304e-07
25,19,-1.665277008570582e-07
25,20,-1.6753293579028036e-07
25,21,-1.7422626011402205e-07
25,22,-2.2470936089435682e-07
25,23,-2.2721766775912353e-07
25,24,-1.7242520848848707e-07
25,25,-1.2187786733834675e-07
25,26,-7.981162864964203e-08
25,27,-4.466666169604589e-08
25,28,-1.54173820864045e-08
25,29,8.833814018633554e-09
25,30,2.4862560977820473e-08
25,31,3.498775108904199e-08
25,32,4.026289459274585e-08
25,33,4.258495270013958e-08
25,34,4.181331339863525e-08
25,35,3.0343091157789124e-08
25,36,1.6014280804658602e-08
25,37,-9.465739257997375e-09
25,38,-5.7282632175164944e-08
25,39,-1.4052236476788626e-07
25,40,-2.7656243245556006e-07
25,41,-4.819702429657343e-07
25,42,-7.720835637169731e-07
25,43,-1.159995862999234e-06
25,44,-1.657154007758288e-06
25,45,-2.280344118858788e-06
25,46,-3.1309644452823934e-06
25,47,-4.274004281303038e-06
25,48,-5.645059986475415e-06
25,49,-7.237182173705197e-06
25,50,-9.00257115337695e-06
25,51,-1.0899533639824958e-05
25,52,-1.2884768526177726e-05
25,53,-1.4918889524155985e-05
25,54,-1.6951956255091588e-05
25,55,-1.8946845235670806e-05
25,56,-2.0872166901360174e-05
25,57,-2.2703952183770422e-05
25,58,-2.4555798015167268e-05
25,59,-2.6394489144090156e-05
25,60,-2.800411067902045e-05
25,61,-2.9345042502439232e-05
25,62,-3.0403134218566268e-05
25,63,-3.118760355301823e-05
25,64,-3.169500684926804e-05
25,65,-3.194782285877595e-05
25,66,-3.194777377332714e-05
25,67,-3.1661376513503196e-05
25,68,-3.107072255738674e-05
25,69,-3.0171439091955652e-05
25,70,-2.8828664001920206e-05
25,71,-2.7013992737960637e-05
25,72,-2.4829864773111168e-05
25,73,-2.2330935564180652e-05
25,74,-1.956992938212391e-05
25,75,-1.659829758260438e-05
25,76,-1.3453742679126864e-05
25,77,-1.015673651139392e-05
25,78,-6.716684046340027e-06
25,79,-3.1384336632810736e-06
25,80,7.45852194237816e-07
25,81,4.93943787031251e-06
25,82,9.467576885224006e-06
25,83,1.430649551709094e-05
25,84,1.9207765716846355e-05
25,85,2.4109537449684653e-05
25,86,2.8955155983345096e-05
25,87,3.3702229334468005e-05
25,88,3.8328108507830626e-05
25,89,4.284054561469163e-05
25,90,4.728570106491577e-05
25,91,5.173163607243054e-05
25,92,5.669522302266368e-05
25,93,6.220314478136566e-05
25,94,6.762766098982656e-05
25,95,7.28709274951153e-05
25,96,7.78636602894434e-05
25,97,8.259599688005053e-05
25,98,8.708532231395206e-05
25,99,9.134251625455552e-05
25,100,9.539684457913226e-05
25,101,9.937264991963697e-05
25,102,0.00010371884426653522
25,103,0.00010850013932541032
25,104,0.0001130346786216423
25,105,0.00011722108940287938
25,106,0.00012109905803305795
25,107,0.00012477075900199086
25,108,0.00012826522697605567
25,109,0.00013158731119900102
25,110,0.00013480316009054056
25,111,0.00013805235365045254
25,112,0.0001412340105388797
25,113,0.00014433958569050678
25,114,0.00014719117577340174
25,115,0.00014981117428969977
25,116,0.0001522666642377413
25,117,0.00015459741934360492
25,118,0.00015676879573585975
25,119,0.00015877682120478173
25,120,0.000160521964279078
25,121,0.00016218431516313626
25,122,0.00016353780545799116
25,123,0.00016460809397663657
25,124,0.00016533713230499345
25,125,0.00016572244592504888
25,126,0.000165809644018007
25,127,0.00016565874695240204
26,0,3.657511478023483e-10
26,1,4.65965522501442e-10
26,2,6.273748373261569e-10
26,3,8.599013597254046e-10
26,4,1.1860006914543804e-09
26,5,1.626008711657779e-09
26,6,2.215744180501896e-09
26,7,2.887959829504979e-09
26,8,4.308791185791907e-09
26,9,6.850012015711e-09
26,10,1.1549768332843426e-08
26,11,2.1133314212777613e-08
26,12,3.7637956689108646e-08
26,13,6.753580507625766e-08
26,14,1.2120117453052495e-07
26,15,2.0653072217335687e-07
26,16,3.0073493914510293e-07
26,17,3.6587286855611637e-07
26,18,4.2044998555604e-07
26,19,4.997222723366772e-07
26,20,6.788812940935727e-07
26,21,9.635275435171427e-07
26,22,1.7621721706960577e-06
26,23,2.6667253935404294e-06
26,24,3.224856985109886e-06
26,25,3.965873609707091e-06
26,26,5.024350843716727e-06
26,27,6.376121013824939e-06
26,28,7.960081842927585e-06
26,29,9.721782310499486e-06
26,30,1.1628949118812606e-05
26,31,1.3665774180413757e-05
26,32,1.5831725103283323e-05
26,33,1.8160569214181834e-05
26,34,2.086203671315704e-05
26,35,2.3981366735914806e-05
26,36,2.7119613600948367e-05
26,37,3.009257137098404e-05
26,38,3.274747216828403e-05
26,39,3.4991246340147205e-05
26,40,3.676277953232961e-05
26,41,3.802855920884697e-05
26,42,3.8782946611671524e-05
26,43,3.9045480764660046e-05
26,44,3.886205911643366e-05
26,45,3.831123572972296e-05
26,46,3.717156565690248e-05
26,47,3.548297460930805e-05
26,48,3.3450930627545464e-05
26,49,3.1157869613162994e-05
26,50,2.8761575383309182e-05
26,51,2.6347591775900784e-05
26,52,2.3989718913112428e-05
26,53,2.17482556313014e-05
26,54,1.967329057582509e-05
26,55,1.7806238357416567e-05
26,56,1.6180140100334523e-05
26,57,1.482223420266496e-05
26,58,1.3601893029051306e-05
26,59,1.2603685103406775e-05
26,60,1.1920526075447678e-05
26,61,1.1459732599546368e-05
26,62,1.1120954944687245e-05
26,63,1.080513371365774e-05
26,64,1.044483639200876e-05
26,65,1.0016934260905999e-05
26,66,9.542696855250803e-06
26,67,9.075969736912773e-06
26,68,8.67535212222891e-06
26,69,8.405021918126312e-06
26,70,8.289384082432835e-06
26,71,8.35151307507604e-06
26,72,8.533618905886484e-06
26,73,8.714145335500963e-06
26,74,8.77788269205144e-06
26,75,8.648553605375039e-06
26,76,8.30866502400718e-06
26,77,7.799477627062817e-06
26,78,7.206389428279057e-06
26,79,6.634866949025889e-06
26,80,6.159820676047818e-06
26,81,5.86514626930952e-06
26,82,5.7804420379049536e-06
26,83,5.863568822385141e-06
26,84,6.008674606091908e-06
26,85,6.089588717858522e-06
26,86,5.993576784940354e-06
26,87,5.631985528032171e-06
26,88,4.975110697333194e-06
26,89,4.1003922584881165e-06
26,90,3.20328249681327e-06
26,91,2.5239588044236985e-06
26,92,2.2094960266905614e-06
26,93,2.3244844413172407e-06
26,94,2.5795411996025514e-06
26,95,2.6342116167550205e-06
26,96,2.4270034543976437e-06
26,97,2.0596751936416423e-06
26,98,1.5462249548151125e-06
26,99,8.245343883147424e-07
26,100,-9.105345150989432e-09
26,101,-6.393821664876125e-07
26,102,-7.877191753747099e-07
26,103,-5.13097353995224e-07
26,104,-4.382926226789736e-07
26,105,-8.776921173253354e-07
26,106,-1.5275100268092292e-06
26,107,-2.0472934657566988e-06
26,108,-2.4196810360589888e-06
26,109,-2.7533563447968977e-06
26,110,-3.0890623467155317e-06
26,111,-3.394401258259436e-06
26,112,-3.6622959296986137e-06
26,113,-3.964961144781404e-06
26,114,-4.4034066371261345e-06
26,115,-4.954385994009312e-06
26,116,-5.4180390881757745e-06
26,117,-5.66584418553646e-06
26,118,-5.8278474945406425e-06
26,119,-6.090928659563533e-06
26,120,-6.433015079896683e-06
26,121,-6.755536997585345e-06
26,122,-7.0540134351484165e-06
26,123,-7.318396537268327e-06
26,124,-7.538047398612526e-06
26,125,-7.681486023902083e-06
26,126,-7.636257663113135e-06
26,127,-7.48594236880596e-06
27,0,5.883344558270073e-10
27,1,7.467378044179768e-10
27,2,9.96458472003274e-10
27,3,1.3525942453625838e-09
27,4,1.8478270866101523e-09
27,5,2.510594040162243e-09
27,6,3.3921721890727606e-09
27,7,4.386030324529541e-09
27,8,6.478831150536126e-09
27,9,1.0184278075731212e-08
27,10,1.6967928728452365e-08
27,11,3.066778157607366e-08
27,12,5.398999391153232e-08
27,13,9.58178317222548e-08
27,14,1.7015547049308267e-07
27,15,2.870242071789791e-07
27,16,4.138593153304387e-07
27,17,4.987227999731738e-07
27,18,5.678322668648057e-07
27,19,6.688409899925669e-07
27,20,9.002618982824169e-07
27,21,1.2657885671301436e-06
27,22,2.287834705387337e-06
27,23,3.41605733017383e-06
27,24,4.078475248216898e-06
27,25,4.954937143580037e-06
27,26,6.205018343928792e-06
27,27,7.787979058053732e-06
27,28,9.621014352096619e-06
27,29,1.1633483722277564e-05
27,30,1.3783601347945899e-05
27,31,1.605099810057167e-05
27,32,1.843386289023465e-05
27,33,2.0969856542894048e-05
27,34,2.3859206312180264e-05
27,35,2.7139647960560392e-05
27,36,3.0380705940310935e-05
27,37,3.33812670966341e-05
27,38,3.598670833590378e-05
27,39,3.810758387112471e-05
27,40,3.969122834883482e-05
27,41,4.0715424375923345e-05
27,42,4.118748853307724e-05
27,43,4.114036623012837e-05
27,44,4.063325961411407e-05
27,45,3.9757583486358526e-05
27,46,3.825685019788927e-05
27,47,3.6191307924053985e-05
27,48,3.381345061315304e-05
27,49,3.121376670150572e-05
27,50,2.855950911727092e-05
27,51,2.5934017747009353e-05
27,52,2.340656598589197e-05
27,53,2.1031995198089037e-05
27,54,1.885500268447194e-05
27,55,1.6912193950488865e-05
27,56,1.5232304761315011e-05
27,57,1.3838236285394623e-05
27,58,1.2596595074994464e-05
27,59,1.1590470471230808e-05
27,60,1.0908633016710885e-05
27,61,1.0452248842484146e-05
27,62,1.0114849438077535e-05
27,63,9.792901751787904e-06
27,64,9.416844728055726e-06
27,65,8.963757726272862e-06
27,66,8.457071934355166e-06
27,67,7.953716388988724e-06
27,68,7.5153292587331975e-06
27,69,7.208175162101023e-06
27,70,7.0575780235227375e-06
27,71,7.086748278729868e-06
27,72,7.238295788066521e-06
27,73,7.388912621809928e-06
27,74,7.4219474069761956e-06
27,75,7.260949185770396e-06
27,76,6.8890670424277604e-06
27,77,6.348584974988507e-06
27,78,5.725917395579167e-06
27,79,5.126838106779846e-06
27,80,4.626258654641169e-06
27,81,4.307341418223943e-06
27,82,4.199543473384024e-06
27,83,4.260272859526059e-06
27,84,4.3853091511100245e-06
27,85,4.4517005704520905e-06
27,86,4.3495812323061045e-06
27,87,3.990798924684532e-06
27,88,3.342680592211283e-06
27,89,2.478369345877447e-06
27,90,1.590492279801273e-06
27,91,9.179865923911153e-07
27,92,6.106651760940804e-07
27,93,7.277280693245868e-07
27,94,9.74145636079261e-07
27,95,1.014146753848989e-06
27,96,7.992542968494533e-07
27,97,4.4232834835375104e-07
27,98,-4.395197345123236e-08
27,99,-7.337241350742493e-07
27,100,-1.5420092577783882e-06
27,101,-2.1573075027318945e-06
27,102,-2.296099424401211e-06
27,103,-2.0204776025516313e-06
27,104,-1.9548501033538824e-06
27,105,-2.402783486035444e-06
27,106,-3.0488866477993193e-06
27,107,-3.5539072270751204e-06
27,108,-3.91195889505179e-06
27,109,-4.238839221353183e-06
27,110,-4.574073468802368e-06
27,111,-4.88219929834672e-06
27,112,-5.150451492320803e-06
27,113,-5.4468309314974885e-06
27,114,-5.872087382975904e-06
27,115,-6.40709938827751e-06
27,116,-6.857354168548523e-06
27,117,-7.097682234775658e-06
27,118,-7.256355004727744e-06
27,119,-7.514131321310308e-06
27,120,-7.839894801988512e-06
27,121,-8.136966654655435e-06
27,122,-8.40919809882413e-06
27,123,-8.651837737023702e-06
27,124,-8.85902366178787e-06
27,125,-9.004013955293815e-06
27,126,-8.97213570970269e-06
27,127,-8.834582460013572e-06
28,0,9.058577239647024e-10
28,1,1.1446637907358264e-09
28,2,1.5145075511640998e-09
28,3,2.037373507793292e-09
28,4,2.759256456082041e-09
28,5,3.718377657058577e-09
28,6,4.985649241257991e-09
28,7,6.4000602173307205e-09
28,8,9.369175265858298e-09
28,9,1.457889290504808e-08
28,10,2.4031006585670695e-08
28,11,4.295958213575844e-08
28,12,7.485312810341603e-08
28,13,1.3154920025129344e-07
28,14,2.3142854596870623e-07
28,15,3.868726197611883e-07
28,16,5.529781070438069e-07
28,17,6.607384954745377e-07
28,18,7.461134383543338e-07
28,19,8.71793787819761e-07
28,20,1.1637629067433333e-06
28,21,1.6225429174667987e-06
28,22,2.901665388440713e-06
28,23,4.280142103648849e-06
28,24,5.050746086128282e-06
28,25,6.067802894112627e-06
28,26,7.517529495647266e-06
28,27,9.338762063764038e-06
28,28,1.1423562265226381e-05
28,29,1.3682978852169119e-05
28,30,1.6065243492060895e-05
28,31,1.8545306444086482e-05
28,32,2.1120308099924697e-05
28,33,2.383228551453492e-05
28,34,2.6863506468205452e-05
28,35,3.0243005291692447e-05
28,36,3.351640069301777e-05
28,37,3.646868864609334e-05
28,38,3.8947836212094263e-05
28,39,4.087160844612391e-05
28,40,4.2198759891709633e-05
28,41,4.292072862173485e-05
28,42,4.305954315085156e-05
28,43,4.2662736444903275e-05
28,44,4.180318579689554e-05
28,45,4.058427183510618e-05
28,46,3.8715776275921505e-05
28,47,3.627987007218182e-05
28,48,3.3575227928399214e-05
28,49,3.069837876379724e-05
28,50,2.782257579743537e-05
28,51,2.5026024322977972e-05
28,52,2.2371016359526045e-05
28,53,1.990504431534137e-05
28,54,1.766595262900589e-05
28,55,1.5684414758975612e-05
28,56,1.3984190613058547e-05
28,57,1.2583419022556446e-05
28,58,1.1348991073771733e-05
28,59,1.0361116200469748e-05
28,60,9.701874698168565e-06
28,61,9.267281295117185e-06
28,62,8.945702279079448e-06
28,63,8.630236781129895e-06
28,64,8.249910810632373e-06
28,65,7.782462415299764e-06
28,66,7.2535486140520235e-06
28,67,6.723117205730503e-06
28,68,6.255735695044314e-06
28,69,5.91952159926719e-06
28,70,5.741062953155278e-06
28,71,5.743728953128853e-06
28,72,5.870466551713785e-06
28,73,5.997138544380277e-06
28,74,6.0065445795418004e-06
28,75,5.8225457544389455e-06
28,76,5.429012460883991e-06
28,77,4.868916511486966e-06
28,78,4.228925140636422e-06
28,79,3.6143263777019173e-06
28,80,3.0997719807586505e-06
28,81,2.7671206237029362e-06
28,82,2.645410710641492e-06
28,83,2.6919271414309163e-06
28,84,2.8047159578820643e-06
28,85,2.8652336897291978e-06
28,86,2.7672932354972315e-06
28,87,2.423538191484262e-06
28,88,1.7982485590054806e-06
28,89,9.598105293389933e-07
28,90,9.671490881299184e-08
28,91,-5.549636592834571e-07
28,92,-8.426761866023151e-07
28,93,-7.127683690358974e-07
28,94,-4.650386417304204e-07
28,95,-4.285459466658127e-07
28,96,-6.380598279123087e-07
28,97,-9.696370103372256e-07
28,98,-1.4119787381157946e-06
28,99,-2.0514780464937117e-06
28,100,-2.8156735570836035e-06
28,101,-3.3984003205106396e-06
28,102,-3.5109650919130825e-06
28,103,-3.2176369176357887e-06
28,104,-3.1423376803255714e-06
28,105,-3.5765254622803876e-06
28,106,-4.194384962881676e-06
28,107,-4.659969370935956e-06
28,108,-4.979476898033979e-06
28,109,-5.275293238752776e-06
28,110,-5.585116740790002e-06
28,111,-5.870262599502623e-06
28,112,-6.112309885969234e-06
28,113,-6.374824725047211e-06
28,114,-6.758883297487633e-06
28,115,-7.249915321143696e-06
28,116,-7.660110755258388e-06
28,117,-7.868710784640094e-06
28,118,-8.001696585100352e-06
28,119,-8.232742022525621e-06
28,120,-8.521790159637662e-06
28,121,-8.774296418060762e-06
28,122,-9.003922171356619e-06
28,123,-9.211141588072432e-06
28,124,-9.394697249591819e-06
28,125,-9.533342614512226e-06
28,126,-9.510135537358557e-06
28,127,-9.38359954189141e-06
29,0,1.3752700917540617e-09
29,1,1.7302889691067525e-09
29,2,2.269837295922549e-09
29,3,3.025836928450038e-09
29,4,4.062063455421221e-09
29,5,5.428817319836718e-09
29,6,7.222650878952338e-09
29,7,9.20420547493227e-09
29,8,1.3352233127399791e-08
29,9,2.0564723093480723e-08
29,10,3.353424895418527e-08
29,11,5.929127991358982e-08
29,12,1.0224779477906198e-07
29,13,1.7794470499507494e-07
29,14,3.101405995438781e-07
29,15,5.138226511077717e-07
29,16,7.280954595478042e-07
29,17,8.626994295659623e-07
29,18,9.662421039409692e-07
29,19,1.120056163304779e-06
29,20,1.4829886987315528e-06
29,21,2.0504647486703204e-06
29,22,3.6286881224156285e-06
29,23,5.28847324944696e-06
29,24,6.16883276407533e-06
29,25,7.3291602491222296e-06
29,26,8.983899223175546e-06
29,27,1.1046619809888535e-05
29,28,1.3380294234183966e-05
29,29,1.587568672892251e-05
29,30,1.847062078732974e-05
29,31,2.113568176243184e-05
29,32,2.3867517102345393e-05
29,33,2.6713130205713446e-05
29,34,2.9827076978068943e-05
29,35,3.3229211080689795e-05
29,36,3.6451297324381824e-05
29,37,3.926844283043853e-05
29,38,4.153652021516698e-05
29,39,4.318430754289521e-05
29,40,4.418504617796631e-05
29,41,4.454609914564805e-05
29,42,4.4305603812797454e-05
29,43,4.352623773665342e-05
29,44,4.229423021081504e-05
29,45,4.072367323968876e-05
29,46,3.8493140696339635e-05
29,47,3.570733268530243e-05
29,48,3.270846038760572e-05
29,49,2.9596571967248242e-05
29,50,2.654671171992016e-05
29,51,2.3629044524852433e-05
29,52,2.0896495484883745e-05
29,53,1.8387265564670998e-05
29,54,1.6130973915547167e-05
29,55,1.4151547547683064e-05
29,56,1.2467266306117364e-05
29,57,1.109125305214023e-05
29,58,9.894131764265493e-06
29,59,8.95193396944134e-06
29,60,8.337494490646103e-06
29,61,7.942805353290373e-06
29,62,7.65196860361631e-06
29,63,7.355840788554108e-06
29,64,6.982965903744084e-06
29,65,6.512261768150221e-06
29,66,5.971826598485896e-06
29,67,5.424570870637458e-06
29,68,4.937914324074647e-06
29,69,4.581575827224414e-06
29,70,4.383856165461471e-06
29,71,4.368164952419705e-06
29,72,4.477621498527501e-06
29,73,4.588026084140228e-06
29,74,4.582395407561422e-06
29,75,4.385419874041175e-06
29,76,3.981811509981252e-06
29,77,3.414935688253092e-06
29,78,2.7710684009038318e-06
29,79,2.154247532041108e-06
29,80,1.6386737792567756e-06
29,81,1.304363713794603e-06
29,82,1.179795035195579e-06
29,83,1.2223133435585546e-06
29,84,1.3323820003965498e-06
29,85,1.3967337322080422e-06
29,86,1.3140116088999649e-06
29,87,9.98420431272407e-07
29,88,4.1113227730260305e-07
29,89,-3.8513099834230224e-07
29,90,-1.207326769142485e-06
29,91,-1.823374413984676e-06
29,92,-2.0777360005908218e-06
29,93,-1.922646419279177e-06
29,94,-1.662349893773763e-06
29,95,-1.6171475631271915e-06
29,96,-1.8071440707396427e-06
29,97,-2.097401993061313e-06
29,98,-2.4782931455383844e-06
29,99,-3.048712309718589e-06
29,100,-3.749529483649228e-06
29,101,-4.2813118350039495e-06
29,102,-4.349958334203613e-06
29,103,-4.020948715383473e-06
29,104,-3.916196047917798e-06
29,105,-4.313217393033251e-06
29,106,-4.877283874374059e-06
29,107,-5.277808980505218e-06
29,108,-5.533511782954681e-06
29,109,-5.773363663491071e-06
29,110,-6.03184167536065e-06
29,111,-6.266989161401073e-06
29,112,-6.455369654354591e-06
29,113,-6.655893792477626e-06
29,114,-6.970461172831373e-06
29,115,-7.3892569645923215e-06
29,116,-7.732343873644754e-06
29,117,-7.884210666958483e-06
29,118,-7.968154082694412e-06
29,119,-8.150032442260224e-06
29,120,-8.381051024597369e-06
29,121,-8.56924413043476e-06
29,122,-8.739404819474983e-06
29,123,-8.896619424750966e-06
29,124,-9.043811755187108e-06
29,125,-9.16568351556891e-06
29,126,-9.144096791122657e-06
29,127,-9.025373893151856e-06
30,0,2.057250188580277e-09
30,1,2.5772497530676182e-09
30,2,3.351880110103766e-09
30,3,4.427340403508352e-09
30,4,5.8907166552037836e-09
30,5,7.806703794301743e-09
30,6,1.0304476748866137e-08
30,7,1.3034423216505266e-08
30,8,1.8734890156816765e-08
30,9,2.85564172695959e-08
30,10,4.606079734315959e-08
30,11,8.053754367820394e-08
30,12,1.3744794263468436e-07
30,13,2.3686199893775974e-07
30,14,4.089751499089779e-07
30,15,6.714977065294331e-07
30,16,9.433025477036789e-07
30,17,1.108336781506417e-06
30,18,1.2312696236151873e-06
30,19,1.4159825341471373e-06
30,20,1.8595632001528143e-06
30,21,2.549859339308206e-06
30,22,4.46552986978307e-06
30,23,6.43031949342901e-06
30,24,7.414519855070927e-06
30,25,8.711737757628128e-06
30,26,1.0565025239704112e-05
30,27,1.2857759910725888e-05
30,28,1.5420479562675545e-05
30,29,1.8122501226164828e-05
30,30,2.0891466518087958e-05
30,31,2.3694374090560707e-05
30,32,2.6528278496424074e-05
30,33,2.944568849806142e-05
30,34,3.2562922090274007e-05
30,35,3.58909707729079e-05
30,36,3.896131612971181e-05
30,37,4.154470490956761e-05
30,38,4.351095814712485e-05
30,39,4.4803674833689646e-05
30,40,4.54133109771978e-05
30,41,4.5364774246348533e-05
30,42,4.471283172851829e-05
30,43,4.353490308988136e-05
30,44,4.192930407771896e-05
30,45,4.001859162537893e-05
30,46,3.7455050720513286e-05
30,47,3.436534345964645e-05
30,48,3.112939858258682e-05
30,49,2.7847381727667965e-05
30,50,2.4690921579675155e-05
30,51,2.1719069141156298e-05
30,52,1.8972949057931036e-05
30,53,1.6479929350742622e-05
30,54,1.4260421128028221e-05
30,55,1.2331027445172355e-05
30,56,1.0704410420968728e-05
30,57,9.388750162924852e-06
30,58,8.262144636877024e-06
30,59,7.3951638808438585e-06
30,60,6.848994322982502e-06
30,61,6.5130269007455236e-06
30,62,6.268417855231381e-06
30,63,6.005181337830356e-06
30,64,5.652389435052876e-06
30,65,5.190750461649964e-06
30,66,4.650987438341847e-06
30,67,4.098812586228968e-06
30,68,3.604344266122224e-06
30,69,3.238537045028175e-06
30,70,3.0318093764711626e-06
30,71,3.007491308193009e-06
30,72,3.108613454107808e-06
30,73,3.2118153410813676e-06
30,74,3.2012137523941285e-06
30,75,3.002896689436418e-06
30,76,2.6025493509111632e-06
30,77,2.043615889878494e-06
30,78,1.4113222490102576e-06
30,79,8.076807310250401e-07
30,80,3.061192578387376e-07
30,81,-1.597685204378777e-08
30,82,-1.3109800199971218e-07
30,83,-8.146803935200625e-08
30,84,3.6418861065268443e-08
30,85,1.1563048603043769e-07
30,86,6.043268450440647e-08
30,87,-2.1288275929529293e-07
30,88,-7.461296017682625e-07
30,89,-1.4828910615309735e-06
30,90,-2.2469080619833633e-06
30,91,-2.81148730765934e-06
30,92,-3.01805960696621e-06
30,93,-2.8250011456766386e-06
30,94,-2.540323330729962e-06
30,95,-2.47343305270894e-06
30,96,-2.629061134932342e-06
30,97,-2.8616159524623594e-06
30,98,-3.1632924144744283e-06
30,99,-3.6455690983069607e-06
30,100,-4.263466422245636e-06
30,101,-4.725625284375627e-06
30,102,-4.732664738247953e-06
30,103,-4.3502464069330376e-06
30,104,-4.196131797065853e-06
30,105,-4.532401531950861e-06
30,106,-5.01705708654001e-06
30,107,-5.327201240219004e-06
30,108,-5.494394917496706e-06
30,109,-5.6534607665934266e-06
30,110,-5.834699370991519e-06
30,111,-5.99324677865923e-06
30,112,-6.101236603510423e-06
30,113,-6.212482464905355e-06
30,114,-6.42995504248801e-06
30,115,-6.748742136771913e-06
30,116,-6.998151949011857e-06
30,117,-7.069111432990135e-06
30,118,-7.081821228639761e-06
30,119,-7.19326956656975e-06
30,120,-7.34634875291286e-06
30,121,-7.452009143442362e-06
30,122,-7.547092299699827e-06
30,123,-7.640482624672899e-06
30,124,-7.739007831639136e-06
30,125,-7.833820715870176e-06
30,126,-7.806792739007513e-06
30,127,-7.692644834795764e-06
31,0,3.025849117398751e-09
31,1,3.774602183596455e-09
31,2,4.8665951387258085e-09
31,3,6.368377921554959e-09
31,4,8.396828779066296e-09
31,5,1.103290602290688e-08
31,6,1.444612768029352e-08
31,7,1.8135608277346882e-08
31,8,2.582327063054479e-08
31,9,3.8946237618755155e-08
31,10,6.212648961817618e-08
31,11,1.0740742406687642e-07
31,12,1.813794535055841e-07
31,13,3.094703693881209e-07
31,14,5.293021486611065e-07
31,15,8.61205039759105e-07
31,16,1.1992556526491332e-06
31,17,1.3971852315735506e-06
31,18,1.5394486032805143e-06
31,19,1.7562957146731027e-06
31,20,2.2876201936316462e-06
31,21,3.110700147676998e-06
31,22,5.390742883561347e-06
31,23,7.669218667712408e-06
31,24,8.740581513470253e-06
31,25,1.0155219595900591e-05
31,26,1.2183205217394593e-05
31,27,1.4673470525125608e-05
31,28,1.7422192966327037e-05
31,29,2.0277415719171773e-05
31,30,2.3157745442207736e-05
31,31,2.6027996846736436e-05
31,32,2.888683495186129e-05
31,33,3.179264411051836e-05
31,34,3.4813151695780103e-05
31,35,3.795184425749537e-05
31,36,4.075705869555476e-05
31,37,4.300225781114751e-05
31,38,4.457743762827333e-05
31,39,4.5444464616995295e-05
31,40,4.5612852459047216e-05
31,41,4.512557685476497e-05
31,42,4.405337917146202e-05
31,43,4.248674281277954e-05
31,44,4.053350585825125e-05
31,45,3.832129191574294e-05
31,46,3.548400140687465e-05
31,47,3.216774367834405e-05
31,48,2.8780387762943688e-05
31,49,2.541832281665853e-05
31,50,2.224374255695312e-05
31,51,1.9301733267151514e-05
31,52,1.6619641247948012e-05
31,53,1.4212735263917234e-05
31,54,1.2091695550982548e-05
31,55,1.0265807930839847e-05
31,56,8.742360403641295e-06
31,57,7.525021498564937e-06
31,58,6.50347129552744e-06
31,59,5.741648620595731e-06
31,60,5.2868695590446754e-06
31,61,5.0277993488056e-06
31,62,4.844356129105165e-06
31,63,4.627346556172392e-06
31,64,4.30754866028551e-06
31,65,3.868067885084583e-06
31,66,3.3423320849834706e-06
31,67,2.7985460901363483e-06
31,68,2.3091752837440016e-06
31,69,1.9459485353432727e-06
31,70,1.7417469423262182e-06
31,71,1.7196183160248521e-06
31,72,1.8223003500329e-06
31,73,1.9283274229387255e-06
31,74,1.92396685721698e-06
31,75,1.7374182726917867e-06
31,76,1.355433257951912e-06
31,77,8.209947102019291e-07
31,78,2.1737913279790165e-07
31,79,-3.563714517455679e-07
31,80,-8.277991700095365e-07
31,81,-1.1227387520827073e-06
31,82,-1.2149709128721428e-06
31,83,-1.1460885093197577e-06
31,84,-1.0091845265615714e-06
31,85,-9.037488789711324e-07
31,86,-9.188493245198703e-07
31,87,-1.135423201690469e-06
31,88,-1.5981594194957704e-06
31,89,-2.257664305160559e-06
31,90,-2.9458780144866637e-06
31,91,-3.4429285761805574e-06
31,92,-3.5873925590671883e-06
31,93,-3.3439578631278683e-06
31,94,-3.023447076472766e-06
31,95,-2.9220985048239094e-06
31,96,-3.028699311310767e-06
31,97,-3.1876805328789e-06
31,98,-3.3933262591320497e-06
31,99,-3.7694178386417875e-06
31,100,-4.285731040327307e-06
31,101,-4.660511031844483e-06
31,102,-4.589601737738088e-06
31,103,-4.137664329189591e-06
31,104,-3.915749680338834e-06
31,105,-4.16906238982144e-06
31,106,-4.550368927187783e-06
31,107,-4.746608853835751e-06
31,108,-4.802220079614685e-06
31,109,-4.8574685868161855e-06
31,110,-4.937649370241402e-06
31,111,-4.9951670354047005e-06
31,112,-4.998388163686077e-06
31,113,-4.995644513125458e-06
31,114,-5.09126246896561e-06
31,115,-5.2852516741830505e-06
31,116,-5.417417131015183e-06
31,117,-5.385942986163827e-06
31,118,-5.30760895286873e-06
31,119,-5.329630434003565e-06
31,120,-5.387306425596302e-06
31,121,-5.394718941620036e-06
31,122,-5.401503479852761e-06
31,123,-5.419428429272932e-06
31,124,-5.458647227448657e-06
31,125,-5.5170460541282385e-06
31,126,-5.477861031720895e-06
31,127,-5.365142093378441e-06
32,0,4.3587304047121556e-09
32,1,5.414293072605974e-09
32,2,6.919533421752022e-09
32,3,8.969501768181527e-09
32,4,1.1717747526363963e-08
32,5,1.5262303703176447e-08
32,6,1.9820363550358385e-08
32,7,2.4690890294955316e-08
32,8,3.4821776200625915e-08
32,9,5.195280519861957e-08
32,10,8.194198486181314e-08
32,11,1.4004177059174367e-07
32,12,2.3395902399247445e-07
32,13,3.9515485271462556e-07
32,14,6.693703875273094e-07
32,15,1.079100579309089e-06
32,16,1.4893884805172293e-06
32,17,1.7203545282620994e-06
32,18,1.8797867250189134e-06
32,19,2.1272642863872887e-06
32,20,2.747851625406293e-06
32,21,3.7049914650307265e-06
32,22,6.352603816918278e-06
32,23,8.927343806384979e-06
32,24,1.0054780276330761e-05
32,25,1.1549622421122285e-05
32,26,1.3704455636197935e-05
32,27,1.6331311858500246e-05
32,28,1.9192714530414273e-05
32,29,2.211772155114142e-05
32,30,2.5018377277941944e-05
32,31,2.7859386359857185e-05
32,32,3.064246558782904e-05
32,33,3.343180843900392e-05
32,34,3.623806584161342e-05
32,35,3.905975374366125e-05
32,36,4.1482009373937384e-05
32,37,4.328949571563225e-05
32,38,4.4398080001599e-05
32,39,4.479021199142838e-05
32,40,4.4494803776902313e-05
32,41,4.357172012579708e-05
32,42,4.2105279275192765e-05
32,43,4.019576942965732e-05
32,44,3.795657582298328e-05
32,45,3.5515773666744365e-05
32,46,3.250025881738794e-05
32,47,2.9070860387640597e-05
32,48,2.5648978470183108e-05
32,49,2.232286720693152e-05
32,50,1.9238953495764028e-05
32,51,1.642606648583554e-05
32,52,1.389649204796914e-05
32,53,1.1653064461925086e-05
32,54,9.696928539543608e-06
32,55,8.030576588933141e-06
32,56,6.656727629061318e-06
32,57,5.575482466157456e-06
32,58,4.692236854880373e-06
32,59,4.063360372470311e-06
32,60,3.720640176621893e-06
32,61,3.554234269099853e-06
32,62,3.4448743179377863e-06
32,63,3.2859916985859504e-06
32,64,3.0113198529412297e-06
32,65,2.6069625188780013e-06
32,66,2.1089892483369374e-06
32,67,1.5875722852215944e-06
32,68,1.117019287173259e-06
32,69,7.692509585724887e-07
32,70,5.79830786824355e-07
32,71,5.713871063446403e-07
32,72,6.862152569900512e-07
32,73,8.057800608914457e-07
32,74,8.195399770948786e-07
32,75,6.584771610367038e-07
32,76,3.105853688167647e-07
32,77,-1.820246932057864e-07
32,78,-7.389109409727113e-07
32,79,-1.2650450247035109e-06
32,80,-1.689413130383987e-06
32,81,-1.9418274333986705e-06
32,82,-1.997687394640884e-06
32,83,-1.8975786608406158e-06
32,84,-1.7306584007022766e-06
32,85,-1.5879506574952514e-06
32,86,-1.5509122988561216e-06
32,87,-1.6970009210189283e-06
32,88,-2.0735130326544515e-06
32,89,-2.6387088472213147e-06
32,90,-3.2342069161775584e-06
32,91,-3.6485176677135936e-06
32,92,-3.717896033046783e-06
32,93,-3.4134117704532985e-06
32,94,-3.0472062568536394e-06
32,95,-2.8999856680234872e-06
32,96,-2.9444065023287502e-06
32,97,-3.0159215552828905e-06
32,98,-3.1110764340695414e-06
32,99,-3.3653806389166356e-06
32,100,-3.7637445764606923e-06
32,101,-4.035569257247234e-06
32,102,-3.873102069998569e-06
32,103,-3.339196217718145e-06
32,104,-3.0350599653666966e-06
32,105,-3.186792931326775e-06
32,106,-3.444123887948156e-06
32,107,-3.50667208023389e-06
32,108,-3.4319089359586978e-06
32,109,-3.3646218728394944e-06
32,110,-3.3241994307157582e-06
32,111,-3.2606571630538917e-06
32,112,-3.1395053201626714e-06
32,113,-3.003461874384429e-06
32,114,-2.9579279048083478e-06
32,115,-3.0074495120571733e-06
32,116,-3.003294091214571e-06
32,117,-2.8524299490192447e-06
32,118,-2.6675878235543226e-06
32,119,-2.585361034543593e-06
32,120,-2.5345104470116157e-06
32,121,-2.4326986549192154e-06
32,122,-2.3424254416288683e-06
32,123,-2.2768299933386326e-06
32,124,-2.2486960203687585e-06
32,125,-2.262859560903631e-06
32,126,-2.2056348699455266e-06
32,127,-2.091587384610266e-06
33,0,6.107095484409005e-09
33,1,7.553677721320798e-09
33,2,9.568060104597565e-09
33,3,1.2283823546506874e-08
33,4,1.589716796879484e-08
33,5,2.052173234772207e-08
33,6,2.6427363751522355e-08
33,7,3.266207611592071e-08
33,8,4.5613576449617825e-08
33,9,6.730428526035706e-08
33,10,1.0493237089404188e-07
33,11,1.7722961353561345e-07
33,12,2.9284594803533075e-07
33,13,4.89514971366009e-07
33,14,8.210870741078402e-07
33,15,1.3112727696086887e-06
33,16,1.7934983395766559e-06
33,17,2.0535418594399318e-06
33,18,2.2248539525597133e-06
33,19,2.497035850293149e-06
33,20,3.1982364304987545e-06
33,21,4.275139769198855e-06
33,22,7.250986490571933e-06
33,23,1.0062888496943638e-05
33,24,1.1197481030527476e-05
33,25,1.2712947487927586e-05
33,26,1.4915727937853191e-05
33,27,1.7582163275846204e-05
33,28,2.044616481910615e-05
33,29,2.3323162241540993e-05
33,30,2.6122658615308848e-05
33,31,2.881199114160014e-05
33,32,3.139740808337598e-05
33,33,3.3948040673718395e-05
33,34,3.641327518066965e-05
33,35,3.879033110904613e-05
33,36,4.0722284596272344e-05
33,37,4.201427325672279e-05
33,38,4.261197449658366e-05
33,39,4.251878839534954e-05
33,40,4.178112596397122e-05
33,41,4.0472231537680265e-05
33,42,3.868539011930751e-05
33,43,3.652555236566298e-05
33,44,3.410623323436381e-05
33,45,3.1550215828657986e-05
33,46,2.8492387134574345e-05
33,47,2.5100897800682705e-05
33,48,2.1791866882893233e-05
33,49,1.8641042480366e-05
33,50,1.5772762499309187e-05
33,51,1.319857091815719e-05
33,52,1.091575169979811e-05
33,53,8.91543284461797e-06
33,54,7.190326494584591e-06
33,55,5.737469988767254e-06
33,56,4.5564308973783856e-06
33,57,3.645180174283957e-06
33,58,2.928498153836941e-06
33,59,2.454596164696853e-06
33,60,2.2390465905315237e-06
33,61,2.1760285276822163e-06
33,62,2.149392266416455e-06
33,63,2.0572362667016173e-06
33,64,1.8375986281043251e-06
33,65,1.4800708069738634e-06
33,66,1.0231058010321728e-06
33,67,5.380963831807668e-07
33,68,1.0037720428277741e-07
33,69,-2.1877134135441678e-07
33,70,-3.811593842423737e-07
33,71,-3.6481448352908447e-07
33,72,-2.2787907640553959e-07
33,73,-8.466314369594225e-08
33,74,-4.126867516951983e-08
33,75,-1.6320410480468468e-07
33,76,-4.612309747586173e-07
33,77,-8.947182372707355e-07
33,78,-1.3870314106800148e-06
33,79,-1.8482052726479114e-06
33,80,-2.2091735018781236e-06
33,81,-2.40444742307264e-06
33,82,-2.4114601116445514e-06
33,83,-2.2694123111430466e-06
33,84,-2.0629410936016844e-06
33,85,-1.8735978291700635e-06
33,86,-1.7743187656444859e-06
33,87,-1.838335190417468e-06
33,88,-2.115166520965982e-06
33,89,-2.571243883192661e-06
33,90,-3.0593511210038573e-06
33,91,-3.3780425260447483e-06
33,92,-3.3622622652605763e-06
33,93,-2.989434419557463e-06
33,94,-2.5709231948314716e-06
33,95,-2.3694065385936027e-06
33,96,-2.3415760697902644e-06
33,97,-2.31545779619577e-06
33,98,-2.290036124903255e-06
33,99,-2.4113360203564373e-06
33,100,-2.679490203733279e-06
33,101,-2.837236625627861e-06
33,102,-2.5756268072924927e-06
33,103,-1.9539839712693487e-06
33,104,-1.5585747096830339e-06
33,105,-1.5950250286744664e-06
33,106,-1.7136271875453101e-06
33,107,-1.6296749583021788e-06
33,108,-1.4128916365237073e-06
33,109,-1.2112426676281548e-06
33,110,-1.03762814345935e-06
33,111,-8.402636310821219e-07
33,112,-5.829926657348808e-07
33,113,-3.025193482611885e-07
33,114,-1.046098740157012e-07
33,115,2.258040200352729e-09
33,116,1.537653156177057e-07
33,117,4.335581900410745e-07
33,118,7.332169061603252e-07
33,119,9.276615491294383e-07
33,120,1.093492097291701e-06
33,121,1.309161475824884e-06
33,122,1.4998302271457582e-06
33,123,1.6522682422512275e-06
33,124,1.752031805329264e-06
33,125,1.7872278165692404e-06
33,126,1.8667109445178814e-06
33,127,1.9840493001513954e-06
34,0,8.221706463100484e-09
34,1,1.0124513324853364e-08
34,2,1.270887464656313e-08
34,3,1.615674191093923e-08
34,4,2.0709057082704574e-08
34,5,2.6489906392435904e-08
34,6,3.3820173920465105e-08
34,7,4.146104880345894e-08
34,8,5.732134841373385e-08
34,9,8.362295226499027e-08
34,10,1.288332034404534e-07
34,11,2.1497774153967026e-07
34,12,3.512299593001895e-07
34,13,5.808990468205845e-07
34,14,9.64581075204055e-07
34,15,1.5256252138144761e-06
34,16,2.0673766117843198e-06
34,17,2.345960722589902e-06
34,18,2.5196210973650985e-06
34,19,2.8040171074071697e-06
34,20,3.56032441788819e-06
34,21,4.717168429059412e-06
34,22,7.912121848050274e-06
34,23,1.084002352418364e-05
34,24,1.1913270216125852e-05
34,25,1.3364189551517606e-05
34,26,1.549885174385918e-05
34,27,1.8065511280945896e-05
34,28,2.078111709672024e-05
34,29,2.3457000747316382e-05
34,30,2.6005934872950164e-05
34,31,2.8400994759206518e-05
34,32,3.0654003310412635e-05
34,33,3.283681026661379e-05
34,34,3.4841227372338345e-05
34,35,3.666750379911369e-05
34,36,3.803562169225636e-05
34,37,3.878023632937552e-05
34,38,3.887747972677419e-05
34,39,3.834901079655703e-05
34,40,3.72536168138037e-05
34,41,3.5671688770989467e-05
34,42,3.369854834473088e-05
34,43,3.143673214263307e-05
34,44,2.8992990060524588e-05
34,45,2.6478408600719546e-05
34,46,2.355454959816335e-05
34,47,2.038677095615672e-05
34,48,1.7362796101217444e-05
34,49,1.4542198008052299e-05
34,50,1.2022215472603841e-05
34,51,9.797868313804586e-06
34,52,7.85300716656579e-06
34,53,6.1691922971037485e-06
34,54,4.733107486467863e-06
34,55,3.5386164824440902e-06
34,56,2.5841550702820938e-06
34,57,1.867428559793828e-06
34,58,1.3353667619466235e-06
34,59,1.0281160636111024e-06
34,60,9.456268191133551e-07
34,61,9.88759363774242e-07
34,62,1.047058775821596e-06
34,63,1.0253013458134515e-06
34,64,8.669877193080574e-07
34,65,5.654407700455571e-07
34,66,1.6094868475903394e-07
34,67,-2.749293566681273e-07
34,68,-6.669246388945125e-07
34,69,-9.453508527950116e-07
34,70,-1.0697154150947783e-06
34,71,-1.0189669391735148e-06
34,72,-8.515783176340611e-07
34,73,-6.763187323360495e-07
34,74,-5.935258328085517e-07
34,75,-6.644232840166818e-07
34,76,-8.984708171808393e-07
34,77,-1.2571525174834898e-06
34,78,-1.6687285927456287e-06
34,79,-2.04943177672104e-06
34,80,-2.3328124409588385e-06
34,81,-2.4588105492194782e-06
34,82,-2.407290960574535e-06
34,83,-2.2156347537776162e-06
34,84,-1.963252269128036e-06
34,85,-1.7213441297559534e-06
34,86,-1.553499879490198e-06
34,87,-1.5279528899262372e-06
34,88,-1.6958732782423596e-06
34,89,-2.0322031287742797e-06
34,90,-2.4023795181503667e-06
34,91,-2.6168034410162806e-06
34,92,-2.5107786202324425e-06
34,93,-2.067855929925226e-06
34,94,-1.5956570882380097e-06
34,95,-1.3363771211599807e-06
34,96,-1.2313256266973097e-06
34,97,-1.1030769289475955e-06
34,98,-9.534312313909057e-07
34,99,-9.378042401552054e-07
34,100,-1.0713248632577296e-06
34,101,-1.1113930444130408e-06
34,102,-7.504064131317864e-07
34,103,-4.2935998510353697e-08
34,104,4.445652633848929e-07
34,105,5.281519046367095e-07
34,106,5.534346936743526e-07
34,107,7.867621621532928e-07
34,108,1.1471528869034e-06
34,109,1.4851368116266125e-06
34,110,1.7943184281140664e-06
34,111,2.127639043564296e-06
34,112,2.5218698232483952e-06
34,113,2.946458489454192e-06
34,114,3.296535412145518e-06
34,115,3.5600511855958786e-06
34,116,3.859271631479837e-06
34,117,4.267378616918257e-06
34,118,4.680706294430421e-06
34,119,4.9866608682394215e-06
34,120,5.26526737524618e-06
34,121,5.5905704158817565e-06
34,122,5.876810869996808e-06
34,123,6.1125343123394665e-06
34,124,6.282849381639023e-06
34,125,6.3689081375541665e-06
34,126,6.472642423738407e-06
34,127,6.594134766250779e-06
35,0,1.038733112621775e-08
35,1,1.2731031741151557e-08
35,2,1.5833307339843448e-08
35,3,1.9927634652768238e-08
35,4,2.529169295482292e-08
35,5,3.204923060121551e-08
35,6,4.055685986345653e-08
35,7,4.9306302123027905e-08
35,8,6.746513994176751e-08
35,9,9.727570195610429e-08
35,10,1.480447820750504e-07
35,11,2.439755408907734e-07
35,12,3.9400408791752293e-07
35,13,6.445609246942503e-07
35,14,1.0592475125404686e-06
35,15,1.6588198739007567e-06
35,16,2.226524231088262e-06
35,17,2.5033652082435517e-06
35,18,2.664745578490335e-06
35,19,2.9398588351967826e-06
35,20,3.6996344400598248e-06
35,21,4.857352047530402e-06
35,22,8.054651172339282e-06
35,23,1.0890299208209381e-05
35,24,1.181649887101057e-05
35,25,1.3092794920499389e-05
35,26,1.5003626234505445e-05
35,27,1.7287086813962935e-05
35,28,1.9664225153832397e-05
35,29,2.1956995108918374e-05
35,30,2.4088850754418337e-05
35,31,2.604146413845009e-05
35,32,2.7832112579917208e-05
35,33,2.953097039846018e-05
35,34,3.09884400385812e-05
35,35,3.221159610194069e-05
35,36,3.3009004501403e-05
35,37,3.3251926860302434e-05
35,38,3.2942299176860034e-05
35,39,3.2113343073057155e-05
35,40,3.082745333981263e-05
35,41,2.916262144413519e-05
35,42,2.7206857920183378e-05
35,43,2.5051781395146183e-05
35,44,2.2789913411530208e-05
35,45,2.0514062410512658e-05
35,46,1.7933613672044847e-05
35,47,1.5198328518289751e-05
35,48,1.264218316496059e-05
35,49,1.0306800947420869e-05
35,50,8.259612938565112e-06
35,51,6.482318510922256e-06
35,52,4.9493694286470926e-06
35,53,3.6368622273213014e-06
35,54,2.529086067632382e-06
35,55,1.6197917318126433e-06
35,56,9.088131371702231e-07
35,57,3.9582012820995183e-07
35,58,5.089960766874515e-08
35,59,-9.320092934015217e-08
35,60,-4.993096881997319e-08
35,61,9.085596988665217e-08
35,62,2.270241103553122e-07
35,63,2.719508970371159e-07
35,64,1.7560134863869874e-07
35,65,-6.50021090940103e-08
35,66,-4.086869011281695e-07
35,67,-7.852212790372772e-07
35,68,-1.1209094305496639e-06
35,69,-1.3488670474895938e-06
35,70,-1.427055336604443e-06
35,71,-1.335636460142106e-06
35,72,-1.13292198713822e-06
35,73,-9.20729229949826e-07
35,74,-7.92276895395145e-07
35,75,-8.037482299940597e-07
35,76,-9.633019930290078e-07
35,77,-1.2352369544734934e-06
35,78,-1.5538114209593529e-06
35,79,-1.8425904594629278e-06
35,80,-2.0386104783349384e-06
35,81,-2.087930607145963e-06
35,82,-1.9732207307617075e-06
35,83,-1.7295484388562053e-06
35,84,-1.4302284965953309e-06
35,85,-1.1353924435293081e-06
35,86,-8.986584124543237e-07
35,87,-7.825021571502285e-07
35,88,-8.389725290016936e-07
35,89,-1.0515987593154508e-06
35,90,-1.2998298071592725e-06
35,91,-1.4078213583453811e-06
35,92,-1.2137698049880231e-06
35,93,-7.068973216798639e-07
35,94,-1.8683978734868987e-07
35,95,1.269680330354929e-07
35,96,3.066543121245596e-07
35,97,5.31931899351908e-07
35,98,7.984743423814934e-07
35,99,9.44592376267186e-07
35,100,9.414828484221666e-07
35,101,1.0146498717688194e-06
35,102,1.4654056184333878e-06
35,103,2.244744955602214e-06
35,104,2.813101696785876e-06
35,105,3.0097597891794834e-06
35,106,3.1717494397768016e-06
35,107,3.544138431229351e-06
35,108,4.036285954664002e-06
35,109,4.499223157135374e-06
35,110,4.932930743608959e-06
35,111,5.390592631196576e-06
35,112,5.9082384345705045e-06
35,113,6.461685968097149e-06
35,114,6.948421265368233e-06
35,115,7.3546062472897405e-06
35,116,7.788316533830784e-06
35,117,8.311111991249076e-06
35,118,8.824500751851182e-06
35,119,9.229087725398498e-06
35,120,9.606774516627958e-06
35,121,1.0026787914702778e-05
35,122,1.0394733147245418e-05
35,123,1.0702276079104582e-05
35,124,1.0935359564024369e-05
35,125,1.1068727391458762e-05
35,126,1.119546088758403e-05
35,127,1.1320381806322957e-05
36,0,1.1673198616364984e-08
36,1,1.4226072268993913e-08
36,2,1.752261776218804e-08
36,3,2.182592481834069e-08
36,4,2.7420291586730273e-08
36,5,3.441127643140403e-08
36,6,4.3149538342349784e-08
36,7,5.200832697150361e-08
36,8,7.04066691306911e-08
36,9,1.0030023148046615e-07
36,10,1.5073925367406774e-07
36,11,2.4525675409497515e-07
36,12,3.91385037955566e-07
36,13,6.331544184735941e-07
36,14,1.029530088183699e-06
36,15,1.5960427125556904e-06
36,16,2.121527446234316e-06
36,17,2.3630176255018496e-06
36,18,2.492565074455513e-06
36,19,2.7256963448976032e-06
36,20,3.3991347229244193e-06
36,21,4.421737406288208e-06
36,22,7.247647499183925e-06
36,23,9.668400009616926e-06
36,24,1.0355366365574236e-05
36,25,1.1330838548840437e-05
36,26,1.282819946163038e-05
36,27,1.460881087065046e-05
36,28,1.6431436653020425e-05
36,29,1.8149239452508794e-05
36,30,1.9704661370318398e-05
36,31,2.1089437693556106e-05
36,32,2.2323777095290693e-05
36,33,2.3468700120901283e-05
36,34,2.4367324750235193e-05
36,35,2.5034555044579343e-05
36,36,2.536415881106677e-05
36,37,2.5267064345753895e-05
36,38,2.4758633252232165e-05
36,39,2.387163602277459e-05
36,40,2.2659289422683883e-05
36,41,2.1185208583105196e-05
36,42,1.9519379872713245e-05
36,43,1.7733380070404817e-05
36,44,1.58981891041715e-05
36,45,1.4083259135855334e-05
36,46,1.206777308559949e-05
36,47,9.972080127124085e-06
36,48,8.051922855495249e-06
36,49,6.331907737792127e-06
36,50,4.850941844821481e-06
36,51,3.583835620024892e-06
36,52,2.5020282700289992e-06
36,53,1.5818985478019659e-06
36,54,8.101456477700467e-07
36,55,1.841343917488046e-07
36,56,-2.9209889375745e-07
36,57,-6.146394062799735e-07
36,58,-7.917299326284837e-07
36,59,-7.965194610949034e-07
36,60,-6.517029341945077e-07
36,61,-4.3570732667342986e-07
36,62,-2.399855745305306e-07
36,63,-1.4105914364253353e-07
36,64,-1.8192742763628922e-07
36,65,-3.6235615548470783e-07
36,66,-6.416591128332151e-07
36,67,-9.528024608431984e-07
36,68,-1.225592888732307e-06
36,69,-1.3974135185450255e-06
36,70,-1.425946129638141e-06
36,71,-1.2929136990843066e-06
36,72,-1.055580220120634e-06
36,73,-8.073142889176232e-07
36,74,-6.328089602293489e-07
36,75,-5.824680910165845e-07
36,76,-6.632033589549008e-07
36,77,-8.428438744503471e-07
36,78,-1.062734552353783e-06
36,79,-1.2548677994183202e-06
36,80,-1.360849425569405e-06
36,81,-1.3334659906037425e-06
36,82,-1.1585317428071565e-06
36,83,-8.682548157011385e-07
36,84,-5.287949001690709e-07
36,85,-1.887775971145382e-07
36,86,1.085420456816706e-07
36,87,3.0720089902705495e-07
36,88,3.552994376152173e-07
36,89,2.6103475047229453e-07
36,90,1.298632227595584e-07
36,91,1.2187442588465826e-07
36,92,3.9240650075993934e-07
36,93,9.466153200338942e-07
36,94,1.4976881111507596e-06
36,95,1.8515624815257194e-06
36,96,2.0922715429339895e-06
36,97,2.3987596380213102e-06
36,98,2.7640771793093862e-06
36,99,3.022963917900146e-06
36,100,3.134168595070304e-06
36,101,3.3037491497277048e-06
36,102,3.821055170395109e-06
36,103,4.643811563902609e-06
36,104,5.267792300749291e-06
36,105,5.55651497848229e-06
36,106,5.833011317723459e-06
36,107,6.3179177279444796e-06
36,108,6.9133522452449256e-06
36,109,7.473736666040393e-06
36,110,8.004507994710172e-06
36,111,8.558053354045637e-06
36,112,9.168455252719372e-06
36,113,9.81737909526931e-06
36,114,1.0407952257876238e-05
36,115,1.0925810859161014e-05
36,116,1.1464087000358185e-05
36,117,1.2072047204639835e-05
36,118,1.2657213516532452e-05
36,119,1.3134425019899542e-05
36,120,1.358494493006894e-05
36,121,1.4072192462413802e-05
36,122,1.4496802537425753e-05
36,123,1.4855391975792439e-05
36,124,1.5135850439498496e-05
36,125,1.5307305558359232e-05
36,126,1.5451889789422567e-05
36,127,1.557747509436977e-05
37,0,9.828192643299202e-09
37,1,1.1860870412128431e-08
37,2,1.4450300193617534e-08
37,3,1.7797993234497706e-08
37,4,2.2119180668421464e-08
37,5,2.747691122390696e-08
37,6,3.412688256515784e-08
37,7,4.076720918013404e-08
37,8,5.458588819460378e-08
37,9,7.681077584054117e-08
37,10,1.1397814864583934e-07
37,11,1.8308520660297558e-07
37,12,2.8874450299240816e-07
37,13,4.6201135995531113e-07
37,14,7.435413067694117e-07
37,15,1.1414841123930224e-06
37,16,1.503243044112702e-06
37,17,1.6594647924320505e-06
37,18,1.7354459669612035e-06
37,19,1.8820478863483821e-06
37,20,2.327194489981874e-06
37,21,3.0013513897263e-06
37,22,4.866889870149314e-06
37,23,6.412890994208806e-06
37,24,6.787973019510228e-06
37,25,7.344266001168025e-06
37,26,8.226419469639183e-06
37,27,9.274326173729703e-06
37,28,1.0333497192183799e-05
37,29,1.131442514183463e-05
37,30,1.2185861949425422e-05
37,31,1.2947436862043507e-05
37,32,1.3615655923891945e-05
37,33,1.423070541979426e-05
37,34,1.4686057570496355e-05
37,35,1.4998989218043069e-05
37,36,1.5119771766221013e-05
37,37,1.499470206207219e-05
37,38,1.4631517826916684e-05
37,39,1.4046294348168744e-05
37,40,1.3267564280286771e-05
37,41,1.2331182650594581e-05
37,42,1.1278412131219557e-05
37,43,1.0153124866251691e-05
37,44,9.00005842081731e-06
37,45,7.86332490457752e-06
37,46,6.610800782566914e-06
37,47,5.320219708992571e-06
37,48,4.150675170888071e-06
37,49,3.115090810120556e-06
37,50,2.230930178806472e-06
37,51,1.475948989449489e-06
37,52,8.274172122520359e-07
37,53,2.6921899232969145e-07
37,54,-2.0412177744921507e-07
37,55,-5.878621766716168e-07
37,56,-8.713250426669212e-07
37,57,-1.044656691976709e-06
37,58,-1.09923029787233e-06
37,59,-1.0119445791772933e-06
37,60,-8.087261536824402e-07
37,61,-5.55245394410423e-07
37,62,-3.3048152479193467e-07
37,63,-2.0002124008622757e-07
37,64,-1.9985343063553169e-07
37,65,-3.275562606725447e-07
37,66,-5.448092359610045e-07
37,67,-7.900921733041929e-07
37,68,-9.990413230742636e-07
37,69,-1.114984670405847e-06
37,70,-1.0971314702877952e-06
37,71,-9.291602222946547e-07
37,72,-6.658367145999426e-07
37,73,-3.9050782848935696e-07
37,74,-1.7793353377014209e-07
37,75,-7.205426509406809e-08
37,76,-7.863672757685446e-08
37,77,-1.697521349539118e-07
37,78,-2.9483360323774647e-07
37,79,-3.95287015835907e-07
37,80,-4.186255343079669e-07
37,81,-3.2487387238572757e-07
37,82,-1.0318502531753932e-07
37,83,2.177177227904488e-07
37,84,5.801330340487991e-07
37,85,9.471204999772584e-07
37,86,1.2858860258306203e-06
37,87,1.5476409439933384e-06
37,88,1.681834922488565e-06
37,89,1.688893178528994e-06
37,90,1.6579693452245551e-06
37,91,1.7312166395640866e-06
37,92,2.0531095223905782e-06
37,93,2.6243114845929804e-06
37,94,3.178166581115491e-06
37,95,3.54790451847581e-06
37,96,3.82561821892967e-06
37,97,4.1846043226462395e-06
37,98,4.615441732723955e-06
37,99,4.9538681144002174e-06
37,100,5.148910995609887e-06
37,101,5.384819009066418e-06
37,102,5.931540351285617e-06
37,103,6.754080551664195e-06
37,104,7.3933307237070275e-06
37,105,7.737444400999777e-06
37,106,8.089222935836832e-06
37,107,8.64225268747538e-06
37,108,9.294500569858292e-06
37,109,9.907069347286797e-06
37,110,1.0489549357528108e-05
37,111,1.1092153663045409e-05
37,112,1.174590399706117e-05
37,113,1.2438444012825825e-05
37,114,1.3081448651888216e-05
37,115,1.3661553897102006e-05
37,116,1.4256926507120623e-05
37,117,1.4904082685369676e-05
37,118,1.5517316366458374e-05
37,119,1.6026480044024875e-05
37,120,1.651015312607279e-05
37,121,1.702472902458447e-05
37,122,1.747037421696316e-05
37,123,1.784981436057343e-05
37,124,1.815410572256981e-05
37,125,1.834814689145113e-05
37,126,1.850108256126674e-05
37,127,1.8622307601398975e-05
38,0,-8.336441375790349e-11
38,1,-3.5436605596034076e-10
38,2,-5.134453249134633e-10
38,3,-6.848122867640124e-10
38,4,-8.863372453049733e-10
38,5,-1.1223460540334676e-09
38,6,-1.4015212177732327e-09
38,7,-1.6670748128782515e-09
38,8,-2.192352469491745e-09
38,9,-2.973735971156052e-09
38,10,-4.165368789124832e-09
38,11,-6.160248883669586e-09
38,12,-8.77060108757013e-09
38,13,-1.238774252549695e-08
38,14,-1.712430376575024e-08
38,15,-2.1782398316998256e-08
38,16,-2.2564784790397143e-08
38,17,-1.799970660640116e-08
38,18,-1.1485327705565376e-08
38,19,-4.416990403852637e-09
38,20,5.080170939282255e-09
38,21,2.08722108515482e-08
38,22,6.38603709424964e-08
38,23,1.3257960457386186e-07
38,24,1.9247721770877735e-07
38,25,2.6650357488778747e-07
38,26,3.669281505064904e-07
38,27,4.956669976865641e-07
38,28,6.504614701271966e-07
38,29,8.285471849755032e-07
38,30,1.0282909534692248e-06
38,31,1.2489721769594782e-06
38,32,1.4906495595827782e-06
38,33,1.755949669504012e-06
38,34,2.072789736417513e-06
38,35,2.4434740604080695e-06
38,36,2.810139087632866e-06
38,37,3.140753666264495e-06
38,38,3.405369617435947e-06
38,39,3.5839359750672996e-06
38,40,3.6645883902560827e-06
38,41,3.644337187393256e-06
38,42,3.5290375148870247e-06
38,43,3.3320255541488256e-06
38,44,3.072240844097206e-06
38,45,2.772053206087047e-06
38,46,2.3984562220053585e-06
38,47,1.977911393058873e-06
38,48,1.5681038746385577e-06
38,49,1.1807945403967092e-06
38,50,8.256673140921276e-07
38,51,4.958397696354409e-07
38,52,1.8468716593718558e-07
38,53,-1.087615794904489e-07
38,54,-3.7709936190956973e-07
38,55,-6.054006555858164e-07
38,56,-7.751921403534252e-07
38,57,-8.703462837547728e-07
38,58,-8.73817766601597e-07
38,59,-7.638018197086135e-07
38,60,-5.62253859081858e-07
38,61,-3.221234395837429e-07
38,62,-1.0910477793914465e-07
38,63,2.2094355930094795e-08
38,64,4.1755100176872984e-08
38,65,-4.71221341536721e-08
38,66,-2.1090942409527432e-07
38,67,-3.962363483878439e-07
38,68,-5.471692699445492e-07
38,69,-6.148140411235752e-07
38,70,-5.621753690189427e-07
38,71,-3.753373505643413e-07
38,72,-1.044825620485777e-07
38,73,1.7871491811332424e-07
38,74,4.1076344782641835e-07
38,75,5.547521503127453e-07
38,76,6.059156117629228e-07
38,77,5.873413585748627e-07
38,78,5.407182680341098e-07
38,79,5.144551688536241e-07
38,80,5.536768913984632e-07
38,81,6.90854024517582e-07
38,82,9.335092106977924e-07
38,83,1.257021191123003e-06
38,84,1.6134732027293346e-06
38,85,1.9770129594473244e-06
38,86,2.324724967896595e-06
38,87,2.615673432001924e-06
38,88,2.802488969722177e-06
38,89,2.879373068548336e-06
38,90,2.9188715487143802e-06
38,91,3.0429797007055267e-06
38,92,3.3796751510449764e-06
38,93,3.925470161539733e-06
38,94,4.4416468885978916e-06
38,95,4.7905527724968955e-06
38,96,5.068165283485405e-06
38,97,5.436943476278357e-06
38,98,5.8855852503806165e-06
38,99,6.25624327851431e-06
38,100,6.4916164765234755e-06
38,101,6.751315226305131e-06
38,102,7.277296327057258e-06
38,103,8.041853006014528e-06
38,104,8.641989833507769e-06
38,105,8.990582562565372e-06
38,106,9.362907108372328e-06
38,107,9.922951716554194e-06
38,108,1.0568634129418419e-05
38,109,1.1171780884346594e-05
38,110,1.1744163045786677e-05
38,111,1.2332663571747446e-05
38,112,1.2964470016548505e-05
38,113,1.3632130215957441e-05
38,114,1.425960087737656e-05
38,115,1.4836456973073078e-05
38,116,1.542599928329272e-05
38,117,1.6051681685621667e-05
38,118,1.663583310910823e-05
38,119,1.712425322261314e-05
38,120,1.7590417611036165e-05
38,121,1.8081958905869915e-05
38,122,1.8504406471674906e-05
38,123,1.886694541257591e-05
38,124,1.9164663707831626e-05
38,125,1.936016429370585e-05
38,126,1.9507836673594093e-05
38,127,1.9617488862831244e-05
39,0,-2.820562488332429e-08
39,1,-3.467137824470267e-08
39,2,-4.174477395201421e-08
39,3,-5.053756960937848e-08
39,4,-6.163382529270974e-08
39,5,-7.510993766988785e-08
39,6,-9.153996154586706e-08
39,7,-1.0734936412886214e-07
39,8,-1.403645493327817e-07
39,9,-1.920703197172649e-07
39,10,-2.7649302734880036e-07
39,11,-4.300762595005948e-07
39,12,-6.575362067810007e-07
39,13,-1.0208317802702509e-06
39,14,-1.5951372456892903e-06
39,15,-2.3789409592723523e-06
39,16,-3.0446861706478856e-06
39,17,-3.2675675145014e-06
39,18,-3.322993101705158e-06
39,19,-3.5051966733070147e-06
39,20,-4.21029895528725e-06
39,21,-5.268372088652727e-06
39,22,-8.217966908049372e-06
39,23,-1.0335349993341456e-05
39,24,-1.0440010993885877e-05
39,25,-1.0774389471799274e-05
39,26,-1.1501728892140913e-05
39,27,-1.2341704495472836e-05
39,28,-1.306490361199833e-05
39,29,-1.3560280399534187e-05
39,30,-1.3805874594866245e-05
39,31,-1.3821091163440343e-05
39,32,-1.3643207729294274e-05
39,33,-1.3328629915113922e-05
39,34,-1.2606795055115958e-05
39,35,-1.152541803923961e-05
39,36,-1.025916234087419e-05
39,37,-8.842908357435081e-06
39,38,-7.379111853582813e-06
39,39,-5.940719280580686e-06
39,40,-4.589647063285249e-06
39,41,-3.3710731523304824e-06
39,42,-2.312699967006729e-06
39,43,-1.4259634976407491e-06
39,44,-7.089099155995811e-07
39,45,-1.4945801873995033e-07
39,46,3.135221420664211e-07
39,47,6.560879923609213e-07
39,48,8.518136334867541e-07
39,49,9.267335870069109e-07
39,50,9.028464600009156e-07
39,51,8.016675966638218e-07
39,52,6.422329975472605e-07
39,53,4.4467308385501765e-07
39,54,2.3210020864658052e-07
39,55,2.9981103773806054e-08
39,56,-1.3670976316599082e-07
39,57,-2.476172844008942e-07
39,58,-2.888575070971731e-07
39,59,-2.3794920203208288e-07
39,60,-1.0598618084748578e-07
39,61,6.506197040668572e-08
39,62,2.222372210073626e-07
39,63,3.206029789420621e-07
39,64,3.352288208845351e-07
39,65,2.6762029127090094e-07
39,66,1.4414904994175531e-07
39,67,7.3218758285817e-09
39,68,-9.797611780838624e-08
39,69,-1.324715023640578e-07
39,70,-6.544424906343086e-08
39,71,1.1417971402714771e-07
39,72,3.635451951916029e-07
39,73,6.243905197927099e-07
39,74,8.457393052971916e-07
39,75,9.981825649374282e-07
39,76,1.0778030208481316e-06
39,77,1.1024060780242904e-06
39,78,1.1042764213181948e-06
39,79,1.1211012973433949e-06
39,80,1.1889769538848522e-06
39,81,1.3327054309321942e-06
39,82,1.5568373637052292e-06
39,83,1.8416819773124612e-06
39,84,2.1508467202517224e-06
39,85,2.4687631071917836e-06
39,86,2.781383399972655e-06
39,87,3.055888317264147e-06
39,88,3.249841346949284e-06
39,89,3.35301864647823e-06
39,90,3.421216457551181e-06
39,91,3.5540034194009045e-06
39,92,3.857045425771566e-06
39,93,4.323660645368685e-06
39,94,4.7523660289299876e-06
39,95,5.035917739892883e-06
39,96,5.268363452040116e-06
39,97,5.594936756273423e-06
39,98,6.003130205479589e-06
39,99,6.3482370065472615e-06
39,100,6.571148842182282e-06
39,101,6.8039031836715264e-06
39,102,7.251498660445922e-06
39,103,7.892949060756748e-06
39,104,8.392512237562275e-06
39,105,8.686895352684036e-06
39,106,9.015764620077853e-06
39,107,9.511617329942366e-06
39,108,1.0077337395603748e-05
39,109,1.0600116131442958e-05
39,110,1.1091810725942283e-05
39,111,1.1594335975793937e-05
39,112,1.2130486581851289e-05
39,113,1.269651966645394e-05
39,114,1.3232370645097194e-05
39,115,1.3732319908113482e-05
39,116,1.424507055653007e-05
39,117,1.4781233583874553e-05
39,118,1.5272748520166733e-05
39,119,1.5682058933140747e-05
39,120,1.607561329692003e-05
39,121,1.649024886320251e-05
39,122,1.6842782297550225e-05
39,123,1.7148154296979906e-05
39,124,1.7405944445265894e-05
39,125,1.7578813633893536e-05
39,126,1.770509522939935e-05
39,127,1.7794519188551644e-05
40,0,-9.422074422591952e-08
40,1,-1.1476860654704376e-07
40,2,-1.3665229985308092e-07
40,3,-1.6349963111145181e-07
40,4,-1.971054282860999e-07
40,5,-2.3755569073433468e-07
40,6,-2.8649137533003874e-07
40,7,-3.326394100196227e-07
40,8,-4.295972578496421e-07
40,9,-5.796470767312657e-07
40,10,-8.222587293427165e-07
40,11,-1.2599668884783002e-06
40,12,-1.899608189232413e-06
40,13,-2.9106414154336314e-06
40,14,-4.491741197154581e-06
40,15,-6.6194135181656074e-06
40,16,-8.375121783906604e-06
40,17,-8.888830512217736e-06
40,18,-8.942410718158446e-06
40,19,-9.333746690936736e-06
40,20,-1.1090008389865661e-05
40,21,-1.3723064612987157e-05
40,22,-2.1106913269502375e-05
40,23,-2.6111160415510202e-05
40,24,-2.5954334377769616e-05
40,25,-2.6368004047846882e-05
40,26,-2.7720435901065422e-05
40,27,-2.9306078730486767e-05
40,28,-3.05809285976565e-05
40,29,-3.130542765994932e-05
40,30,-3.1455542424458976e-05
40,31,-3.110044341579832e-05
40,32,-3.0344014829922066e-05
40,33,-2.9325458740707135e-05
40,34,-2.7414483229438267e-05
40,35,-2.4766932428063532e-05
40,36,-2.1823778238532846e-05
40,37,-1.865440323229425e-05
40,38,-1.546279216170109e-05
40,39,-1.2379587514629652e-05
40,40,-9.511544501389043e-06
40,41,-6.9338406344714105e-06
40,42,-4.691093798328415e-06
40,43,-2.800684524890273e-06
40,44,-1.257931483005571e-06
40,45,-4.089611945646122e-08
40,46,9.776886508232282e-07
40,47,1.7391412123243382e-06
40,48,2.179498695228632e-06
40,49,2.356956024745734e-06
40,50,2.329008706533894e-06
40,51,2.1550666672710313e-06
40,52,1.8850269682946986e-06
40,53,1.5614140122062633e-06
40,54,1.221261001341152e-06
40,55,8.966646533420382e-07
40,56,6.140180332675167e-07
40,57,3.924735113636497e-07
40,58,2.3029685309973295e-07
40,59,1.5087985320185699e-07
40,60,1.5777013062318896e-07
40,61,2.1643281617669558e-07
40,62,2.8456416766657547e-07
40,63,3.2502021828260675e-07
40,64,3.1574270443559824e-07
40,65,2.5461112595799816e-07
40,66,1.5841937142110016e-07
40,67,5.651742831343443e-08
40,68,-1.935100703747518e-08
40,69,-4.106338034613084e-08
40,70,1.3728656431707437e-08
40,71,1.5287663772025655e-07
40,72,3.439687306745045e-07
40,73,5.43893529496746e-07
40,74,7.151590048712631e-07
40,75,8.36101132152769e-07
40,76,9.035074502458603e-07
40,77,9.297962431327515e-07
40,78,9.37897444641872e-07
40,79,9.548146104326058e-07
40,80,1.0063809745007877e-06
40,81,1.1099732947419344e-06
40,82,1.2678955175613617e-06
40,83,1.4660257623210232e-06
40,84,1.6807071266118209e-06
40,85,1.904927101437081e-06
40,86,2.1317198963013354e-06
40,87,2.3365896631985133e-06
40,88,2.4843292104444297e-06
40,89,2.563006502362092e-06
40,90,2.6122997021181763e-06
40,91,2.707182842488297e-06
40,92,2.9257526126668005e-06
40,93,3.258941660305971e-06
40,94,3.551433173687454e-06
40,95,3.7270035836573976e-06
40,96,3.870810802745592e-06
40,97,4.103795436901428e-06
40,98,4.413325156512567e-06
40,99,4.675622771488591e-06
40,100,4.835285726631674e-06
40,101,4.993850635353656e-06
40,102,5.311388337169991e-06
40,103,5.772264706134463e-06
40,104,6.117735310376803e-06
40,105,6.306656523443815e-06
40,106,6.534356186253126e-06
40,107,6.900559527153845e-06
40,108,7.31894137935346e-06
40,109,7.696968992043714e-06
40,110,8.044672210746796e-06
40,111,8.39742897547986e-06
40,112,8.773556359126325e-06
40,113,9.171237593844136e-06
40,114,9.548977303273421e-06
40,115,9.907046716226321e-06
40,116,1.0280195984918483e-05
40,117,1.0666717135433513e-05
40,118,1.1010175161874798e-05
40,119,1.12904580525844e-05
40,120,1.1565650186580376e-05
40,121,1.1858910396370555e-05
40,122,1.2103759161249093e-05
40,123,1.2318973817013864e-05
40,124,1.2508205628863634e-05
40,125,1.2636725313237951e-05
40,126,1.2726514203353257e-05
40,127,1.2787493386096957e-05
41,0,-2.3386222739916677e-07
41,1,-2.8348868137297035e-07
41,2,-3.341482435421381e-07
41,3,-3.9528758239547884e-07
41,4,-4.711019298189634e-07
41,5,-5.614648230652495e-07
41,6,-6.69874903486422e-07
41,7,-7.697982118498105e-07
41,8,-9.813849791229084e-07
41,9,-1.304543088055945e-06
41,10,-1.8215139881200057e-06
41,11,-2.7458057012957202e-06
41,12,-4.076217179449905e-06
41,13,-6.154366226610977e-06
41,14,-9.364047763456803e-06
41,15,-1.3612030077637554e-05
41,16,-1.699445018736309e-05
41,17,-1.7803235627443357e-05
41,18,-1.768267112717624e-05
41,19,-1.8225112203151693e-05
41,20,-2.1371747185539666e-05
41,21,-2.6088217245407805e-05
41,22,-3.943310201517553e-05
41,23,-4.77790625116312e-05
41,24,-4.6517796573132334e-05
41,25,-4.628881166405518e-05
41,26,-4.765950631377045e-05
41,27,-4.9338864007349906e-05
41,28,-5.040383576018478e-05
41,29,-5.049848143677415e-05
41,30,-4.963930464093521e-05
41,31,-4.798882720885752e-05
41,32,-4.575151336608006e-05
41,33,-4.3168772819588005e-05
41,34,-3.9158929210323696e-05
41,35,-3.4065364914640694e-05
41,36,-2.8758955917788774e-05
41,37,-2.3371633297197663e-05
41,38,-1.8212903888347892e-05
41,39,-1.3449998574607427e-05
41,40,-9.20343655695883e-06
41,41,-5.542972600892972e-06
41,42,-2.4942001665798887e-06
41,43,-4.682220292904111e-08
41,44,1.836618921273462e-06
41,45,3.214105594392433e-06
41,46,4.224124662798779e-06
41,47,4.8068954508649705e-06
41,48,4.936491252114468e-06
41,49,4.717479319351781e-06
41,50,4.261528521766843e-06
41,51,3.6656531543416584e-06
41,52,3.0064302415177947e-06
41,53,2.341729235645738e-06
41,54,1.7136903422272082e-06
41,55,1.1514304792043154e-06
41,56,6.731729397934101e-07
41,57,2.877227520232346e-07
41,58,-3.093372171387057e-08
41,59,-2.616955721548909e-07
41,60,-3.8961212898277733e-07
41,61,-4.4640471381652083e-07
41,62,-4.6694957076693694e-07
41,63,-4.827474119828123e-07
41,64,-5.146236215917125e-07
41,65,-5.697528988847936e-07
41,66,-6.422387240777335e-07
41,67,-7.17057782134343e-07
41,68,-7.764490488785548e-07
41,69,-8.042172121983188e-07
41,70,-7.871466255427551e-07
41,71,-7.207113435338774e-07
41,72,-6.239086805463602e-07
41,73,-5.230019011817294e-07
41,74,-4.4137621120172706e-07
41,75,-3.9294379745637895e-07
41,76,-3.803321079388183e-07
41,77,-3.9624611189838225e-07
41,78,-4.2649304307357765e-07
41,79,-4.541953658826424e-07
41,80,-4.642724996302592e-07
41,81,-4.4613066154706936e-07
41,82,-3.983051188232262e-07
41,83,-3.286414742468646e-07
41,84,-2.4759456984595453e-07
41,85,-1.560689625598303e-07
41,86,-5.654547017103917e-08
41,87,3.448671705670833e-08
41,88,9.130065162150235e-08
41,89,1.0356348335440866e-07
41,90,9.625894207036651e-08
41,91,1.1804981550705966e-07
41,92,2.1685222215178076e-07
41,93,3.8217193826633387e-07
41,94,5.115463706614413e-07
41,95,5.592014346413217e-07
41,96,5.934492082689694e-07
41,97,7.037243863408902e-07
41,98,8.786023032431174e-07
41,99,1.0236127661127337e-06
41,100,1.0933571429135874e-06
41,101,1.156493234283632e-06
41,102,1.3239915432154518e-06
41,103,1.5835395167797493e-06
41,104,1.7580739629199535e-06
41,105,1.8252857306650672e-06
41,106,1.9278839004021003e-06
41,107,2.1330123751737576e-06
41,108,2.371642536669006e-06
41,109,2.575995357422511e-06
41,110,2.7532501868631654e-06
41,111,2.9308299157809624e-06
41,112,3.1227544274366624e-06
41,113,3.326687599481396e-06
41,114,3.5200182258781967e-06
41,115,3.70941765963192e-06
41,116,3.91631183814692e-06
41,117,4.127769021358696e-06
41,118,4.301670440793009e-06
41,119,4.435686774583312e-06
41,120,4.578263941562478e-06
41,121,4.736363938458859e-06
41,122,4.863680295115499e-06
41,123,4.979308978918909e-06
41,124,5.088997614627258e-06
41,125,5.1633599521709626e-06
41,126,5.209080676511913e-06
41,127,5.23725812763942e-06
42,0,-5.058588339890367e-07
42,1,-6.110147423383494e-07
42,2,-7.131269704891434e-07
42,3,-8.340907280579788e-07
42,4,-9.825810557761957e-07
42,5,-1.1577259520317532e-06
42,6,-1.3660182078877746e-06
42,7,-1.5530673079262876e-06
42,8,-1.9533392273583484e-06
42,9,-2.5560901719290444e-06
42,10,-3.5097199768231645e-06
42,11,-5.198983161200276e-06
42,12,-7.5908115016435624e-06
42,13,-1.127964850296649e-05
42,14,-1.6900197114694824e-05
42,15,-2.420179574112579e-05
42,16,-2.9775928806431928e-05
42,17,-3.074634939206515e-05
42,18,-3.0106166948889808e-05
42,19,-3.059468337703087e-05
42,20,-3.535009988921566e-05
42,21,-4.2490062836738445e-05
42,22,-6.296027394362655e-05
42,23,-7.447254671252868e-05
42,24,-7.07638603612054e-05
42,25,-6.869491426373268e-05
42,26,-6.896230140193678e-05
42,27,-6.95586658482708e-05
42,28,-6.917220129626168e-05
42,29,-6.738524149528749e-05
42,30,-6.431765865597942e-05
42,31,-6.02728840663585e-05
42,32,-5.558327810139209e-05
42,33,-5.059495932725337e-05
42,34,-4.3767231082548695e-05
42,35,-3.5714790281304736e-05
42,36,-2.7849462473045266e-05
42,37,-2.0368898815354574e-05
42,38,-1.3641581593913507e-05
42,39,-7.810866678418864e-06
42,40,-2.946312943253711e-06
42,41,9.486056355160282e-07
42,42,3.920364431067114e-06
42,43,6.049941859606513e-06
42,44,7.440292281917841e-06
42,45,8.208440382754763e-06
42,46,8.42856178188512e-06
42,47,8.087684693572597e-06
42,48,7.286166403703846e-06
42,49,6.175141107488676e-06
42,50,4.92194582546127e-06
42,51,3.6443822265716133e-06
42,52,2.427767890180202e-06
42,53,1.3275941974309026e-06
42,54,3.744398794294605e-07
42,55,-4.2060102120967326e-07
42,56,-1.060621120478551e-06
42,57,-1.5588125795369914e-06
42,58,-1.9630294186205294e-06
42,59,-2.2625461393921594e-06
42,60,-2.4455328056000695e-06
42,61,-2.5448311817046193e-06
42,62,-2.591152880910039e-06
42,63,-2.6113928490503916e-06
42,64,-2.6253199532339386e-06
42,65,-2.644740188147759e-06
42,66,-2.6737974071554485e-06
42,67,-2.710727819023383e-06
42,68,-2.750257392494885e-06
42,69,-2.787429464641308e-06
42,70,-2.8161817869166625e-06
42,71,-2.834897930519172e-06
42,72,-2.8477153696407987e-06
42,73,-2.8627983743602437e-06
42,74,-2.8894489245987674e-06
42,75,-2.934242302707716e-06
42,76,-2.999289704957276e-06
42,77,-3.081660125069094e-06
42,78,-3.1745775809651475e-06
42,79,-3.269996634917681e-06
42,80,-3.3622580461887444e-06
42,81,-3.446400564249368e-06
42,82,-3.5198311118406044e-06
42,83,-3.583568812285395e-06
42,84,-3.6364883965515447e-06
42,85,-3.676686957543638e-06
42,86,-3.705500898305586e-06
42,87,-3.7322110565389818e-06
42,88,-3.7709556418072397e-06
42,89,-3.8269823592446596e-06
42,90,-3.887899273774541e-06
42,91,-3.931926480516064e-06
42,92,-3.9378710296254515e-06
42,93,-3.916344626290156e-06
42,94,-3.916906873230698e-06
42,95,-3.956915529079526e-06
42,96,-3.9928997399533935e-06
42,97,-3.973390015915422e-06
42,98,-3.907103338657191e-06
42,99,-3.851321758364257e-06
42,100,-3.835317802763832e-06
42,101,-3.824588927018462e-06
42,102,-3.754303175310196e-06
42,103,-3.6354201491729392e-06
42,104,-3.5678051252297444e-06
42,105,-3.5595495971148778e-06
42,106,-3.5272718982127696e-06
42,107,-3.4349081771495096e-06
42,108,-3.3277112402799703e-06
42,109,-3.2454830686605693e-06
42,110,-3.1826431638946775e-06
42,111,-3.1210333227834765e-06
42,112,-3.050872604594879e-06
42,113,-2.977793668209931e-06
42,114,-2.9098073043669303e-06
42,115,-2.8345356413980645e-06
42,116,-2.7431231202325724e-06
42,117,-2.6577750245471878e-06
42,118,-2.6042716908200314e-06
42,119,-2.5676311764846043e-06
42,120,-2.5091846857835303e-06
42,121,-2.4391207693980283e-06
42,122,-2.3849908516590297e-06
42,123,-2.3327193113080265e-06
42,124,-2.2781017371857527e-06
42,125,-2.2423971205750062e-06
42,126,-2.231205270437506e-06
42,127,-2.2310508872924033e-06
43,0,-9.900389897760437e-07
43,1,-1.1923943867686263e-06
43,2,-1.3781671788380715e-06
43,3,-1.593686543606453e-06
43,4,-1.8554225118683245e-06
43,5,-2.1607314956699395e-06
43,6,-2.520534726546986e-06
43,7,-2.8341040860212943e-06
43,8,-3.5147303760320124e-06
43,9,-4.524256400314314e-06
43,10,-6.103421965934883e-06
43,11,-8.87494164837852e-06
43,12,-1.2730119803053468e-05
43,13,-1.8595815713133e-05
43,14,-2.740311121856499e-05
43,15,-3.8610220127045604e-05
43,16,-4.674975543125018e-05
43,17,-4.7516285819915143e-05
43,18,-4.5802026828019616e-05
43,19,-4.582215876317419e-05
43,20,-5.20774299809132e-05
43,21,-6.15181561686333e-05
43,22,-8.912217829387016e-05
43,23,-0.00010254139804468922
43,24,-9.470394367568498e-05
43,25,-8.926824808269649e-05
43,26,-8.690330115030637e-05
43,27,-8.486221220565795e-05
43,28,-8.153373351596893e-05
43,29,-7.654003057233021e-05
43,30,-7.017020677426146e-05
43,31,-6.289709839341746e-05
43,32,-5.5180114617094567e-05
43,33,-4.7438902083562995e-05
43,34,-3.782197002277428e-05
43,35,-2.7260679183792814e-05
43,36,-1.765734787149297e-05
43,37,-9.226584441988582e-06
43,38,-2.279173122892776e-06
43,39,3.1658967517931746e-06
43,40,7.180261373351966e-06
43,41,9.899545019779863e-06
43,42,1.1495782937317362e-05
43,43,1.215528938587626e-05
43,44,1.206442443014739e-05
43,45,1.1402232321659842e-05
43,46,1.010800080630778e-05
43,47,8.2606924490615e-06
43,48,6.146742798041315e-06
43,49,3.938718155079413e-06
43,50,1.829851175219967e-06
43,51,-7.760481792036763e-08
43,52,-1.721577390366136e-06
43,53,-3.0755784499509104e-06
43,54,-4.141983901310213e-06
43,55,-4.944298470402313e-06
43,56,-5.519424255412958e-06
43,57,-5.9124117262782434e-06
43,58,-6.1714266179317085e-06
43,59,-6.308717807516274e-06
43,60,-6.342956283589472e-06
43,61,-6.30843792149492e-06
43,62,-6.232863441944632e-06
43,63,-6.136544672640006e-06
43,64,-6.035392880941516e-06
43,65,-5.942295675456488e-06
43,66,-5.867390560136671e-06
43,67,-5.818016674352934e-06
43,68,-5.796707603804914e-06
43,69,-5.806940688434801e-06
43,70,-5.843465485762311e-06
43,71,-5.906129000639662e-06
43,72,-5.986590760323445e-06
43,73,-6.074993765307056e-06
43,74,-6.167724529685271e-06
43,75,-6.265037883428103e-06
43,76,-6.36868016978296e-06
43,77,-6.479041970316814e-06
43,78,-6.594820984068023e-06
43,79,-6.7146864721400005e-06
43,80,-6.837740845940031e-06
43,81,-6.962740745365403e-06
43,82,-7.083569437063149e-06
43,83,-7.194431050230342e-06
43,84,-7.288354585450098e-06
43,85,-7.36453926324342e-06
43,86,-7.426874368702391e-06
43,87,-7.479135267570259e-06
43,88,-7.522729918188001e-06
43,89,-7.554750259245637e-06
43,90,-7.5723781815132275e-06
43,91,-7.578826841799378e-06
43,92,-7.565325660620261e-06
43,93,-7.540653832410002e-06
43,94,-7.51448838609251e-06
43,95,-7.480488226627502e-06
43,96,-7.427234265873533e-06
43,97,-7.345631068104955e-06
43,98,-7.240308258121849e-06
43,99,-7.125679458692906e-06
43,100,-7.009797715712835e-06
43,101,-6.890083027464373e-06
43,102,-6.7323474788080715e-06
43,103,-6.547424716926952e-06
43,104,-6.379385314990189e-06
43,105,-6.228894317942547e-06
43,106,-6.074327679785358e-06
43,107,-5.9068536862939e-06
43,108,-5.742312794478559e-06
43,109,-5.59270523814618e-06
43,110,-5.449095388764219e-06
43,111,-5.302945270092122e-06
43,112,-5.1497653208836525e-06
43,113,-5.0003662222647775e-06
43,114,-4.859115402910337e-06
43,115,-4.710627627508385e-06
43,116,-4.558282605860546e-06
43,117,-4.431380496986338e-06
43,118,-4.337384030051206e-06
43,119,-4.244598653728056e-06
43,120,-4.124629529473882e-06
43,121,-4.002612431451806e-06
43,122,-3.897177290921898e-06
43,123,-3.804749683470115e-06
43,124,-3.726658033220466e-06
43,125,-3.6741513614955646e-06
43,126,-3.6597376546380406e-06
43,127,-3.6673049262437455e-06
44,0,-1.7495490713966153e-06
44,1,-2.102128044690461e-06
44,2,-2.4064467112289357e-06
44,3,-2.7513544466508014e-06
44,4,-3.1654807573953497e-06
44,5,-3.6429139282720827e-06
44,6,-4.200303173664875e-06
44,7,-4.66945434730728e-06
44,8,-5.707371076230014e-06
44,9,-7.222187479876903e-06
44,10,-9.564798614559711e-06
44,11,-1.363929577085417e-05
44,12,-1.9200125369657363e-05
44,13,-2.7541186005252185e-05
44,14,-3.987017670127355e-05
44,15,-5.520255521050406e-05
44,16,-6.569367351912584e-05
44,17,-6.563142119234089e-05
44,18,-6.218453904175229e-05
44,19,-6.11468846758835e-05
44,20,-6.823123594709921e-05
44,21,-7.904714388932582e-05
44,22,-0.00011163044084244552
44,23,-0.0001244146042708996
44,24,-0.00011113623059843821
44,25,-0.00010112008451104562
44,26,-9.477897643174788e-05
44,27,-8.881387414576167e-05
44,28,-8.152967938929493e-05
44,29,-7.271132504982797e-05
44,30,-6.284413457550068e-05
44,31,-5.254199658349074e-05
44,32,-4.2335457839582524e-05
44,33,-3.264096037685495e-05
44,34,-2.1638807330610033e-05
44,35,-1.051694811987047e-05
44,36,-1.3466521070227104e-06
44,37,5.754353390054231e-06
44,38,1.0703478347159477e-05
44,39,1.3714099583204877e-05
44,40,1.5076144488913333e-05
44,41,1.5109664744221095e-05
44,42,1.4129564599695323e-05
44,43,1.2422222222812118e-05
44,44,1.0234639371142526e-05
44,45,7.771181345953186e-06
44,46,4.819783979616417e-06
44,47,1.5615325834212582e-06
44,48,-1.5620811716130878e-06
44,49,-4.411238874783491e-06
44,50,-6.832773665458889e-06
44,51,-8.786883764448703e-06
44,52,-1.0270403528422357e-05
44,53,-1.1310704511542561e-05
44,54,-1.195888784050447e-05
44,55,-1.2281655166521385e-05
44,56,-1.2353132483018832e-05
44,57,-1.2250731698246478e-05
44,58,-1.198028965755311e-05
44,59,-1.1589551077770455e-05
44,60,-1.1161840321318326e-05
44,61,-1.0726637315985607e-05
44,62,-1.0305380763993139e-05
44,63,-9.905686752501679e-06
44,64,-9.533195048413576e-06
44,65,-9.194891905517016e-06
44,66,-8.899528278703504e-06
44,67,-8.656295710143228e-06
44,68,-8.4676292563607e-06
44,69,-8.340025631813673e-06
44,70,-8.257028617225662e-06
44,71,-8.216872574970589e-06
44,72,-8.208603690142882e-06
44,73,-8.207340611787948e-06
44,74,-8.199704990499215e-06
44,75,-8.181797970136655e-06
44,76,-8.155461986179883e-06
44,77,-8.123337564556594e-06
44,78,-8.087474489931304e-06
44,79,-8.050430628116298e-06
44,80,-8.006302113686826e-06
44,81,-7.95456779902627e-06
44,82,-7.88335293873322e-06
44,83,-7.780843341409397e-06
44,84,-7.646934492728233e-06
44,85,-7.486490846667477e-06
44,86,-7.3095797182757945e-06
44,87,-7.11705162838925e-06
44,88,-6.8980802754707485e-06
44,89,-6.640515817695653e-06
44,90,-6.3477622898371425e-06
44,91,-6.041680488519411e-06
44,92,-5.695078908030058e-06
44,93,-5.3114439286209935e-06
44,94,-4.896205375053114e-06
44,95,-4.4281604448038795e-06
44,96,-3.9317983810908334e-06
44,97,-3.4400968676805356e-06
44,98,-2.9529189934664537e-06
44,99,-2.441500580853188e-06
44,100,-1.8907289800305544e-06
44,101,-1.3214553724300878e-06
44,102,-6.983357884915409e-07
44,103,-3.0310502561597124e-08
44,104,6.488468840342933e-07
44,105,1.3362539634755914e-06
44,106,1.996741559070749e-06
44,107,2.6185893992330747e-06
44,108,3.2193430855700148e-06
44,109,3.8098685163299086e-06
44,110,4.4127180533856645e-06
44,111,5.028395679982415e-06
44,112,5.651886245730869e-06
44,113,6.266281082795654e-06
44,114,6.851711451691767e-06
44,115,7.422438631213482e-06
44,116,7.964405176157259e-06
44,117,8.445644697848612e-06
44,118,8.87644876627641e-06
44,119,9.302925364757114e-06
44,120,9.739484405822076e-06
44,121,1.0155082726169355e-05
44,122,1.052138036637701e-05
44,123,1.0830154921816726e-05
44,124,1.1070344305684247e-05
44,125,1.1240514272725373e-05
44,126,1.132948286889088e-05
44,127,1.1353764111682091e-05
45,0,-1.7926091350710642e-06
45,1,-1.7161661673268867e-06
45,2,-1.93891221236465e-06
45,3,-2.212554341625802e-06
45,4,-2.470047988451329e-06
45,5,-2.8162064067041563e-06
45,6,-3.2023373557493767e-06
45,7,-3.5355931391576636e-06
45,8,-4.289726650372855e-06
45,9,-5.353892548655044e-06
45,10,-6.984953526323818e-06
45,11,-9.826101953680225e-06
45,12,-1.3651680421906461e-05
45,13,-1.933612120995793e-05
45,14,-2.7637376465434913e-05
45,15,-3.781880694904091e-05
45,16,-4.462000543827622e-05
45,17,-4.439785864827476e-05
45,18,-4.220593662787041e-05
45,19,-4.2009197479310286e-05
45,20,-4.783502205068535e-05
45,21,-5.685149774938925e-05
45,22,-8.28352078429889e-05
45,23,-9.504313914439058e-05
45,24,-8.651631644055884e-05
45,25,-7.959154506393129e-05
45,26,-7.511306342438685e-05
45,27,-7.080747885250257e-05
45,28,-6.550156219051268e-05
45,29,-5.90892194343451e-05
45,30,-5.1946224551316086e-05
45,31,-4.4509720512783975e-05
45,32,-3.7138324301964646e-05
45,33,-3.0112829854386203e-05
45,34,-2.1953962086966875e-05
45,35,-1.3511344999870799e-05
45,36,-6.313125111831428e-06
45,37,-4.961074306125246e-07
45,38,3.756934012877755e-06
45,39,6.477161804553715e-06
45,40,7.768303283576793e-06
45,41,7.792742962933015e-06
45,42,6.7541734097651605e-06
45,43,4.879460080780943e-06
45,44,2.4016563915209677e-06
45,45,-4.575438226054015e-07
45,46,-3.897701465966126e-06
45,47,-7.676081879752035e-06
45,48,-1.1212102026396382e-05
45,49,-1.4273498557965798e-05
45,50,-1.6657825056775084e-05
45,51,-1.8324605005320296e-05
45,52,-1.930244856299112e-05
45,53,-1.9668932089845715e-05
45,54,-1.9532176369513e-05
45,55,-1.901373342669571e-05
45,56,-1.8234876024718297e-05
45,57,-1.731098380375698e-05
45,58,-1.6178334098614168e-05
45,59,-1.4928626321138204e-05
45,60,-1.3739274175742895e-05
45,61,-1.2632748680108757e-05
45,62,-1.1622688292261934e-05
45,63,-1.069929886354985e-05
45,64,-9.852128110741069e-06
45,65,-9.075235246763935e-06
45,66,-8.368131500388292e-06
45,67,-7.733792378497249e-06
45,68,-7.165230463493221e-06
45,69,-6.66465248081773e-06
45,70,-6.186518366935095e-06
45,71,-5.722784169987538e-06
45,72,-5.2823398278959965e-06
45,73,-4.83340805552119e-06
45,74,-4.3587243065155e-06
45,75,-3.8537474300716865e-06
45,76,-3.3213986175755856e-06
45,77,-2.766113006393211e-06
45,78,-2.191599509054056e-06
45,79,-1.6007685854068863e-06
45,80,-9.663310635446444e-07
45,81,-2.8407467718349926e-07
45,82,4.643282110902651e-07
45,83,1.2942893209871045e-06
45,84,2.1766661222004427e-06
45,85,3.0963172028218424e-06
45,86,4.034741708927163e-06
45,87,4.990393587580295e-06
45,88,5.983045609664433e-06
45,89,7.031424119018034e-06
45,90,8.129376256252373e-06
45,91,9.249963462359824e-06
45,92,1.0488490818552564e-05
45,93,1.1852768743100792e-05
45,94,1.3276045312000466e-05
45,95,1.4778707069832717e-05
45,96,1.6301878957452457e-05
45,97,1.7778196338762446e-05
45,98,1.921195244162427e-05
45,99,2.0666914948606826e-05
45,100,2.2178426652746844e-05
45,101,2.372099943790063e-05
45,102,2.5377101415793004e-05
45,103,2.714755016961689e-05
45,104,2.8937706935649933e-05
45,105,3.0729322711919806e-05
45,106,3.244790692454615e-05
45,107,3.407016333769664e-05
45,108,3.564659427914911e-05
45,109,3.7199069384528106e-05
45,110,3.877672797766239e-05
45,111,4.0377890006928504e-05
45,112,4.1981561996225514e-05
45,113,4.3570398220271385e-05
45,114,4.5085114582900974e-05
45,115,4.653302015991863e-05
45,116,4.7890622268848215e-05
45,117,4.91286431828708e-05
45,118,5.026984273494361e-05
45,119,5.137091450796273e-05
45,120,5.242419496977769e-05
45,121,5.341760341441082e-05
45,122,5.428778771902848e-05
45,123,5.5018894702856935e-05
45,124,5.5587022133181926e-05
45,125,5.5997427585828926e-05
45,126,5.6251560511137e-05
45,127,5.6360298061183254e-05
46,0,0.0
46,1,6.527785220163844e-18
46,2,0.0
46,3,0.0
46,4,0.0
46,5,0.0
46,6,0.0
46,7,0.0
46,8,0.0
46,9,-3.51636464246781e-16
46,10,-6.826514562795862e-14
46,11,-5.139823498053697e-12
46,12,-1.603015969376046e-10
46,13,-2.6701722304088807e-09
46,14,-2.7205704079279313e-08
46,15,-1.776280427428903e-07
46,16,-7.19495338068769e-07
46,17,-1.8738926731210441e-06
46,18,-3.726228013293031e-06
46,19,-6.462960894398137e-06
46,20,-1.1312904314805123e-05
46,21,-1.855055053451549e-05
46,22,-3.565281710742367e-05
46,23,-5.0347730626391653e-05
46,24,-5.2307287986535144e-05
46,25,-5.280957198531181e-05
46,26,-5.374070102526284e-05
46,27,-5.4349880838993085e-05
46,28,-5.404421825760258e-05
46,29,-5.2707958181300236e-05
46,30,-5.048959964798628e-05
46,31,-4.758613223605003e-05
46,32,-4.4179261576143705e-05
46,33,-4.046529325706795e-05
46,34,-3.51331986303045e-05
46,35,-2.8618780377915045e-05
46,36,-2.2042134178651924e-05
46,37,-1.5740267311413657e-05
46,38,-1.024730107658327e-05
46,39,-5.903645824484481e-06
46,40,-2.925932961114758e-06
46,41,-1.3840990490069354e-06
46,42,-1.2085545039935986e-06
46,43,-2.216303750187273e-06
46,44,-4.148825896592037e-06
46,45,-6.7164167679399145e-06
46,46,-9.994646543477084e-06
46,47,-1.365455482853348e-05
46,48,-1.6995604954712215e-05
46,49,-1.967443413635355e-05
46,50,-2.1452633403035077e-05
46,51,-2.2303490558934382e-05
46,52,-2.230389272363852e-05
46,53,-2.1593291977695305e-05
46,54,-2.0340108603318018e-05
46,55,-1.8715410385120935e-05
46,56,-1.6875266359927387e-05
46,57,-1.4954017887939771e-05
46,58,-1.2801447217815347e-05
46,59,-1.053466058425689e-05
46,60,-8.418544051599912e-06
46,61,-6.461657116402197e-06
46,62,-4.666181931962311e-06
46,63,-3.0034118779123346e-06
46,64,-1.4457108010618257e-06
46,65,2.753042978130797e-08
46,66,1.4287674270505243e-06
46,67,2.765016698167437e-06
46,68,4.059051152506147e-06
46,69,5.319853950789579e-06
46,70,6.64211839541215e-06
46,71,8.044410915871877e-06
46,72,9.460714165164971e-06
46,73,1.0915386032227487e-05
46,74,1.2421398643398797e-05
46,75,1.3979665794514716e-05
46,76,1.5585297953451344e-05
46,77,1.7231895235496027e-05
46,78,1.8914730436989684e-05
46,79,2.0634445593229967e-05
46,80,2.2458985833717425e-05
46,81,2.4402034604359896e-05
46,82,2.6485356655044675e-05
46,83,2.8723529171348355e-05
46,84,3.1031138578236256e-05
46,85,3.337997842789424e-05
46,86,3.574402533517003e-05
46,87,3.8117233773161224e-05
46,88,4.0521656964189206e-05
46,89,4.297551654651403e-05
46,90,4.5473327918550064e-05
46,91,4.8005076586174135e-05
46,92,5.078522449638971e-05
46,93,5.384203800480204e-05
46,94,5.696499359785514e-05
46,95,6.015073831074513e-05
46,96,6.3317001417904e-05
46,97,6.638103023700203e-05
46,98,6.934827357523912e-05
46,99,7.229919653865084e-05
46,100,7.528376101207443e-05
46,101,7.830421055996215e-05
46,102,8.153053850022014e-05
46,103,8.498393552626847e-05
46,104,8.843024793252503e-05
46,105,9.181726539582852e-05
46,106,9.50609635817589e-05
46,107,9.813646098243767e-05
46,108,0.00010112220226501936
46,109,0.00010403989218944304
46,110,0.00010698407025801226
46,111,0.00010995707399437744
46,112,0.00011291605177965173
46,113,0.0001158503976360375
46,114,0.00011864744449780098
46,115,0.00012130187377911673
46,116,0.00012378795566180304
46,117,0.00012607859612148752
46,118,0.00012819231768620867
46,119,0.00013019533826613483
46,120,0.00013205111897789557
46,121,0.00013379769521493676
46,122,0.00013531074358011459
46,123,0.0001365760952188076
46,124,0.00013755161489094038
46,125,0.00013822603895953073
46,126,0.00013859625385320132
46,127,0.00013867343668171248
47,0,3.868969083761136e-18
47,1,3.263892610081922e-18
47,2,1.560332841561286e-17
47,3,1.2004483207750935e-17
47,4,2.5881670404268234e-17
47,5,1.8944241467667755e-17
47,6,4.5041795124839664e-17
47,7,1.694774650405895e-17
47,8,-3.422877279237167e-17
47,9,-7.788747683066199e-15
47,10,-7.162335037255982e-13
47,11,-3.0013799274479366e-11
47,12,-5.964837380010474e-10
47,13,-6.9898788298874735e-09
47,14,-5.3985051242276354e-08
47,15,-2.830697339020804e-07
47,16,-9.63501687368301e-07
47,17,-2.1851268650894886e-06
47,18,-3.8904347691539265e-06
47,19,-6.1732756413437665e-06
47,20,-1.0014011124004484e-05
47,21,-1.539052369979651e-05
47,22,-2.7660147570025535e-05
47,23,-3.663311248937613e-05
47,24,-3.610857473082762e-05
47,25,-3.4855051716665886e-05
47,26,-3.409528583898045e-05
47,27,-3.3280955468093106e-05
47,28,-3.2051165055979554e-05
47,29,-3.0370989335809083e-05
47,30,-2.8358033607700873e-05
47,31,-2.6142767464192506e-05
47,32,-2.3833886750807027e-05
47,33,-2.1538519215317787e-05
47,34,-1.8556815821552613e-05
47,35,-1.5219783577671877e-05
47,36,-1.2146524450913426e-05
47,37,-9.466455985239707e-06
47,38,-7.376165126656861e-06
47,39,-5.961217763874232e-06
47,40,-5.241198521341458e-06
47,41,-5.168411647575531e-06
47,42,-5.640433977453241e-06
47,43,-6.518947851257295e-06
47,44,-7.651382069412858e-06
47,45,-8.892987164613373e-06
47,46,-1.0224897167046469e-05
47,47,-1.1454550244212376e-05
47,48,-1.2284256717513365e-05
47,49,-1.2584271542249649e-05
47,50,-1.229886462095838e-05
47,51,-1.1448725074349999e-05
47,52,-1.0098684252509016e-05
47,53,-8.343208663916413e-06
47,54,-6.294043449536913e-06
47,55,-4.067836508282523e-06
47,56,-1.7744499165073451e-06
47,57,4.939766868195505e-07
47,58,2.9048554430305967e-06
47,59,5.351337358724753e-06
47,60,7.573012695428084e-06
47,61,9.576656319861581e-06
47,62,1.138354641183756e-05
47,63,1.3045656116367013e-05
47,64,1.461275661175005e-05
47,65,1.6124486666977808e-05
47,66,1.760801793889112e-05
47,67,1.9080909584026622e-05
47,68,2.05709734270898e-05
47,69,2.2094833678515523e-05
47,70,2.3748638771858796e-05
47,71,2.5549542946788124e-05
47,72,2.7396712036167566e-05
47,73,2.9288956631214787e-05
47,74,3.1226030103098524e-05
47,75,3.3203290436198224e-05
47,76,3.5215558503618496e-05
47,77,3.7256267418487525e-05
47,78,3.932155475431483e-05
47,79,4.141751395692418e-05
47,80,4.362057944300709e-05
47,81,4.594750768335197e-05
47,82,4.841259441022391e-05
47,83,5.102106584421415e-05
47,84,5.367773158586582e-05
47,85,5.635593639671428e-05
47,86,5.903547585077338e-05
47,87,6.170650008319833e-05
47,88,6.438110699198488e-05
47,89,6.70668844286152e-05
47,90,6.97631929312374e-05
47,91,7.248894262817005e-05
47,92,7.54736837153482e-05
47,93,7.874275708574486e-05
47,94,8.205029145896506e-05
47,95,8.536376066878003e-05
47,96,8.862230118488123e-05
47,97,9.177188514250677e-05
47,98,9.481576233480647e-05
47,99,9.780779620607917e-05
47,100,0.00010078431575888423
47,101,0.0001037804318507028
47,102,0.00010697621642431853
47,103,0.00011038279527716357
47,104,0.00011375106978374003
47,105,0.00011701577385837218
47,106,0.0001201326974738441
47,107,0.00012308790712305692
47,108,0.00012594822346447045
47,109,0.0001287222496232663
47,110,0.0001315063031893351
47,111,0.00013430097483626324
47,112,0.00013707175582396256
47,113,0.00013981071929531898
47,114,0.00014242361753812022
47,115,0.00014489411804498466
47,116,0.00014719704307731974
47,117,0.00014931814387532754
47,118,0.00015126738019424324
47,119,0.00015308862766373848
47,120,0.00015474424127253397
47,121,0.0001562867942103229
47,122,0.00015759889077411753
47,123,0.0001586726052849764
47,124,0.00015945759116896112
47,125,0.00015992858858706612
47,126,0.0001601448260515029
47,127,0.0001601942043099798
48,0,9.67242270940284e-19
48,1,1.631946305040961e-18
48,2,1.9504160519516073e-18
48,3,9.003362405813202e-18
48,4,2.5881670404268234e-17
48,5,4.736060366916939e-18
48,6,3.152925658738776e-17
48,7,-2.542161975608842e-17
48,8,-3.354419733652423e-15
48,9,-1.792730603846151e-13
48,10,-7.103865446451168e-12
48,11,-1.6078248920897903e-10
48,12,-1.9854551872301375e-09
48,13,-1.6022353173092817e-08
48,14,-9.213631227405954e-08
48,15,-3.822343236608479e-07
48,16,-1.0797783971268831e-06
48,17,-2.1104598676252096e-06
48,18,-3.3353850073677726e-06
48,19,-4.806836718710819e-06
48,20,-7.1795350794448316e-06
48,21,-1.0280737703788686e-05
48,22,-1.716678387712813e-05
48,23,-2.1167126100444132e-05
48,24,-1.9657411015214063e-05
48,25,-1.8014110210754233e-05
48,26,-1.6810725287830174e-05
48,27,-1.5704423871953346e-05
48,28,-1.4506127183640716e-05
48,29,-1.3204047501549776e-05
48,30,-1.185483877247821e-05
48,31,-1.0513330491612832e-05
48,32,-9.218637955313903e-06
48,33,-8.004078334752474e-06
48,34,-6.553803326757179e-06
48,35,-5.026100630706203e-06
48,36,-3.686468397799629e-06
48,37,-2.5578803745538997e-06
48,38,-1.6813895691719418e-06
48,39,-1.0513088299850251e-06
48,40,-6.39136581187386e-07
48,41,-3.969420935909248e-07
48,42,-2.646499744599317e-07
48,43,-1.7814115109421531e-07
48,44,-7.638106053421625e-08
48,45,9.374257364933418e-08
48,46,4.251484616566064e-07
48,47,1.0090014735681687e-06
48,48,1.8784386767406244e-06
48,49,3.059801793629833e-06
48,50,4.528261148098007e-06
48,51,6.2538322165680535e-06
48,52,8.190989803412148e-06
48,53,1.0282235466125587e-05
48,54,1.246350884848018e-05
48,55,1.4671131609614771e-05
48,56,1.6850072749738243e-05
48,57,1.8967245784332177e-05
48,58,2.117874144474559e-05
48,59,2.3443409439431946e-05
48,60,2.5568674428531366e-05
48,61,2.7569574109989945e-05
48,62,2.946691424102463e-05
48,63,3.1299196486631415e-05
48,64,3.3098910652651615e-05
48,65,3.488863347476465e-05
48,66,3.668131635546906e-05
48,67,3.8484796650713604e-05
48,68,4.0320233478162476e-05
48,69,4.220654531207007e-05
48,70,4.423344524603888e-05
48,71,4.641540564255609e-05
48,72,4.861814340755801e-05
48,73,5.0822854968800254e-05
48,74,5.3023380402943185e-05
48,75,5.52148884073972e-05
48,76,5.7395340054804284e-05
48,77,5.956227615293565e-05
48,78,6.17175239649795e-05
48,79,6.387654837741385e-05
48,80,6.610851975167586e-05
48,81,6.844040996732727e-05
48,82,7.087214911584044e-05
48,83,7.3407849748425e-05
48,84,7.595676804717465e-05
48,85,7.849577256406986e-05
48,86,8.101397941251126e-05
48,87,8.350361382836353e-05
48,88,8.59732537380176e-05
48,89,8.842390854205781e-05
48,90,9.086175295155321e-05
48,91,9.333239169169575e-05
48,92,9.600898404576553e-05
48,93,9.89453257788612e-05
48,94,0.00010190153896201246
48,95,0.00010482766417953558
48,96,0.00010768372195531464
48,97,0.00011044126101576886
48,98,0.00011310479009093634
48,99,0.00011570174062111943
48,100,0.000118252499079305
48,101,0.00012081984429317998
48,102,0.00012352510476650394
48,103,0.00012642771039573803
48,104,0.00012928435105739156
48,105,0.00013202524878348039
48,106,0.00013463655067008016
48,107,0.00013711650303265132
48,108,0.00013951889844196393
48,109,0.00014183845274998673
48,110,0.0001441469175607378
48,111,0.00014647331697730762
48,112,0.00014876056161083193
48,113,0.00015102864721272804
48,114,0.0001531826205432716
48,115,0.0001552076501734214
48,116,0.00015709170896100483
48,117,0.00015884621168835728
48,118,0.00016047502668664658
48,119,0.00016202072969486995
48,120,0.00016341818799309063
48,121,0.00016476383381098497
48,122,0.00016592784416707054
48,123,0.00016692103612421372
48,124,0.00016771970741976156
48,125,0.00016831637846137818
48,126,0.0001687517340945335
48,127,0.0001689979752627102
49,0,4.83621135470142e-19
49,1,8.159731525204805e-19
49,2,1.9504160519516073e-18
49,3,-7.502802004844335e-19
49,4,2.5881670404268235e-18
49,5,7.10409055037541e-18
49,6,6.418455805289652e-17
49,7,5.656310395729673e-16
49,8,4.821978367125358e-15
49,9,-2.293548838049629e-13
49,10,-1.0483559664036465e-11
49,11,-1.942704811216221e-10
49,12,-1.8944361148856097e-09
49,13,-1.2267496517051567e-08
49,14,-5.8163080246109494e-08
49,15,-2.045048103405218e-07
49,16,-5.018345973955511e-07
49,17,-8.697351789362735e-07
49,18,-1.2387938413932887e-06
49,19,-1.6285445152280674e-06
49,20,-2.2267653854963568e-06
49,21,-2.923442949787175e-06
49,22,-4.363431036225775e-06
49,23,-4.666583510461755e-06
49,24,-3.6647996393570546e-06
49,25,-2.703286996813185e-06
49,26,-1.8431944012636592e-06
49,27,-9.963738692792656e-07
49,28,-1.3699809120945455e-07
49,29,7.259836574143549e-07
49,30,1.581398528160516e-06
49,31,2.4262714107422124e-06
49,32,3.265474473226012e-06
49,33,4.114167486352314e-06
49,34,5.087082516013537e-06
49,35,6.180266867511924e-06
49,36,7.269290129579961e-06
49,37,8.329306243123397e-06
49,38,9.345180127580333e-06
49,39,1.0326458009640394e-05
49,40,1.1293396146123602e-05
49,41,1.2272049321761155e-05
49,42,1.329079564476777e-05
49,43,1.4376943473697176e-05
49,44,1.5556515429117262e-05
49,45,1.6859144987851466e-05
49,46,1.8439691842163322e-05
49,47,2.0368119471655265e-05
49,48,2.253286184520745e-05
49,49,2.491000644479364e-05
49,50,2.7429202488389735e-05
49,51,3.0052816531680997e-05
49,52,3.2746247236596696e-05
49,53,3.547667150954554e-05
49,54,3.8214936801962233e-05
49,55,4.0938127104534275e-05
49,56,4.3633191638475034e-05
49,57,4.6314355145393126e-05
49,58,4.918071371395735e-05
49,59,5.224888663240651e-05
49,60,5.5284610641633587e-05
49,61,5.8267460778341355e-05
49,62,6.117798834954809e-05
49,63,6.40205310372529e-05
49,64,6.680049348737049e-05
49,65,6.95211741208325e-05
49,66,7.218332560455189e-05
49,67,7.479069171513048e-05
49,68,7.736759874052048e-05
49,69,7.995105712865547e-05
49,70,8.262728212598491e-05
49,71,8.541686564750803e-05
49,72,8.814772795828542e-05
49,73,9.078951753068606e-05
49,74,9.333685105260345e-05
49,75,9.578800558635322e-05
49,76,9.814810427537838e-05
49,77,0.00010042067894879747
49,78,0.00010261551345923922
49,79,0.00010476345788813938
49,80,0.00010691467220178826
49,81,0.0001091166564030474
49,82,0.00011134662886379288
49,83,0.00011361155717485174
49,84,0.00011583561423089823
49,85,0.00011799481264708462
49,86,0.00012008642677168416
49,87,0.00012210688242403212
49,88,0.00012406868841801714
49,89,0.00012597312763787716
49,90,0.00012783717055067656
49,91,0.00012973897681092643
49,92,0.00013172676189330786
49,93,0.00013390042437138976
49,94,0.00013607385274343368
49,95,0.00013818149719832263
49,96,0.00014020163852050574
49,97,0.00014212348916220206
49,98,0.00014395018956879586
49,99,0.00014569593664459375
49,100,0.00014737966227217075
49,101,0.00014909947234148117
49,102,0.0001508475650672163
49,103,0.00015274216630550207
49,104,0.00015460310082290302
49,105,0.00015635918540659986
49,106,0.00015801580231093685
49,107,0.00015958078510569035
49,108,0.0001611114041567798
49,109,0.00016259777706535304
49,110,0.00016406519933720188
49,111,0.00016557267660776182
49,112,0.00016703817322191725
49,113,0.00016850546126362395
49,114,0.00016988534216427742
49,115,0.0001711551255350335
49,116,0.0001723040246614859
49,117,0.00017334802441303483
49,118,0.00017427210359032084
49,119,0.00017512278783879528
49,120,0.00017579081544783466
49,121,0.00017642378634953747
49,122,0.00017691072453345335
49,123,0.00017728613361004108
49,124,0.00017753381587995388
49,125,0.0001776384705101841
49,126,0.00017765453786644175
49,127,0.00017762105294445265
50,0,0.0
50,1,0.0
50,2,0.0
50,3,2.2508406014533005e-18
50,4,2.3487615891873423e-16
50,5,7.787267258303176e-15
50,6,1.286024889067836e-13
50,7,1.2282301996201428e-12
50,8,1.64619972180793e-11
50,9,1.7220855799797493e-10
50,10,1.5011657321466504e-09
50,11,1.0282451726889904e-08
50,12,4.970309192934016e-08
50,13,1.9026721673026102e-07
50,14,6.021410055426435e-07
50,15,1.54652959306181e-06
50,16,2.9736378166958682e-06
50,17,4.272166098830803e-06
50,18,5.282958912711224e-06
50,19,6.267316280685801e-06
50,20,7.974651032868093e-06
50,21,1.0040243201120958e-05
50,22,1.4942015978669028e-05
50,23,1.689446753255419e-05
50,24,1.5041059523840333e-05
50,25,1.3688847529950794e-05
50,26,1.3059287023791648e-05
50,27,1.2785946535740736e-05
50,28,1.2657803053260716e-05
50,29,1.2610376938153524e-05
50,30,1.264650399489208e-05
50,31,1.278331353414416e-05
50,32,1.3039259215335836e-05
50,33,1.3447175516587182e-05
50,34,1.3936450754517877e-05
50,35,1.462587225125234e-05
50,36,1.5487869184450633e-05
50,37,1.6462451265532672e-05
50,38,1.752448501784302e-05
50,39,1.8662822811475446e-05
50,40,1.9875623152374616e-05
50,41,2.1164492556983406e-05
50,42,2.2533000242752385e-05
50,43,2.398530861367741e-05
50,44,2.552910006912781e-05
50,45,2.7185130703812616e-05
50,46,2.9100979294857025e-05
50,47,3.133505667796047e-05
50,48,3.3739122458317334e-05
50,49,3.627800356881176e-05
50,50,3.888424593133022e-05
50,51,4.153063503444913e-05
50,52,4.4198312926563804e-05
50,53,4.6871785675423936e-05
50,54,4.95396289602064e-05
50,55,5.2194694307598186e-05
50,56,5.4836742187061485e-05
50,57,5.7493423488307986e-05
50,58,6.0347448051780705e-05
50,59,6.342731156883908e-05
50,60,6.650040477351998e-05
50,61,6.952548604022992e-05
50,62,7.24671801362343e-05
50,63,7.531601417549298e-05
50,64,7.806775331965596e-05
50,65,8.07199669155444e-05
50,66,8.327055539358446e-05
50,67,8.572470681985863e-05
50,68,8.810473553812616e-05
50,69,9.045315728546354e-05
50,70,9.282592979643027e-05
50,71,9.523568575535856e-05
50,72,9.753994813772772e-05
50,73,9.970424071292193e-05
50,74,0.00010172386544417295
50,75,0.00010360108262608485
50,76,0.00010534486716129894
50,77,0.00010696152213135949
50,78,0.0001084633981120645
50,79,0.00010988341718193268
50,80,0.00011123955971593111
50,81,0.00011257563281677747
50,82,0.00011386459201163849
50,83,0.00011510589457206428
50,84,0.00011627152995105481
50,85,0.00011734197642128573
50,86,0.00011832079188486132
50,87,0.00011920916065338323
50,88,0.00012002131570418779
50,89,0.00012076003206803586
50,90,0.00012144630933372086
50,91,0.00012215904443842765
50,92,0.00012282540231970464
50,93,0.00012352497633556761
50,94,0.00012421702657521125
50,95,0.00012484145145543683
50,96,0.00012539604213896436
50,97,0.00012588485195111238
50,98,0.0001263115560716353
50,99,0.00012668551714146054
50,100,0.0001270232921984141
50,101,0.00012741664528536734
50,102,0.00012776562146103165
50,103,0.00012816168521580655
50,104,0.0001285802375880545
50,105,0.00012895716529513765
50,106,0.00012930239063385274
50,107,0.00012962206001839073
50,108,0.0001299558831476726
50,109,0.00013028670287676164
50,110,0.000130600352074596
50,111,0.00013092813334260098
50,112,0.0001312117965238971
50,113,0.00013146669793575127
50,114,0.00013164903175704687
50,115,0.00013173312458275124
50,116,0.00013171052530802025
50,117,0.00013159599663858715
50,118,0.0001313719100764637
50,119,0.00013107276623632803
50,120,0.00013061133111276645
50,121,0.00013010762151675749
50,122,0.00012955111624211532
50,123,0.00012899834129340352
50,124,0.000128473860053172
50,125,0.00012798915061315211
50,126,0.00012755513287431881
50,127,0.0001271723672243873
51,0,0.0
51,1,0.0
51,2,1.7066140454576564e-18
51,3,2.1209483417444329e-16
51,4,8.69013479922312e-15
51,5,1.604049625586207e-13
51,6,1.6650888952799496e-12
51,7,1.0896621405770716e-11
51,8,9.33520496736507e-11
51,9,6.708901726736447e-10
51,10,4.12728458318685e-09
51,11,2.121886384391211e-08
51,12,8.146405494072536e-08
51,13,2.586286287109091e-07
51,14,7.019824190317359e-07
51,15,1.5886748822997625e-06
51,16,2.7502278223421245e-06
51,17,3.618742216317464e-06
51,18,4.157772993641855e-06
51,19,4.63321211499468e-06
51,20,5.571775739749683e-06
51,21,6.664438437551296e-06
51,22,9.367104396771008e-06
51,23,9.975947704051732e-06
51,24,8.419024783198323e-06
51,25,7.295264237707634e-06
51,26,6.663685771164294e-06
51,27,6.2496616105752336e-06
51,28,5.9631411536530465e-06
51,29,5.704455028862599e-06
51,30,5.532367990733042e-06
51,31,5.424846156999068e-06
51,32,5.384737923618718e-06
51,33,5.4206924890266026e-06
51,34,5.478889512005438e-06
51,35,5.65965340279314e-06
51,36,5.834651370619855e-06
51,37,6.106232590786714e-06
51,38,6.421105306324015e-06
51,39,6.770908567223216e-06
51,40,7.182338464009688e-06
51,41,7.585915275834268e-06
51,42,8.001988035993225e-06
51,43,8.494569549135436e-06
51,44,9.030562586083767e-06
51,45,9.517920144435095e-06
51,46,1.0106067594665528e-05
51,47,1.0808114297017198e-05
51,48,1.1549213267924309e-05
51,49,1.233178952402687e-05
51,50,1.3132904501790443e-05
51,51,1.394311219690636e-05
51,52,1.4758490635403805e-05
51,53,1.557942488778963e-05
51,54,1.6444571422937743e-05
51,55,1.7245703833635974e-05
51,56,1.807206622415407e-05
51,57,1.8879690445077942e-05
51,58,1.9777278912529205e-05
51,59,2.075623589858477e-05
51,60,2.173433084800293e-05
51,61,2.2699592038482194e-05
51,62,2.3649386656343763e-05
51,63,2.4550718740623198e-05
51,64,2.5431953407180184e-05
51,65,2.6281706087797197e-05
51,66,2.7094173000815823e-05
51,67,2.7882773934573406e-05
51,68,2.8651796855537844e-05
51,69,2.9404254935153434e-05
51,70,3.0112061787784804e-05
51,71,3.091268981201942e-05
51,72,3.162987852907533e-05
51,73,3.2364880709222893e-05
51,74,3.3013173217530486e-05
51,75,3.368246956633894e-05
51,76,3.4242508423941486e-05
51,77,3.4792455436023186e-05
51,78,3.529051867791211e-05
51,79,3.5777608237649076e-05
51,80,3.6213805420853486e-05
51,81,3.663453850846087e-05
51,82,3.7011006641614466e-05
51,83,3.733275788420773e-05
51,84,3.766047530942882e-05
51,85,3.7995034564270525e-05
51,86,3.8263245717824705e-05
51,87,3.848107820836953e-05
51,88,3.865433499917609e-05
51,89,3.878349497978991e-05
51,90,3.887356173370234e-05
51,91,3.894368040331521e-05
51,92,3.898269272859907e-05
51,93,3.910702393146324e-05
51,94,3.917681589282921e-05
51,95,3.91943509846564e-05
51,96,3.9146420226587497e-05
51,97,3.910108192727898e-05
51,98,3.910911908744786e-05
51,99,3.9052914308468507e-05
51,100,3.8935611943602066e-05
51,101,3.8925239637243206e-05
51,102,3.886127062974656e-05
51,103,3.8789214620717646e-05
51,104,3.878989629036396e-05
51,105,3.879097104497206e-05
51,106,3.8826841056254966e-05
51,107,3.887555121701002e-05
51,108,3.888910744535011e-05
51,109,3.8878799884595553e-05
51,110,3.883135864692679e-05
51,111,3.8774072103697536e-05
51,112,3.8670579917572534e-05
51,113,3.85403562351051e-05
51,114,3.836842308756323e-05
51,115,3.815006745822481e-05
51,116,3.788658885530328e-05
51,117,3.7586604555408246e-05
51,118,3.724006569621609e-05
51,119,3.686457369598268e-05
51,120,3.641216228718437e-05
51,121,3.593349039131143e-05
51,122,3.542052650949239e-05
51,123,3.487871224968412e-05
51,124,3.430264638368229e-05
51,125,3.3671466123285725e-05
51,126,3.298680125357626e-05
51,127,3.1838811063193334e-05
52,0,0.0
52,1,0.0
52,2,0.0
52,3,0.0
52,4,0.0
52,5,0.0
52,6,0.0
52,7,0.0
52,8,0.0
52,9,0.0
52,10,0.0
52,11,0.0
52,12,0.0
52,13,0.0
52,14,0.0
52,15,0.0
52,16,0.0
52,17,0.0
52,18,0.0
52,19,0.0
52,20,0.0
52,21,0.0
52,22,0.0
52,23,0.0
52,24,0.0
52,25,0.0
52,26,0.0
52,27,0.0
52,28,0.0
52,29,0.0
52,30,0.0
52,31,0.0
52,32,0.0
52,33,0.0
52,34,0.0
52,35,0.0
52,36,0.0
52,37,0.0
52,38,0.0
52,39,0.0
52,40,0.0
52,41,0.0
52,42,0.0
52,43,0.0
52,44,0.0
52,45,0.0
52,46,0.0
52,47,0.0
52,48,0.0
52,49,0.0
52,50,0.0
52,51,0.0
52,52,0.0
52,53,0.0
52,54,0.0
52,55,0.0
52,56,0.0
52,57,0.0
52,58,0.0
52,59,0.0
52,60,0.0
52,61,0.0
52,62,0.0
52,63,0.0
52,64,0.0
52,65,0.0
52,66,0.0
52,67,0.0
52,68,0.0
52,69,0.0
52,70,0.0
52,71,0.0
52,72,0.0
52,73,0.0
52,74,0.0
52,75,0.0
52,76,0.0
52,77,0.0
52,78,0.0
52,79,0.0
52,80,0.0
52,81,0.0
52,82,0.0
52,83,0.0
52,84,0.0
52,85,0.0
52,86,0.0
52,87,0.0
52,88,0.0
52,89,0.0
52,90,0.0
52,91,0.0
52,92,0.0
52,93,0.0
52,94,0.0
52,95,0.0
52,96,0.0
52,97,0.0
52,98,0.0
52,99,0.0
52,100,0.0
52,101,0.0
52,102,0.0
52,103,0.0
52,104,0.0
52,105,0.0
52,106,0.0
52,107,0.0
52,108,0.0
52,109,0.0
52,110,0.0
52,111,0.0
52,112,0.0
52,113,0.0
52,114,0.0
52,115,0.0
52,116,0.0
52,117,0.0
52,118,0.0
52,119,0.0
52,120,0.0
52,121,0.0
52,122,0.0
52,123,0.0
52,124,0.0
52,125,0.0
52,126,0.0
52,127,0.0
53,0,0.0
53,1,0.0
53,2,0.0
53,3,0.0
53,4,0.0
53,5,0.0
53,6,0.0
53,7,0.0
53,8,0.0
53,9,0.0
53,10,0.0
53,11,0.0
53,12,0.0
53,13,0.0
53,14,0.0
53,15,0.0
53,16,0.0
53,17,0.0
53,18,0.0
53,19,0.0
53,20,0.0
53,21,0.0
53,22,0.0
53,23,0.0
53,24,0.0
53,25,0.0
53,26,0.0
53,27,0.0
53,28,0.0
53,29,0.0
53,30,0.0
53,31,0.0
53,32,0.0
53,33,0.0
53,34,0.0
53,35,0.0
53,36,0.0
53,37,0.0
53,38,0.0
53,39,0.0
53,40,0.0
53,41,0.0
53,42,0.0
53,43,0.0
53,44,0.0
53,45,0.0
53,46,0.0
53,47,0.0
53,48,0.0
53,49,0.0
53,50,0.0
53,51,0.0
53,52,0.0
53,53,0.0
53,54,0.0
53,55,0.0
53,56,0.0
53,57,0.0
53,58,0.0
53,59,0.0
53,60,0.0
53,61,0.0
53,62,0.0
53,63,0.0
53,64,0.0
53,65,0.0
53,66,0.0
53,67,0.0
53,68,0.0
53,69,0.0
53,70,0.0
53,71,0.0
53,72,0.0
53,73,0.0
53,74,0.0
53,75,0.0
53,76,0.0
53,77,0.0
53,78,0.0
53,79,0.0
53,80,0.0
53,81,0.0
53,82,0.0
53,83,0.0
53,84,0.0
53,85,0.0
53,86,0.0
53,87,0.0
53,88,0.0
53,89,0.0
53,90,0.0
53,91,0.0
53,92,0.0
53,93,0.0
53,94,0.0
53,95,0.0
53,96,0.0
53,97,0.0
53,98,0.0
53,99,0.0
53,100,0.0
53,101,0.0
53,102,0.0
53,103,0.0
53,104,0.0
53,105,0.0
53,106,0.0
53,107,0.0
53,108,0.0
53,109,0.0
53,110,0.0
53,111,0.0
53,112,0.0
53,113,0.0
53,114,0.0
53,115,0.0
53,116,0.0
53,117,0.0
53,118,0.0
53,119,0.0
53,120,-3.0014725591327877e-16
53,121,-5.981404588716167e-16
53,122,-2.981582197139777e-16
53,123,0.0
53,124,-2.9689752144010833e-16
53,125,0.0
53,126,-8.888431146597725e-16
53,127,-2.962213572964717e-16
54,0,0.0
54,1,0.0
54,2,0.0
54,3,0.0
54,4,0.0
54,5,0.0
54,6,0.0
54,7,0.0
54,8,0.0
54,9,0.0
54,10,0.0
54,11,0.0
54,12,0.0
54,13,0.0
54,14,0.0
54,15,0.0
54,16,0.0
54,17,0.0
54,18,0.0
54,19,0.0
54,20,0.0
54,21,0.0
54,22,0.0
54,23,0.0
54,24,0.0
54,25,0.0
54,26,0.0
54,27,0.0
54,28,0.0
54,29,0.0
54,30,0.0
54,31,0.0
54,32,0.0
54,33,0.0
54,34,0.0
54,35,0.0
54,36,0.0
54,37,0.0
54,38,0.0
54,39,0.0
54,40,0.0
54,41,0.0
54,42,0.0
54,43,0.0
54,44,0.0
54,45,0.0
54,46,0.0
54,47,0.0
54,48,0.0
54,49,0.0
54,50,0.0
54,51,0.0
54,52,0.0
54,53,0.0
54,54,0.0
54,55,0.0
54,56,0.0
54,57,0.0
54,58,0.0
54,59,0.0
54,60,0.0
54,61,0.0
54,62,0.0
54,63,0.0
54,64,0.0
54,65,0.0
54,66,0.0
54,67,0.0
54,68,0.0
54,69,0.0
54,70,0.0
54,71,0.0
54,72,0.0
54,73,0.0
54,74,0.0
54,75,0.0
54,76,0.0
54,77,0.0
54,78,0.0
54,79,0.0
54,80,0.0
54,81,0.0
54,82,0.0
54,83,0.0
54,84,0.0
54,85,0.0
54,86,0.0
54,87,0.0
54,88,0.0
54,89,0.0
54,90,0.0
54,91,0.0
54,92,0.0
54,93,0.0
54,94,0.0
54,95,0.0
54,96,0.0
54,97,0.0
54,98,0.0
54,99,0.0
54,100,0.0
54,101,0.0
54,102,0.0
54,103,-2.1710600803314956e-17
54,104,-4.285802966286698e-17
54,105,-2.1162052704388078e-17
54,106,-1.6728688416429673e-16
54,107,-3.9281776749709315e-16
54,108,-6.955496426204521e-16
54,109,-1.2558793556378839e-15
54,110,-2.4674762405698075e-15
54,111,-4.353353791070607e-15
54,112,-7.447937171484193e-15
54,113,-1.2583949337683873e-14
54,114,-2.0614050608985327e-14
54,115,-3.1156939132229974e-14
54,116,-4.5956388920246725e-14
54,117,-6.54028028919492e-14
54,118,-9.106899046189578e-14
54,119,-1.2009788098880894e-13
54,120,-1.536941542310933e-13
54,121,-1.9333021144091038e-13
54,122,-2.338119489219549e-13
54,123,-2.726079799701238e-13
54,124,-3.095156661013129e-13
54,125,-3.401998164462235e-13
54,126,-3.6464788778917173e-13
54,127,-3.7764520288333933e-13
55,0,0.0
55,1,0.0
55,2,0.0
55,3,0.0
55,4,0.0
55,5,0.0
55,6,0.0
55,7,0.0
55,8,0.0
55,9,0.0
55,10,0.0
55,11,0.0
55,12,0.0
55,13,0.0
55,14,0.0
55,15,0.0
55,16,0.0
55,17,0.0
55,18,0.0
55,19,0.0
55,20,0.0
55,21,0.0
55,22,0.0
55,23,0.0
55,24,0.0
55,25,0.0
55,26,0.0
55,27,0.0
55,28,0.0
55,29,0.0
55,30,0.0
55,31,0.0
55,32,0.0
55,33,0.0
55,34,0.0
55,35,0.0
55,36,0.0
55,37,0.0
55,38,0.0
55,39,0.0
55,40,0.0
55,41,0.0
55,42,0.0
55,43,0.0
55,44,0.0
55,45,0.0
55,46,0.0
55,47,0.0
55,48,0.0
55,49,0.0
55,50,0.0
55,51,0.0
55,52,0.0
55,53,0.0
55,54,0.0
55,55,0.0
55,56,0.0
55,57,0.0
55,58,0.0
55,59,0.0
55,60,0.0
55,61,0.0
55,62,0.0
55,63,0.0
55,64,0.0
55,65,0.0
55,66,0.0
55,67,0.0
55,68,0.0
55,69,0.0
55,70,0.0
55,71,0.0
55,72,0.0
55,73,0.0
55,74,0.0
55,75,0.0
55,76,0.0
55,77,0.0
55,78,0.0
55,79,0.0
55,80,0.0
55,81,0.0
55,82,0.0
55,83,0.0
55,84,0.0
55,85,0.0
55,86,0.0
55,87,0.0
55,88,0.0
55,89,0.0
55,90,0.0
55,91,0.0
55,92,-1.0040670591089902e-18
55,93,-2.562708877621068e-18
55,94,-3.874925784142441e-18
55,95,-1.5622899031216575e-17
55,96,-2.586971178902304e-17
55,97,-6.090214909870912e-17
55,98,-1.0252844244720085e-16
55,99,-1.76294798731962e-16
55,100,-2.85506664048286e-16
55,101,-4.950991317695337e-16
55,102,-9.634673556613034e-16
55,103,-1.882376935274917e-15
55,104,-3.1283013370325488e-15
55,105,-4.4503135523181124e-15
55,106,-5.300903141956153e-15
55,107,-4.2925678408728405e-15
55,108,1.4812394503231502e-15
55,109,1.6984755479070415e-14
55,110,5.1679710072117174e-14
55,111,1.2136837285841795e-13
55,112,2.506394643859822e-13
55,113,4.732500442544511e-13
55,114,8.222258541719237e-13
55,115,1.3365120952428045e-12
55,116,2.056919695260343e-12
55,117,3.019971570010323e-12
55,118,4.257085559284333e-12
55,119,5.769204430991261e-12
55,120,7.57721161327963e-12
55,121,9.646026597815333e-12
55,122,1.1826558758967863e-11
55,123,1.3994844161990442e-11
55,124,1.6010737550293422e-11
55,125,1.7741023066168624e-11
55,126,1.9057831047243682e-11
55,127,1.979223421850423e-11
56,0,0.0
56,1,0.0
56,2,0.0
56,3,0.0
56,4,0.0
56,5,0.0
56,6,0.0
56,7,0.0
56,8,0.0
56,9,0.0
56,10,0.0
56,11,0.0
56,12,0.0
56,13,0.0
56,14,0.0
56,15,0.0
56,16,0.0
56,17,0.0
56,18,0.0
56,19,0.0
56,20,0.0
56,21,0.0
56,22,0.0
56,23,0.0
56,24,0.0
56,25,0.0
56,26,0.0
56,27,0.0
56,28,0.0
56,29,0.0
56,30,0.0
56,31,0.0
56,32,0.0
56,33,0.0
56,34,0.0
56,35,0.0
56,36,0.0
56,37,0.0
56,38,0.0
56,39,0.0
56,40,0.0
56,41,0.0
56,42,0.0
56,43,0.0
56,44,0.0
56,45,0.0
56,46,0.0
56,47,0.0
56,48,0.0
56,49,0.0
56,50,0.0
56,51,0.0
56,52,0.0
56,53,0.0
56,54,0.0
56,55,0.0
56,56,0.0
56,57,0.0
56,58,0.0
56,59,0.0
56,60,0.0
56,61,0.0
56,62,0.0
56,63,0.0
56,64,0.0
56,65,0.0
56,66,0.0
56,67,0.0
56,68,0.0
56,69,0.0
56,70,0.0
56,71,0.0
56,72,0.0
56,73,0.0
56,74,0.0
56,75,0.0
56,76,0.0
56,77,0.0
56,78,0.0
56,79,0.0
56,80,-4.90094233086866e-21
56,81,-9.606340045918692e-22
56,82,-3.764645788326115e-20
56,83,-6.176155875252394e-20
56,84,-2.0964335020585038e-19
56,85,-4.857056436719045e-19
56,86,-1.000286590114731e-18
56,87,-1.989868808221966e-18
56,88,-3.5134989489691014e-18
56,89,-5.245504399853859e-18
56,90,-7.006655577164452e-18
56,91,-8.436001861842831e-18
56,92,-8.220799046454856e-18
56,93,9.671761869867974e-19
56,94,4.059590216042978e-17
56,95,1.5127241125595851e-16
56,96,3.98628474468242e-16
56,97,8.857225619584802e-16
56,98,1.7815225815293766e-15
56,99,3.419219369340732e-15
56,100,6.503414695410837e-15
56,101,1.2339676393915821e-14
56,102,2.4628354701511187e-14
56,103,4.965865827751023e-14
56,104,9.385573667811127e-14
56,105,1.6716352334897055e-13
56,106,2.8440549466839476e-13
56,107,4.657188425811116e-13
56,108,7.363731334825712e-13
56,109,1.1268405855267508e-12
56,110,1.6940295410043167e-12
56,111,2.4948890312805267e-12
56,112,3.5923849277293633e-12
56,113,5.043380184796415e-12
56,114,6.827792449358021e-12
56,115,8.939152442599644e-12
56,116,1.1383865767377025e-11
56,117,1.4163207903030817e-11
56,118,1.7229971894164795e-11
56,119,2.0432602669673576e-11
56,120,2.3705227782694454e-11
56,121,2.6989322160734365e-11
56,122,3.0067485306610955e-11
56,123,3.2855304010874117e-11
56,124,3.525548676746188e-11
56,125,3.7226413524384016e-11
56,126,3.879090489923631e-11
56,127,3.973541727388036e-11
57,0,0.0
57,1,0.0
57,2,0.0
57,3,0.0
57,4,0.0
57,5,0.0
57,6,0.0
57,7,0.0
57,8,0.0
57,9,0.0
57,10,0.0
57,11,0.0
57,12,0.0
57,13,0.0
57,14,0.0
57,15,0.0
57,16,0.0
57,17,0.0
57,18,0.0
57,19,0.0
57,20,0.0
57,21,0.0
57,22,0.0
57,23,0.0
57,24,0.0
57,25,0.0
57,26,0.0
57,27,0.0
57,28,0.0
57,29,0.0
57,30,0.0
57,31,0.0
57,32,0.0
57,33,0.0
57,34,0.0
57,35,0.0
57,36,0.0
57,37,0.0
57,38,0.0
57,39,0.0
57,40,0.0
57,41,0.0
57,42,0.0
57,43,0.0
57,44,0.0
57,45,0.0
57,46,0.0
57,47,0.0
57,48,0.0
57,49,0.0
57,50,0.0
57,51,0.0
57,52,0.0
57,53,0.0
57,54,0.0
57,55,0.0
57,56,0.0
57,57,0.0
57,58,0.0
57,59,0.0
57,60,0.0
57,61,0.0
57,62,0.0
57,63,0.0
57,64,0.0
57,65,0.0
57,66,0.0
57,67,0.0
57,68,0.0
57,69,0.0
57,70,0.0
57,71,-2.325707271169565e-24
57,72,-9.082847288490515e-24
57,73,-3.660629289103189e-23
57,74,-1.5182262226415335e-22
57,75,-3.6489963943521704e-22
57,76,-1.0257087345647802e-21
57,77,-2.3198966744790432e-21
57,78,-4.498153285144119e-21
57,79,-7.360292683425275e-21
57,80,-8.632167566362027e-21
57,81,2.427852347542732e-21
57,82,6.22416535120714e-20
57,83,2.751795756428773e-19
57,84,8.695723215788531e-19
57,85,2.2919096572616857e-18
57,86,5.312350835384181e-18
57,87,1.1173543037455671e-17
57,88,2.1906056139146002e-17
57,89,4.1006288247090717e-17
57,90,7.447337029128545e-17
57,91,1.3191304113384553e-16
57,92,2.4192943085515857e-16
57,93,4.465698532738627e-16
57,94,7.77129539432995e-16
57,95,1.2736121873288379e-15
57,96,1.975300903780517e-15
57,97,2.9062097629681116e-15
57,98,4.041868246432476e-15
57,99,5.335142307107858e-15
57,100,6.8793503404254074e-15
57,101,9.050687802812315e-15
57,102,1.2608640904681239e-14
57,103,1.738226936371232e-14
57,104,2.089917769032993e-14
57,105,1.9982723767226173e-14
57,106,1.0943814984542961e-14
57,107,-1.1614700330218797e-14
57,108,-5.580947236653719e-14
57,109,-1.3206996778576395e-13
57,110,-2.59022408217029e-13
57,111,-4.592388206042722e-13
57,112,-7.616218569760108e-13
57,113,-1.197245212951945e-12
57,114,-1.7811093027070775e-12
57,115,-2.531830252070335e-12
57,116,-3.4592032598808573e-12
57,117,-4.561141820604729e-12
57,118,-5.837162131127198e-12
57,119,-7.266526060896201e-12
57,120,-8.846399465291142e-12
57,121,-1.0527186274304701e-11
57,122,-1.2183000000463409e-11
57,123,-1.3742952894658813e-11
57,124,-1.5137661376351872e-11
57,125,-1.6298835545452862e-11
57,126,-1.7147376731695478e-11
57,127,-1.7599928608903097e-11
58,0,0.0
58,1,0.0
58,2,0.0
58,3,0.0
58,4,0.0
58,5,0.0
58,6,0.0
58,7,0.0
58,8,0.0
58,9,0.0
58,10,0.0
58,11,0.0
58,12,0.0
58,13,0.0
58,14,0.0
58,15,0.0
58,16,0.0
58,17,0.0
58,18,0.0
58,19,0.0
58,20,0.0
58,21,0.0
58,22,0.0
58,23,0.0
58,24,0.0
58,25,0.0
58,26,0.0
58,27,0.0
58,28,0.0
58,29,0.0
58,30,0.0
58,31,0.0
58,32,0.0
58,33,0.0
58,34,0.0
58,35,0.0
58,36,0.0
58,37,0.0
58,38,0.0
58,39,0.0
58,40,0.0
58,41,0.0
58,42,0.0
58,43,0.0
58,44,0.0
58,45,0.0
58,46,0.0
58,47,0.0
58,48,0.0
58,49,0.0
58,50,0.0
58,51,0.0
58,52,0.0
58,53,0.0
58,54,0.0
58,55,0.0
58,56,0.0
58,57,0.0
58,58,0.0
58,59,0.0
58,60,0.0
58,61,0.0
58,62,-8.802060817890341e-29
58,63,-1.716222406882546e-28
58,64,-6.696317779680086e-28
58,65,-2.940984830053452e-27
58,66,-8.935086597711375e-27
58,67,-3.523681133114983e-26
58,68,-9.448430143133914e-26
58,69,-1.8574463626734186e-25
58,70,-9.19939478367254e-26
58,71,1.891340556705523e-24
58,72,1.3385336168249727e-23
58,73,6.152992226160528e-23
58,74,2.3002938215290935e-22
58,75,7.479957810345393e-22
58,76,2.1849040152380098e-21
58,77,5.835052887360013e-21
58,78,1.440614444551262e-20
58,79,3.3140398662885615e-20
58,80,7.390931531662552e-20
58,81,1.5820683854870028e-19
58,82,3.2679665434007377e-19
58,83,6.443494121639043e-19
58,84,1.1813128392622956e-18
58,85,2.011828657557534e-18
58,86,3.1688753744310645e-18
58,87,4.577322583199395e-18
58,88,5.993658050514446e-18
58,89,7.00552622735776e-18
58,90,7.084030491582241e-18
58,91,5.5291624784491725e-18
58,92,1.0907522943409964e-19
58,93,-1.4318528038184974e-17
58,94,-4.550290695975666e-17
58,95,-1.045414018083342e-16
58,96,-2.0477396862777322e-16
58,97,-3.63838714851998e-16
58,98,-6.087837996819695e-16
58,99,-9.81602972964651e-16
58,100,-1.5397405571364027e-15
58,101,-2.3541133027721275e-15
58,102,-3.663910215995365e-15
58,103,-5.74493335593074e-15
58,104,-8.711518356487751e-15
58,105,-1.2771978192110455e-14
58,106,-1.816578223598824e-14
58,107,-2.5177218093086573e-14
58,108,-3.412117235767526e-14
58,109,-4.528347100014724e-14
58,110,-5.945621104420674e-14
58,111,-7.71080932095605e-14
58,112,-9.860684266591555e-14
58,113,-1.2414232690616852e-13
58,114,-1.5281224958054644e-13
58,115,-1.8437691034270002e-13
58,116,-2.1868589457729883e-13
58,117,-2.5537000918669545e-13
58,118,-2.937756884378247e-13
58,119,-3.3252249518430297e-13
58,120,-3.710296140145404e-13
58,121,-4.0858618519768574e-13
58,122,-4.4298544189057796e-13
58,123,-4.737225707601277e-13
58,124,-5.001820487859321e-13
58,125,-5.218545555909899e-13
58,126,-5.380581494634603e-13
58,127,-5.470200559022504e-13
59,0,0.0
59,1,0.0
59,2,0.0
59,3,0.0
59,4,0.0
59,5,0.0
59,6,0.0
59,7,0.0
59,8,0.0
59,9,0.0
59,10,0.0
59,11,0.0
59,12,0.0
59,13,0.0
59,14,0.0
59,15,0.0
59,16,0.0
59,17,0.0
59,18,0.0
59,19,0.0
59,20,0.0
59,21,0.0
59,22,0.0
59,23,0.0
59,24,0.0
59,25,0.0
59,26,0.0
59,27,0.0
59,28,0.0
59,29,0.0
59,30,0.0
59,31,0.0
59,32,0.0
59,33,0.0
59,34,0.0
59,35,0.0
59,36,0.0
59,37,0.0
59,38,0.0
59,39,0.0
59,40,0.0
59,41,0.0
59,42,0.0
59,43,0.0
59,44,0.0
59,45,0.0
59,46,0.0
59,47,0.0
59,48,0.0
59,49,0.0
59,50,0.0
59,51,0.0
59,52,0.0
59,53,0.0
59,54,0.0
59,55,0.0
59,56,-1.5719850635687684e-33
59,57,3.840594923653661e-33
59,58,7.482669552652684e-34
59,59,8.001304198340792e-32
59,60,5.351579454996153e-31
59,61,5.111390389938211e-30
59,62,3.406876750283911e-29
59,63,1.943005946366232e-28
59,64,9.499307548525818e-28
59,65,4.063759081511711e-27
59,66,1.5425680498673825e-26
59,67,5.258192783165112e-26
59,68,1.6542413378345013e-25
59,69,4.8038450835950585e-25
59,70,1.3968613122800757e-24
59,71,3.9057373350332706e-24
59,72,9.827915198648981e-24
59,73,2.229266342553178e-23
59,74,4.5568846885824163e-23
59,75,8.351488102086415e-23
59,76,1.3518316321178259e-22
59,77,1.8556136454968237e-22
59,78,1.8877357892844478e-22
59,79,4.007108089848417e-23
59,80,-5.094547034210902e-22
59,81,-1.965224425410232e-21
59,82,-5.375240787858464e-21
59,83,-1.2576802471106834e-20
59,84,-2.6048640301109452e-20
59,85,-4.938893549227418e-20
59,86,-8.753303249346725e-20
59,87,-1.4725955738621154e-19
59,88,-2.3785708611999784e-19
59,89,-3.715376039585911e-19
59,90,-5.634687387956837e-19
59,91,-8.320360527121645e-19
59,92,-1.2502003793241868e-18
59,93,-1.890550460462576e-18
59,94,-2.7700561422104852e-18
59,95,-3.934002179410344e-18
59,96,-5.4169731893832525e-18
59,97,-7.247954308451071e-18
59,98,-9.459177369555735e-18
59,99,-1.2113729416310678e-17
59,100,-1.5325888354311085e-17
59,101,-1.9249935214950737e-17
59,102,-2.4538580815578965e-17
59,103,-3.145804787113683e-17
59,104,-3.940681316221216e-17
59,105,-4.823020982095057e-17
59,106,-5.796573005819498e-17
59,107,-6.869810254199561e-17
59,108,-8.041226766944993e-17
59,109,-9.292196641039618e-17
59,110,-1.0640038564672721e-16
59,111,-1.2057264974551818e-16
59,112,-1.3497163960628266e-16
59,113,-1.4920385455746304e-16
59,114,-1.6244904824232371e-16
59,115,-1.7479400567125476e-16
59,116,-1.8683557838370595e-16
59,117,-1.9894266759229638e-16
59,118,-2.1043156653248272e-16
59,119,-2.1997181831802196e-16
59,120,-2.269414827328893e-16
59,121,-2.3212976187617726e-16
59,122,-2.362447247165414e-16
59,123,-2.400294576319797e-16
59,124,-2.4364842164653273e-16
59,125,-2.4737925242481054e-16
59,126,-2.5147972169404704e-16
59,127,-2.545201217423861e-16
60,0,0.0
60,1,0.0
60,2,0.0
60,3,0.0
60,4,0.0
60,5,0.0
60,6,0.0
60,7,0.0
60,8,0.0
60,9,0.0
60,10,0.0
60,11,0.0
60,12,0.0
60,13,0.0
60,14,0.0
60,15,0.0
60,16,0.0
60,17,0.0
60,18,0.0
60,19,0.0
60,20,0.0
60,21,0.0
60,22,0.0
60,23,0.0
60,24,0.0
60,25,0.0
60,26,0.0
60,27,0.0
60,28,0.0
60,29,0.0
60,30,0.0
60,31,0.0
60,32,0.0
60,33,0.0
60,34,0.0
60,35,0.0
60,36,0.0
60,37,0.0
60,38,0.0
60,39,0.0
60,40,0.0
60,41,0.0
60,42,0.0
60,43,0.0
60,44,0.0
60,45,0.0
60,46,0.0
60,47,0.0
60,48,1.7440533956739283e-40
60,49,3.9489757728158166e-40
60,50,6.029202650784574e-39
60,51,4.924998006592919e-38
60,52,4.253504131548375e-37
60,53,3.1732242513577354e-36
60,54,2.0194529086734925e-35
60,55,1.1268168102267198e-34
60,56,5.550556544074585e-34
60,57,2.4277071163176307e-33
60,58,1.1306907868441019e-32
60,59,5.062579452802283e-32
60,60,1.9669969925946325e-31
60,61,6.578409764747895e-31
60,62,1.8587505621533607e-30
60,63,4.288702586786498e-30
60,64,7.16068172675455e-30
60,65,3.2306808005862314e-30
60,66,-3.6416063325163846e-29
60,67,-2.00110804547653e-28
60,68,-7.317302799724671e-28
60,69,-2.2212386721706256e-27
60,70,-6.473557253743863e-27
60,71,-1.7822139704902586e-26
60,72,-4.43390893311186e-26
60,73,-1.0140478929148249e-25
60,74,-2.1590998889890457e-25
60,75,-4.321074365216229e-25
60,76,-8.189173773581105e-25
60,77,-1.478191838330207e-24
60,78,-2.5533521504820494e-24
60,79,-4.2384931080509236e-24
60,80,-6.924644533167904e-24
60,81,-1.1092320602378458e-23
60,82,-1.747985481488293e-23
60,83,-2.6962419723628237e-23
60,84,-4.0030040194015226e-23
60,85,-5.725697213040432e-23
60,86,-7.904329657505857e-23
60,87,-1.0566267121200125e-22
60,88,-1.3748038871298034e-22
60,89,-1.7514426623586518e-22
60,90,-2.195744003045742e-22
60,91,-2.7173454430456285e-22
60,92,-3.390662337380056e-22
60,93,-4.228793454849624e-22
60,94,-5.140294135248255e-22
60,95,-6.08745307215596e-22
60,96,-7.028389492973582e-22
60,97,-7.896674449903825e-22
60,98,-8.588984233674643e-22
60,99,-9.022882185556507e-22
60,100,-9.216069299988994e-22
60,101,-9.276501369967659e-22
60,102,-9.200140828566198e-22
60,103,-8.712042545327462e-22
60,104,-7.383286869944614e-22
60,105,-5.114347223125778e-22
60,106,-2.238128960099835e-22
60,107,9.074764227009971e-23
60,108,4.236484226058676e-22
60,109,7.791981173117524e-22
60,110,1.1754732042169206e-21
60,111,1.6088380243996672e-21
60,112,2.0587482210971255e-21
60,113,2.5052394956871235e-21
60,114,2.93837984240022e-21
60,115,3.3505707666201853e-21
60,116,3.6679658511602175e-21
60,117,3.814658226752031e-21
60,118,3.832082827730239e-21
60,119,3.842376393608671e-21
60,120,3.866960492870088e-21
60,121,3.839451392465761e-21
60,122,3.7329270707681795e-21
60,123,3.589400306257985e-21
60,124,3.4893798079996535e-21
60,125,3.420527743180075e-21
60,126,3.2587622408651732e-21
60,127,3.0643393201038554e-21
61,0,0.0
61,1,0.0
61,2,0.0
61,3,0.0
61,4,0.0
61,5,0.0
61,6,0.0
61,7,0.0
61,8,0.0
61,9,0.0
61,10,0.0
61,11,0.0
61,12,0.0
61,13,0.0
61,14,0.0
61,15,0.0
61,16,0.0
61,17,0.0
61,18,0.0
61,19,0.0
61,20,0.0
61,21,0.0
61,22,0.0
61,23,0.0
61,24,0.0
61,25,0.0
61,26,0.0
61,27,0.0
61,28,0.0
61,29,0.0
61,30,0.0
61,31,0.0
61,32,0.0
61,33,0.0
61,34,0.0
61,35,0.0
61,36,0.0
61,37,0.0
61,38,0.0
61,39,0.0
61,40,0.0
61,41,-6.644137495390639e-49
61,42,-9.795333691119464e-48
61,43,-1.1817256306291394e-46
61,44,-1.0935407352804487e-45
61,45,-9.156266329607824e-45
61,46,-9.192117290921014e-44
61,47,-9.04157835651771e-43
61,48,-7.975714662598429e-42
61,49,-6.168162974406886e-41
61,50,-4.120504381711199e-40
61,51,-2.4100466815726543e-39
61,52,-1.2482203584646253e-38
61,53,-5.780701644897876e-38
61,54,-2.41481395214881e-37
61,55,-9.172251375817393e-37
61,56,-3.191605784056289e-36
61,57,-1.0251835393189079e-35
61,58,-3.515544228163898e-35
61,59,-1.2048877391535523e-34
61,60,-3.806009032759434e-34
61,61,-1.1095866520233503e-33
61,62,-2.9831519361741654e-33
61,63,-7.446673755057762e-33
61,64,-1.7367438455748967e-32
61,65,-3.806065882325836e-32
61,66,-7.878438229747035e-32
61,67,-1.5476936777985461e-31
61,68,-2.9237928163947905e-31
61,69,-5.314808698460662e-31
61,70,-9.702131094382747e-31
61,71,-1.7500596640415987e-30
61,72,-3.0003366774728795e-30
61,73,-4.904222229447805e-30
61,74,-7.671820182648798e-30
61,75,-1.1531771319408979e-29
61,76,-1.6722092879120778e-29
61,77,-2.347599043891623e-29
61,78,-3.200145881363453e-29
61,79,-4.246279699412688e-29
61,80,-5.552055015546697e-29
61,81,-7.144055967392364e-29
61,82,-9.056839982062903e-29
61,83,-1.1298044162797451e-28
61,84,-1.3711664311550437e-28
61,85,-1.6035161150754644e-28
61,86,-1.774534393545419e-28
61,87,-1.815461617356708e-28
61,88,-1.6789895100294668e-28
61,89,-1.3845516084093931e-28
61,90,-1.0291494594595636e-28
61,91,-7.396547150154602e-29
61,92,-5.913783397619778e-29
61,93,-6.399941404216529e-29
61,94,-9.709008212199038e-29
61,95,-2.0406803580106044e-28
61,96,-4.7333227888354805e-28
61,97,-9.804070599185376e-28
61,98,-1.743356063618749e-27
61,99,-2.7849303516279505e-27
61,100,-4.258520786494616e-27
61,101,-6.461525913861608e-27
61,102,-1.0102172753680622e-26
61,103,-1.5588183295794396e-26
61,104,-2.258007408575093e-26
61,105,-3.1299206235140966e-26
61,106,-4.226284997399784e-26
61,107,-5.580206236526197e-26
61,108,-7.196325203234563e-26
61,109,-9.072342959919755e-26
61,110,-1.1296363529658646e-25
61,111,-1.3902658303591254e-25
61,112,-1.6933783604097144e-25
61,113,-2.0421586839003755e-25
61,114,-2.4177967488258404e-25
61,115,-2.807247250776121e-25
61,116,-3.2046131239766465e-25
61,117,-3.610130287047267e-25
61,118,-4.0188623992510097e-25
61,119,-4.413896602144191e-25
61,120,-4.792708972587884e-25
61,121,-5.155174939126482e-25
61,122,-5.470027888498735e-25
61,123,-5.723357444401021e-25
61,124,-5.897601225983619e-25
61,125,-5.991119836770879e-25
61,126,-6.034553440014369e-25
61,127,-6.051884494152194e-25
62,0,0.0
62,1,0.0
62,2,0.0
62,3,0.0
62,4,0.0
62,5,0.0
62,6,0.0
62,7,0.0
62,8,0.0
62,9,0.0
62,10,0.0
62,11,0.0
62,12,0.0
62,13,0.0
62,14,0.0
62,15,0.0
62,16,0.0
62,17,0.0
62,18,0.0
62,19,0.0
62,20,0.0
62,21,0.0
62,22,0.0
62,23,0.0
62,24,0.0
62,25,0.0
62,26,0.0
62,27,0.0
62,28,0.0
62,29,0.0
62,30,0.0
62,31,0.0
62,32,0.0
62,33,1.4348524300077374e-61
62,34,7.629445494302082e-60
62,35,1.796594572268419e-58
62,36,-1.7123783258773265e-57
62,37,-2.683955564026043e-55
62,38,-8.902464619330584e-54
62,39,-1.7144408636332547e-52
62,40,-2.2807605585744472e-51
62,41,-2.2766829670871916e-50
62,42,-1.7982938451415655e-49
62,43,-1.1680936996358207e-48
62,44,-6.427907266135357e-48
62,45,-3.071126541201842e-47
62,46,-1.6157346973785215e-46
62,47,-8.295481786687411e-46
62,48,-3.8305420096471665e-45
62,49,-1.581363358238578e-44
62,50,-5.784812027966618e-44
62,51,-1.9012672382829743e-43
62,52,-5.6803747206367364e-43
62,53,-1.5581729396673212e-42
62,54,-3.958265731349954e-42
62,55,-9.383523119644195e-42
62,56,-2.0904861093793656e-41
62,57,-4.4080321804121544e-41
62,58,-9.6149271300073e-41
62,59,-2.1086662235936426e-40
62,60,-4.40932774044784e-40
62,61,-8.83671180462717e-40
62,62,-1.7014394650984456e-39
62,63,-3.16856091610777e-39
62,64,-5.737438932080597e-39
62,65,-1.0141791703698643e-38
62,66,-1.7552740526594551e-38
62,67,-2.9810456749129646e-38
62,68,-5.012882311463326e-38
62,69,-8.338236119827782e-38
62,70,-1.4226231282895664e-37
62,71,-2.4557042172845086e-37
62,72,-4.128668771342229e-37
62,73,-6.766617873347649e-37
62,74,-1.0852752260502896e-36
62,75,-1.712647919729928e-36
62,76,-2.6716961001279594e-36
62,77,-4.127355996474333e-36
62,78,-6.305548837217629e-36
62,79,-9.501898102987371e-36
62,80,-1.4349960257873838e-35
62,81,-2.1660847168395602e-35
62,82,-3.291368965398761e-35
62,83,-5.031175477769329e-35
62,84,-7.585485353203831e-35
62,85,-1.1158388847106052e-34
62,86,-1.5824855781168837e-34
62,87,-2.1515162519092838e-34
62,88,-2.81726048717933e-34
62,89,-3.5982274325332614e-34
62,90,-4.541428631312831e-34
62,91,-5.691980724424874e-34
62,92,-7.192588277437361e-34
62,93,-8.89644476432986e-34
62,94,-1.0276216032961479e-33
62,95,-1.0940283099350306e-33
62,96,-1.0457429969546559e-33
62,97,-7.927558236005707e-34
62,98,-1.5527812099057523e-34
62,99,1.1063493830930827e-33
62,100,3.206579919770277e-33
62,101,6.310722838606654e-33
62,102,1.1244276049132721e-32
62,103,1.9019379018277353e-32
62,104,3.0148500118464996e-32
62,105,4.540998778228234e-32
62,106,6.55124258591179e-32
62,107,9.129589363225326e-32
62,108,1.2369026364030329e-31
62,109,1.634243699288836e-31
62,110,2.1306774522945863e-31
62,111,2.7377897455556117e-31
62,112,3.459660531445873e-31
62,113,4.2895100625097765e-31
62,114,5.18257876348246e-31
62,115,6.115412843711147e-31
62,116,7.056251452065323e-31
62,117,7.965132382905233e-31
62,118,8.812780091851349e-31
62,119,9.570137063770487e-31
62,120,1.0204308836455058e-30
62,121,1.0670687329616912e-30
62,122,1.0914258458933767e-30
62,123,1.0945384146194002e-30
62,124,1.0813659800312842e-30
62,125,1.0595085800606763e-30
62,126,1.036594824629076e-30
62,127,1.0211187544273733e-30
63,0,0.0
63,1,0.0
63,2,0.0
63,3,0.0
63,4,0.0
63,5,0.0
63,6,0.0
63,7,0.0
63,8,0.0
63,9,0.0
63,10,0.0
63,11,0.0
63,12,0.0
63,13,0.0
63,14,0.0
63,15,0.0
63,16,0.0
63,17,0.0
63,18,0.0
63,19,0.0
63,20,0.0
63,21,0.0
63,22,0.0
63,23,0.0
63,24,0.0
63,25,0.0
63,26,1.3738790417707953e-73
63,27,1.059692333530225e-70
63,28,2.5290289233659546e-68
63,29,2.5650259879018594e-66
63,30,1.3738532642848524e-64
63,31,4.5108513969989055e-63
63,32,1.0023623670069681e-61
63,33,1.6134150781136519e-60
63,34,3.6696249942802144e-59
63,35,7.056357554898571e-58
63,36,9.867457474597797e-57
63,37,1.0196190124047999e-55
63,38,8.036438251593946e-55
63,39,5.0638722824267593e-54
63,40,2.648867687572198e-53
63,41,1.1853166621022446e-52
63,42,4.647746154481573e-52
63,43,1.628170940315526e-51
63,44,5.1776522720349415e-51
63,45,1.5156151755945007e-50
63,46,4.769501865049373e-50
63,47,1.5133497492595468e-49
63,48,4.525418970452851e-49
63,49,1.2711296116537991e-48
63,50,3.32223331907359e-48
63,51,8.147858949224865e-48
63,52,1.8887877694115687e-47
63,53,4.164124755563839e-47
63,54,8.777131443907827e-47
63,55,1.7768330008989853e-46
63,56,3.4686379353998477e-46
63,57,6.5564021698768956e-46
63,58,1.294592090414126e-45
63,59,2.608825311046809e-45
63,60,5.102727387998273e-45
63,61,9.690161576700232e-45
63,62,1.7828419026448632e-44
63,63,3.1865518985054986e-44
63,64,5.546550332577477e-44
63,65,9.422608637707812e-44
63,66,1.565342423929958e-43
63,67,2.5474592440113154e-43
63,68,4.095453599575168e-43
63,69,6.50417480760488e-43
63,70,1.056085183246704e-42
63,71,1.7362738911720825e-42
63,72,2.7977003196265413e-42
63,73,4.422053578031454e-42
63,74,6.864027789214968e-42
63,75,1.0474796082274334e-41
63,76,1.5732096557760447e-41
63,77,2.3276762307358226e-41
63,78,3.396010159744845e-41
63,79,4.891206672868717e-41
63,80,7.07036925674876e-41
63,81,1.0232210516758025e-40
63,82,1.4868840328159719e-40
63,83,2.1624465338821523e-40
63,84,3.102840879413761e-40
63,85,4.395226287566634e-40
63,86,6.15131089435967e-40
63,87,8.511929769831328e-40
63,88,1.165366142480829e-39
63,89,1.579344088169106e-39
63,90,2.1196269036881544e-39
63,91,2.819950040630524e-39
63,92,3.847449514837798e-39
63,93,5.352962856150016e-39
63,94,7.368927523104088e-39
63,95,1.0034905902544183e-38
63,96,1.350680409836657e-38
63,97,1.7977067568184838e-38
63,98,2.3675301400803417e-38
63,99,3.086896113377934e-38
63,100,3.9852068687042277e-38
63,101,5.098648811204558e-38
63,102,6.635234937790669e-38
63,103,8.741655932670836e-38
63,104,1.1352422032168501e-37
63,105,1.4515938351168982e-37
63,106,1.8267315860421464e-37
63,107,2.26203485546984e-37
63,108,2.7570977917265356e-37
63,109,3.308023107872841e-37
63,110,3.931718337387223e-37
63,111,4.623781184558369e-37
63,112,5.368733998248325e-37
63,113,6.147143129291065e-37
63,114,6.901981936794185e-37
63,115,7.601416582864345e-37
63,116,8.215624929590993e-37
63,117,8.719585277515935e-37
63,118,9.094487537854422e-37
63,119,9.326545465496624e-37
63,120,9.395762411855734e-37
63,121,9.30449159922641e-37
63,122,9.060133499428423e-37
63,123,8.700570390697338e-37
63,124,8.275376329654818e-37
63,125,7.845640665805513e-37
63,126,7.483240229336183e-37
63,127,7.265534566780667e-37
64,0,0.0
64,1,0.0
64,2,0.0
64,3,0.0
64,4,0.0
64,5,0.0
64,6,0.0
64,7,0.0
64,8,0.0
64,9,0.0
64,10,0.0
64,11,0.0
64,12,0.0
64,13,0.0
64,14,0.0
64,15,0.0
64,16,0.0
64,17,0.0
64,18,0.0
64,19,0.0
64,20,0.0
64,21,0.0
64,22,0.0
64,23,6.089806902187514e-82
64,24,3.252230575427335e-78
64,25,4.0948577711523407e-75
64,26,1.851573177809443e-72
64,27,3.42836268308336e-70
64,28,2.8287039410436463e-68
64,29,1.1664942409849517e-66
64,30,2.7213991787968276e-65
64,31,4.0128490864909665e-64
64,32,4.098251136083292e-63
64,33,3.1246146001754943e-62
64,34,2.816494199041284e-61
64,35,2.265268912407775e-60
64,36,1.4292824674265772e-59
64,37,7.283272215010567e-59
64,38,3.0727401601607447e-58
64,39,1.1115143899281547e-57
64,40,3.5411673305507464e-57
64,41,1.0144767520987972e-56
64,42,2.656517203076357e-56
64,43,6.442304555914992e-56
64,44,1.4625754983756304e-55
64,45,3.1384412989810604e-55
64,46,7.074369617589701e-55
64,47,1.614500433878133e-54
64,48,3.538204963447511e-54
64,49,7.434143216878769e-54
64,50,1.4859032360659246e-53
64,51,2.8413247905997525e-53
64,52,5.223632642731103e-53
64,53,9.272552212499326e-53
64,54,1.5951462805165017e-52
64,55,2.6679043074252895e-52
64,56,4.350730299765828e-52
64,57,6.939136582263354e-52
64,58,1.1426063144026855e-51
64,59,1.91546629525461e-51
64,60,3.146713987504333e-51
64,61,5.066584384687128e-51
64,62,7.981157200606316e-51
64,63,1.2323583603821805e-50
64,64,1.868506810802114e-50
64,65,2.786304875778384e-50
64,66,4.0920514930693443e-50
64,67,5.925942572633458e-50
64,68,8.514769970453673e-50
64,69,1.2141669138391038e-49
64,70,1.7628338483639172e-49
64,71,2.5900973823350832e-49
64,72,3.753600521531958e-49
64,73,5.368080349388738e-49
64,74,7.581264590977179e-49
64,75,1.0581207686818317e-48
64,76,1.4605577397302802e-48
64,77,1.9952038324536493e-48
64,78,2.6992395815970414e-48
64,79,3.619621948418235e-48
64,80,4.8746754958484626e-48
64,81,6.583160244732628e-48
64,82,8.93252589844718e-48
64,83,1.2149682614487527e-47
64,84,1.6368741538909368e-47
64,85,2.185123600343369e-47
64,86,2.8920190367156734e-47
64,87,3.7968744927321796e-47
64,88,4.947898813329792e-47
64,89,6.403082639178942e-47
64,90,8.231243947322496e-47
64,91,1.051955415912993e-46
64,92,1.375848038708565e-46
64,93,1.834652071404032e-46
64,94,2.4295037773476647e-46
64,95,3.194257597121062e-46
64,96,4.165138916751881e-46
64,97,5.38671904036523e-46
64,98,6.912141600293345e-46
64,99,8.803256531459185e-46
64,100,1.1125213575176925e-45
64,101,1.3960393347195573e-45
64,102,1.7813556242804217e-45
64,103,2.3016239482337147e-45
64,104,2.935337353347666e-45
64,105,3.688245352965926e-45
64,106,4.5604228640872036e-45
64,107,5.54481680466752e-45
64,108,6.628707695866222e-45
64,109,7.79013683295074e-45
64,110,9.045499342741463e-45
64,111,1.036359310450301e-44
64,112,1.168314945558049e-44
64,113,1.2941443936582404e-44
64,114,1.4017041279931655e-44
64,115,1.4846242750268258e-44
64,116,1.538104487299057e-44
64,117,1.5594925939713154e-44
64,118,1.5473684178871721e-44
64,119,1.5030464816540576e-44
64,120,1.425079663043729e-44
64,121,1.3197589360584747e-44
64,122,1.19784865537058e-44
64,123,1.070248215637454e-44
64,124,9.477152292168242e-45
64,125,8.40662739930348e-45
64,126,7.593446844449712e-45
64,127,7.138849876174807e-45
65,0,0.0
65,1,0.0
65,2,0.0
65,3,0.0
65,4,0.0
65,5,0.0
65,6,0.0
65,7,0.0
65,8,0.0
65,9,0.0
65,10,0.0
65,11,0.0
65,12,0.0
65,13,0.0
65,14,0.0
65,15,0.0
65,16,0.0
65,17,0.0
65,18,0.0
65,19,4.609779363671862e-98
65,20,9.110618522940528e-94
65,21,2.527672304113896e-90
65,22,9.50155696593372e-86
65,23,7.076954664387074e-82
65,24,7.037761886006502e-79
65,25,1.6367908182987394e-76
65,26,1.2863280526632664e-74
65,27,4.41379555819661e-73
65,28,8.011286555071564e-72
65,29,8.90963174563947e-71
65,30,6.791446071117651e-70
65,31,3.860675447288787e-69
65,32,1.7442686825910182e-68
65,33,6.584907303635502e-68
65,34,2.7429956300310343e-67
65,35,1.1004244147987257e-66
65,36,3.7956246015428893e-66
65,37,1.1461581690459108e-65
65,38,3.0670728676964687e-65
65,39,7.430723096384482e-65
65,40,1.6572413781733128e-64
65,41,3.4470498394289797e-64
65,42,6.756757516665804e-64
65,43,1.2586635904279979e-63
65,44,2.2440884968035607e-63
65,45,3.854516825842058e-63
65,46,6.855420694071036e-63
65,47,1.2358183746750057e-62
65,48,2.1699664207987613e-62
65,49,3.7082032429289713e-62
65,50,6.1287971229334276e-62
65,51,9.832865399773323e-62
65,52,1.5363546752728026e-61
65,53,2.344593479427615e-61
65,54,3.50357654632127e-61
65,55,5.1380308570867274e-61
65,56,7.409946672485207e-61
65,57,1.0533523198321108e-60
65,58,1.5361692119579494e-60
65,59,2.2790929415497735e-60
65,60,3.339503289420081e-60
65,61,4.832236464812964e-60
65,62,6.893494839194704e-60
65,63,9.707838603689305e-60
65,64,1.3512578098512641e-59
65,65,1.8611490329280433e-59
65,66,2.5390167480493914e-59
65,67,3.4332362795813947e-59
65,68,4.623917324921662e-59
65,69,6.203832055512484e-59
65,70,8.467072676196416e-59
65,71,1.17050734633487e-58
65,72,1.6035251157581125e-58
65,73,2.1771674799072925e-58
65,74,2.930626438563525e-58
65,75,3.91244765517676e-58
65,76,5.182560805490648e-58
65,77,6.814644488805589e-58
65,78,8.899520697302565e-58
65,79,1.1551329623038737e-57
65,80,1.50759181663981e-57
65,81,1.9763906938396845e-57
65,82,2.606368122159135e-57
65,83,3.4509139075327907e-57
65,84,4.537120955835966e-57
65,85,5.924804948624509e-57
65,86,7.688352008507918e-57
65,87,9.919036333283798e-57
65,88,1.2730321316831815e-56
65,89,1.6260515561081344e-56
65,90,2.06727143769119e-56
65,91,2.61740010446893e-56
65,92,3.39381195883414e-56
65,93,4.493462343522649e-56
65,94,5.922133719669551e-56
65,95,7.767894347665226e-56
65,96,1.0125504350610719e-55
65,97,1.3113790779590295e-55
65,98,1.6879574944507696e-55
65,99,2.159937907036097e-55
65,100,2.7458688321039904e-55
65,101,3.4694934737700434e-55
65,102,4.465598286716211e-55
65,103,5.8282663952997975e-55
65,104,7.507331738893184e-55
65,105,9.518761122248124e-55
65,106,1.185672023270526e-54
65,107,1.449093821226909e-54
65,108,1.7370965137555486e-54
65,109,2.0417172486467572e-54
65,110,2.364098905276672e-54
65,111,2.6923548016993405e-54
65,112,3.005423197200961e-54
65,113,3.282914462069484e-54
65,114,3.492199279415201e-54
65,115,3.6174834593670366e-54
65,116,3.64956710512021e-54
65,117,3.587142064729333e-54
65,118,3.432576762957227e-54
65,119,3.197852222246613e-54
65,120,2.885860652862283e-54
65,121,2.5223909522194105e-54
65,122,2.1461121588028717e-54
65,123,1.785932371288906e-54
65,124,1.4656851742964505e-54
65,125,1.2040372820026108e-54
65,126,1.0159163046169088e-54
65,127,9.148408686931236e-55
66,0,0.0
66,1,0.0
66,2,0.0
66,3,0.0
66,4,0.0
66,5,0.0
66,6,0.0
66,7,0.0
66,8,0.0
66,9,0.0
66,10,0.0
66,11,0.0
66,12,0.0
66,13,5.76876956488469e-120
66,14,8.922865582375489e-116
66,15,9.0526187747922e-112
66,16,6.326583396154447e-108
66,17,3.0032905877623945e-104
66,18,9.066720544293273e-101
66,19,1.4020560820394916e-97
66,20,1.707831483980762e-94
66,21,7.960850137312859e-92
66,22,1.22852694393999e-88
66,23,3.8489412756948285e-86
66,24,2.648997562800252e-84
66,25,7.336497783452712e-83
66,26,1.0714549535130668e-81
66,27,9.61305485981674e-81
66,28,5.911222432456821e-80
66,29,2.7126799283844797e-79
66,30,9.923771356090082e-79
66,31,3.042841911613922e-78
66,32,8.123836283368404e-78
66,33,1.9474242451611892e-77
66,34,4.967709503677729e-77
66,35,1.2594977134934221e-76
66,36,2.9086718154673123e-76
66,37,6.179341382348673e-76
66,38,1.2147860146942137e-75
66,39,2.239368870902898e-75
66,40,3.911518532500158e-75
66,41,6.527834431639967e-75
66,42,1.047927099643023e-74
66,43,1.6271247271906058e-74
66,44,2.455307002234309e-74
66,45,3.6172867771400455e-74
66,46,5.470913375309626e-74
66,47,8.390106313624642e-74
66,48,1.2667867995092448e-73
66,49,1.882180106175743e-73
66,50,2.7382142412924855e-73
66,51,3.9091983444960003e-73
66,52,5.487636523014846e-73
66,53,7.588970386554287e-73
66,54,1.0356775057901961e-72
66,55,1.3969485552649176e-72
66,56,1.865017203213797e-72
66,57,2.468927499695371e-72
66,58,3.344907959906846e-72
66,59,4.614180965649717e-72
66,60,6.325662793623101e-72
66,61,8.613983686121273e-72
66,62,1.16317091737152e-71
66,63,1.5588019301152615e-71
66,64,2.0750064282794317e-71
66,65,2.7458803047535944e-71
66,66,3.614482343236474e-71
66,67,4.734079110501763e-71
66,68,6.195120970791639e-71
66,69,8.100041636583888e-71
66,70,1.0784011093876037e-70
66,71,1.4568543410971382e-70
66,72,1.9564112636287448e-70
66,73,2.6111764157112773e-70
66,74,3.4636337001931154e-70
66,75,4.5665560883456043e-70
66,76,5.985389059810003e-70
66,77,7.801345237500996e-70
66,78,1.011568764121652e-69
66,79,1.3057355667945495e-69
66,80,1.6971124389161416e-69
66,81,2.219137629060461e-69
66,82,2.922922605453519e-69
66,83,3.870595835314755e-69
66,84,5.0961995320026e-69
66,85,6.672794496359047e-69
66,86,8.693218332472615e-69
66,87,1.1274258218621078e-68
66,88,1.4564905935767544e-68
66,89,1.875199349981037e-68
66,90,2.405813990870681e-68
66,91,3.0767194504949603e-68
66,92,4.0390898802275496e-68
66,93,5.4282339135279015e-68
66,94,7.2722534741669076e-68
66,95,9.711367339364943e-68
66,96,1.2901817244422829e-67
66,97,1.7044586484456302e-67
66,98,2.2398323885648044e-67
66,99,2.928682330621431e-67
66,100,3.806020913997646e-67
66,101,4.917164455218188e-67
66,102,6.489388307284794e-67
66,103,8.700386816441371e-67
66,104,1.1497600499312073e-66
66,105,1.49246849073602e-66
66,106,1.8975831064220429e-66
66,107,2.3591264328484362e-66
66,108,2.8662987095888614e-66
66,109,3.401951428371379e-66
66,110,3.9632773315933437e-66
66,111,4.5232549892816324e-66
66,112,5.036621010227886e-66
66,113,5.460682165076386e-66
66,114,5.736090525821104e-66
66,115,5.83725497862244e-66
66,116,5.755104289173467e-66
66,117,5.498572672018406e-66
66,118,5.084286958974975e-66
66,119,4.54822570714174e-66
66,120,3.9081228130745495e-66
66,121,3.221426361307053e-66
66,122,2.5630863487651353e-66
66,123,1.9766264593613296e-66
66,124,1.489835542549681e-66
66,125,1.1168969524581389e-66
66,126,8.632480210781197e-67
66,127,7.323816008858766e-67
67,0,1.1695343958979587e-145
67,1,5.95482125864025e-145
67,2,9.660411941204154e-144
67,3,1.780276902976205e-142
67,4,3.523202945402948e-141
67,5,7.3274505979374245e-140
67,6,1.6004887384240318e-138
67,7,3.546719430717483e-137
67,8,4.1826081147778346e-135
67,9,9.44698240568833e-133
67,10,9.263843415187004e-130
67,11,1.8096646228499186e-126
67,12,5.0742420446167756e-123
67,13,1.7684893566130513e-119
67,14,5.620593116179435e-116
67,15,1.1491768509854762e-112
67,16,1.1053897362913334e-109
67,17,4.376878447077545e-107
67,18,7.80840441765659e-105
67,19,7.046290564666882e-103
67,20,4.944816628145653e-101
67,21,1.9769550472935856e-99
67,22,1.5189616139204055e-97
67,23,4.9420169106185214e-96
67,24,6.141038842354166e-95
67,25,4.566281298722546e-94
67,26,2.385404894242359e-93
67,27,9.44361427570836e-93
67,28,2.993266609149353e-92
67,29,7.955844266891316e-92
67,30,1.8417461849256475e-91
67,31,3.8260247116180603e-91
67,32,7.301044910440666e-91
67,33,1.3052004250672444e-90
67,34,2.428599575786553e-90
67,35,4.5402366602963015e-90
67,36,8.01650164359285e-90
67,37,1.3434059776137452e-89
67,38,2.1431762018552366e-89
67,39,3.282159440311744e-89
67,40,4.8569250420478954e-89
67,41,6.982044302252668e-89
67,42,9.793723058125711e-89
67,43,1.3453315036066159e-88
67,44,1.8156564795897146e-88
67,45,2.4154713421190508e-88
67,46,3.284393293254222e-88
67,47,4.532966118756175e-88
67,48,6.21115111911242e-88
67,49,8.446501888902869e-88
67,50,1.1351567898066767e-87
67,51,1.5093329290799975e-87
67,52,1.9873907357139294e-87
67,53,2.594383749349776e-87
67,54,3.361324695508571e-87
67,55,4.326703470220054e-87
67,56,5.53881040103899e-87
67,57,7.06153777729188e-87
67,58,9.215199804794242e-87
67,59,1.2270003084175881e-86
67,60,1.6313542910369706e-86
67,61,2.1637685454122708e-86
67,62,2.8575573022918116e-86
67,63,3.75940798753703e-86
67,64,4.92994453763488e-86
67,65,6.447961503768848e-86
67,66,8.414402750165197e-86
67,67,1.095459745776452e-85
67,68,1.4282996380192217e-85
67,69,1.8645677661973741e-85
67,70,2.4835064186133588e-85
67,71,3.363698884473385e-85
67,72,4.536594850758811e-85
67,73,6.090268236529748e-85
67,74,8.135802106784448e-85
67,75,1.08135324361888e-84
67,76,1.4300511697751382e-84
67,77,1.882111913643319e-84
67,78,2.4661115393694556e-84
67,79,3.2191386314325806e-84
67,80,4.237043409090837e-84
67,81,5.618244000522484e-84
67,82,7.513568270391476e-84
67,83,1.011304400694843e-83
67,84,1.3539560021894463e-83
67,85,1.80352067120236e-83
67,86,2.3915935154141965e-83
67,87,3.1591655552167557e-83
67,88,4.160146511236909e-83
67,89,5.464476486941285e-83
67,90,7.157347420741014e-83
67,91,9.348560339558632e-83
67,92,1.2575759242403881e-82
67,93,1.7371955604610395e-82
67,94,2.394563181717935e-82
67,95,3.293848338591996e-82
67,96,4.5101017453824763e-82
67,97,6.143012491997833e-82
67,98,8.326460305274588e-82
67,99,1.1235564729315672e-81
67,100,1.5068120790545143e-81
67,101,2.0085207561831926e-81
67,102,2.744353837791136e-81
67,103,3.816884958511931e-81
67,104,5.22152918027766e-81
67,105,6.99474363344293e-81
67,106,9.140430335335518e-81
67,107,1.1626031500859533e-80
67,108,1.438355155568456e-80
67,109,1.7301141042825663e-80
67,110,2.03337447772892e-80
67,111,2.3295240433721765e-80
67,112,2.588855504400321e-80
67,113,2.784170783641303e-80
67,114,2.8827129376721584e-80
67,115,2.8733094528068794e-80
67,116,2.7571066902044977e-80
67,117,2.5473497576099383e-80
67,118,2.2617397036238345e-80
67,119,1.9284649044271606e-80
67,120,1.5640085309182231e-80
67,121,1.2032769994287787e-80
67,122,8.847769772835892e-81
67,123,6.236128817691579e-81
67,124,4.241992404575403e-81
67,125,2.8339736561165083e-81
67,126,1.944249995773312e-81
67,127,1.509918233770802e-81
68,0,8.055994779729206e-145
68,1,2.5234759384204346e-144
68,2,2.616549247560632e-143
68,3,3.1187213744760686e-142
68,4,4.003867744024727e-141
68,5,5.369375431234815e-140
68,6,7.443041380140413e-139
68,7,1.0190308646275417e-137
68,8,5.144446352755085e-136
68,9,4.1348629036759113e-134
68,10,8.122012203461729e-132
68,11,2.0142956341534565e-129
68,12,4.421120249231591e-127
68,13,8.220354190684513e-125
68,14,1.1835620587033417e-122
68,15,1.1618721555563249e-120
68,16,6.609947389704073e-119
68,17,2.0652400454876023e-117
68,18,3.9916453904488635e-116
68,19,5.330979521661344e-115
68,20,6.435840988592345e-114
68,21,5.908579208301232e-113
68,22,8.224591042642674e-112
68,23,7.047087218974383e-111
68,24,3.169733387338846e-110
68,25,1.072109878973915e-109
68,26,3.0054455450587434e-109
68,27,7.204503833036446e-109
68,28,1.512177277876858e-108
68,29,2.8475634097450078e-108
68,30,4.918724234668847e-108
68,31,7.939804636400554e-108
68,32,1.2159689669629645e-107
68,33,1.7907141261421143e-107
68,34,2.7066168758664737e-107
68,35,4.1254225600747636e-107
68,36,6.082656595498509e-107
68,37,8.692627518795224e-107
68,38,1.2060167774698196e-106
68,39,1.63290057389605e-106
68,40,2.1661592002399848e-106
68,41,2.824790587033505e-106
68,42,3.6314696569056805e-106
68,43,4.612991924008096e-106
68,44,5.802753762740445e-106
68,45,7.245875804604414e-106
68,46,9.23470139909218e-106
68,47,1.1969011626808047e-105
68,48,1.5503208447940791e-105
68,49,2.0061491585096175e-105
68,50,2.5832549434842568e-105
68,51,3.3105353078637067e-105
68,52,4.222703479678868e-105
68,53,5.36359629633827e-105
68,54,6.788305409472297e-105
68,55,8.566216858088917e-105
68,56,1.0785729785289354e-104
68,57,1.3565720181675421e-104
68,58,1.7494470147806037e-104
68,59,2.3082228577940492e-104
68,60,3.0514268646110426e-104
68,61,4.0361928699712656e-104
68,62,5.329924649064901e-104
68,63,7.028733293641951e-104
68,64,9.260538417368978e-104
68,65,1.2195974447145522e-103
68,66,1.6058794382230505e-103
68,67,2.1130948685355237e-103
68,68,2.7894804339512264e-103
68,69,3.692133811138712e-103
68,70,4.998516532721999e-103
68,71,6.896131461141646e-103
68,72,9.48054090486423e-103
68,73,1.2980866780501216e-102
68,74,1.7692000478298345e-102
68,75,2.3995319393313686e-102
68,76,3.2383126625650054e-102
68,77,4.349549146068077e-102
68,78,5.816829757121938e-102
68,79,7.751096895866379e-102
68,80,1.0427965800138814e-101
68,81,1.415030761868064e-101
68,82,1.9387056885817116e-101
68,83,2.6753193834009376e-101
68,84,3.671532732457162e-101
68,85,5.012947388386364e-101
68,86,6.814618669021396e-101
68,87,9.230873158457494e-101
68,88,1.2471510085891563e-100
68,89,1.681886906199641e-100
68,90,2.2626781628722797e-100
68,91,3.0359512012253575e-100
68,92,4.211306582585104e-100
68,93,6.019441523242404e-100
68,94,8.592896076080732e-100
68,95,1.225488955563971e-99
68,96,1.740417244350836e-99
68,97,2.4591043132349654e-99
68,98,3.458895077857481e-99
68,99,4.845850400088145e-99
68,100,6.745895111568473e-99
68,101,9.330240376490706e-99
68,102,1.3281014896723398e-98
68,103,1.9282400290559922e-98
68,104,2.746190233608854e-98
68,105,3.814841936832424e-98
68,106,5.142866586335143e-98
68,107,6.710202428615355e-98
68,108,8.466629709694453e-98
68,109,1.0326040182532415e-97
68,110,1.2235563268885998e-97
68,111,1.4045798189656337e-97
68,112,1.553026815112636e-97
68,113,1.6492195540321015e-97
68,114,1.6733165815897607e-97
68,115,1.6219628279356885e-97
68,116,1.5020291398162208e-97
68,117,1.3290766628016318e-97
68,118,1.1207158663924261e-97
68,119,8.996144203659452e-98
68,120,6.790326318761482e-98
68,121,4.799095700229524e-98
68,122,3.205908848551177e-98
68,123,2.0272296932718052e-98
68,124,1.2185470550642576e-98
68,125,7.060711324528341e-99
68,126,4.134867598637185e-99
68,127,2.8153714345391893e-99
69,0,1.9195315391954148e-150
69,1,2.293152942735571e-150
69,2,9.119696464982168e-150
69,3,4.070206773867888e-149
69,4,1.911833110097755e-148
69,5,9.186907439421929e-148
69,6,4.4807987549118704e-147
69,7,2.125473670381763e-146
69,8,2.049529208320685e-145
69,9,2.792460389050876e-144
69,10,6.066157246260942e-143
69,11,1.6313205527319682e-141
69,12,4.06065000998934e-140
69,13,9.286413315710881e-139
69,14,1.8503320014369768e-137
69,15,2.924882726328774e-136
69,16,3.195966698812689e-135
69,17,2.317050891727716e-134
69,18,1.2558567890634724e-133
69,19,5.628404576040159e-133
69,20,2.5089793660487323e-132
69,21,9.874505971249958e-132
69,22,5.313281007694701e-131
69,23,2.0578557818755793e-130
69,24,5.0143244708181005e-130
69,25,1.046923931778441e-129
69,26,1.9920917470290515e-129
69,27,3.476679768001898e-129
69,28,5.600523946801885e-129
69,29,8.429626753572937e-129
69,30,1.201455746904282e-128
69,31,1.6414016789617855e-128
69,32,2.1720005881551094e-128
69,33,2.811265753221949e-128
69,34,3.7030776737726816e-128
69,35,4.929109437666826e-128
69,36,6.454554388298074e-128
69,37,8.315333174474438e-128
69,38,1.05481572881819e-127
69,39,1.321527148141192e-127
69,40,1.6385588924335697e-127
69,41,2.014289431077281e-127
69,42,2.459138908679741e-127
69,43,2.985555007866262e-127
69,44,3.6095908866095384e-127
69,45,4.353677948570144e-127
69,46,5.362444690132178e-127
69,47,6.733754563521911e-127
69,48,8.493006679524412e-127
69,49,1.0754726889831576e-126
69,50,1.3618247595455312e-126
69,51,1.7231906513575753e-126
69,52,2.1773518029532857e-126
69,53,2.74730949070722e-126
69,54,3.462538587650561e-126
69,55,4.3608504164771086e-126
69,56,5.4912762038554794e-126
69,57,6.920607699730307e-126
69,58,8.965236156771059e-126
69,59,1.1917607406267336e-125
69,60,1.5911027497043313e-125
69,61,2.129518054994725e-125
69,62,2.8499927510288687e-125
69,63,3.8148250956874855e-125
69,64,5.109296918868151e-125
69,65,6.850585989950634e-125
69,66,9.196757104679721e-125
69,67,1.2351384537392339e-124
69,68,1.6663131774880728e-124
69,69,2.2560687483209526e-124
69,70,3.1327373856442363e-124
69,71,4.442032415704064e-124
69,72,6.276064477365941e-124
69,73,8.830801838429471e-124
69,74,1.2364625661848194e-123
69,75,1.7220462241232826e-123
69,76,2.385212746825624e-123
69,77,3.286566805800568e-123
69,78,4.507366449357812e-123
69,79,6.158103465343025e-123
69,80,8.504417113364658e-123
69,81,1.1858170323329582e-122
69,82,1.670858043924112e-122
69,83,2.3722917241021267e-122
69,84,3.347744553381925e-122
69,85,4.6984621343419907e-122
69,86,6.564762057508474e-122
69,87,9.14139606644394e-122
69,88,1.2702498325059252e-121
69,89,1.7631250087514464e-121
69,90,2.4422899272205532e-121
69,91,3.3742161678423534e-121
69,92,4.8392678059345705e-121
69,93,7.178101897346981e-121
69,94,1.0645190070403797e-120
69,95,1.5794312363438478e-120
69,96,2.3347083092566163e-120
69,97,3.4343481533268204e-120
69,98,5.031860540682636e-120
69,99,7.34870758638935e-120
69,100,1.0662182121863136e-119
69,101,1.536399185179611e-119
69,102,2.2889813256167548e-119
69,103,3.485705143296658e-119
69,104,5.190267952052146e-119
69,105,7.502552724892419e-119
69,106,1.0459115563976225e-118
69,107,1.4015294143648076e-118
69,108,1.803523038373976e-118
69,109,2.227747301912264e-118
69,110,2.6549602801577804e-118
69,111,3.042465244209806e-118
69,112,3.329355125363822e-118
69,113,3.4672792918423665e-118
69,114,3.418779332488754e-118
69,115,3.1914092280958147e-118
69,116,2.8205936621099843e-118
69,117,2.3604886726103007e-118
69,118,1.8639686835395962e-118
69,119,1.3868492851024936e-118
69,120,9.573920481603022e-119
69,121,6.095436985726756e-119
69,122,3.623944670937517e-119
69,123,2.0126964490223463e-119
69,124,1.0459566880403788e-119
69,125,5.1290043775221564e-120
69,126,2.4719872078539755e-120
69,127,1.3995003430185101e-120
70,0,1.0325923808786037e-166
70,1,6.382413114914215e-167
70,2,1.339731112047413e-166
70,3,3.165566707620267e-166
70,4,7.88163256793051e-166
70,5,2.0090480763789374e-165
70,6,5.200667986612847e-165
70,7,1.3106756239359748e-164
70,8,5.0091497378444654e-164
70,9,2.4488166783356846e-163
70,10,1.561283205286026e-162
70,11,1.1989275886741924e-161
70,12,8.80348608926117e-161
70,13,6.236194357662313e-160
70,14,4.1131261208988625e-159
70,15,2.3384330544494464e-158
70,16,1.0112020807346716e-157
70,17,3.214037651065195e-157
70,18,8.46418860086038e-157
70,19,2.0324753210648898e-156
70,20,5.130220677702566e-156
70,21,1.23182465672378e-155
70,22,3.847937383464197e-155
70,23,9.176454926439763e-155
70,24,1.5276511239082306e-154
70,25,2.3508121221575097e-154
70,26,3.487339765292703e-154
70,27,4.950434544716198e-154
70,28,6.702061755234598e-154
70,29,8.700427192002039e-154
70,30,1.0919141879587793e-153
70,31,1.3358735016479456e-153
70,32,1.605291640317088e-153
70,33,1.9091343597648857e-153
70,34,2.3005444823663278e-153
70,35,2.8080011729803155e-153
70,36,3.4138114722976284e-153
70,37,4.1282058684804913e-153
70,38,4.966668647025125e-153
70,39,5.953427643651382e-153
70,40,7.11327762731744e-153
70,41,8.476884030460104e-153
70,42,1.0083290627236801e-152
70,43,1.1978939945896665e-152
70,44,1.42248136295316e-152
70,45,1.6906903229965825e-152
70,46,2.0551903039144524e-152
70,47,2.5536295995148593e-152
70,48,3.198407082373007e-152
70,49,4.036406443361243e-152
70,50,5.110593934161017e-152
70,51,6.4826624405820784e-152
70,52,8.226669290930652e-152
70,53,1.0440738988958251e-151
70,54,1.3253163727356286e-151
70,55,1.6831738171332783e-151
70,56,2.1398134507615556e-151
70,57,2.7258198682977017e-151
70,58,3.579164010606611e-151
70,59,4.837040132836621e-151
70,60,6.576590870128541e-151
70,61,8.974723472810526e-151
70,62,1.2258152133470914e-150
70,63,1.6761466034443e-150
70,64,2.2956533825288292e-150
70,65,3.1512454739416003e-150
70,66,4.336010293978745e-150
70,67,5.972881284069331e-150
70,68,8.273651792515353e-150
70,69,1.150905435924729e-149
70,70,1.6464124288897737e-149
70,71,2.409483420772741e-149
70,72,3.5117137480452404e-149
70,73,5.0943395589070625e-149
70,74,7.348245879507624e-149
70,75,1.0533339905615824e-148
70,76,1.500198801853412e-148
70,77,2.1237066062399078e-148
70,78,2.9902846476312972e-148
70,79,4.1924937178126854e-148
70,80,5.9478611802485304e-148
70,81,8.52731161734984e-148
70,82,1.2360968248826085e-147
70,83,1.8056792591438865e-147
70,84,2.6194607736254383e-147
70,85,3.7772121143641543e-147
70,86,5.421480488328113e-147
70,87,7.756936783837816e-147
70,88,1.1082121421059139e-146
70,89,1.5830697321530585e-146
70,90,2.2580594030045276e-146
70,91,3.212710847528766e-146
70,92,4.765403924267424e-146
70,93,7.339773016444304e-146
70,94,1.1320501012929851e-145
70,95,1.7503906056662317e-145
70,96,2.698642041988163e-145
70,97,4.142536388995674e-145
70,98,6.339966135448396e-145
70,99,9.6838638843303e-145
70,100,1.4694591173642632e-144
70,101,2.214149157954419e-144
70,102,3.4677773318754194e-144
70,103,5.563951597299162e-144
70,104,8.697526031067153e-144
70,105,1.312536581109206e-143
70,106,1.896061510180215e-143
70,107,2.61138171859267e-143
70,108,3.4253922503494523e-143
70,109,4.277639421015628e-143
70,110,5.111048973119964e-143
70,111,5.819542902523152e-143
70,112,6.262643555148366e-143
70,113,6.3442972861315385e-143
70,114,6.020490369447562e-143
70,115,5.35180425375601e-143
70,116,4.456789107150365e-143
70,117,3.4774677326720143e-143
70,118,2.530869965249166e-143
70,119,1.714881344114585e-143
70,120,1.0616238602405607e-143
70,121,5.955347690024165e-144
70,122,3.0784136058255733e-144
70,123,1.4661179684012095e-144
70,124,6.434132671678916e-145
70,125,2.61116253072703e-145
70,126,1.0079868618401768e-145
70,127,4.503715726643254e-146
71,0,9.576762859638637e-192
71,1,4.138955568065503e-192
71,2,6.106457754184888e-192
71,3,1.0144065561011691e-191
71,4,1.775958060201688e-191
71,5,3.184919433978131e-191
71,6,5.803318061643742e-191
71,7,1.0305625956397758e-190
71,8,2.407073499442934e-190
71,9,6.675932720274699e-190
71,10,2.1927398856345557e-189
71,11,8.408673433483333e-189
71,12,3.133767880823394e-188
71,13,1.1548074531032892e-187
71,14,4.099270841399599e-187
71,15,1.3093225702746665e-186
71,16,3.3438102168552097e-186
71,17,6.625087223681677e-186
71,18,1.148776017874185e-185
71,19,1.914195271762537e-185
71,20,3.455279317676203e-185
71,21,6.159710146624142e-185
71,22,1.3890007106289726e-184
71,23,2.4404339093882416e-184
71,24,3.182580209722257e-184
71,25,4.0168338777064676e-184
71,26,5.061005176809278e-184
71,27,6.269356235647384e-184
71,28,7.567309250329729e-184
71,29,8.912911050369606e-184
71,30,1.0293742031975284e-183
71,31,1.1725315882161424e-183
71,32,1.3247706544107476e-183
71,33,1.493686532489526e-183
71,34,1.703855738346505e-183
71,35,1.9745268088336544e-183
71,36,2.3003457325435898e-183
71,37,2.6871851505332764e-183
71,38,3.1465357822234573e-183
71,39,3.6936876575885497e-183
71,40,4.342996032700012e-183
71,41,5.112668823131952e-183
71,42,6.026587826425821e-183
71,43,7.113144870105939e-183
71,44,8.410311510934859e-183
71,45,9.97191036254298e-183
71,46,1.2113990645947998e-182
71,47,1.5077326302513102e-182
71,48,1.8962118467858507e-182
71,49,2.4089845078399534e-182
71,50,3.0771945368099955e-182
71,51,3.9440879080586384e-182
71,52,5.061651514914673e-182
71,53,6.500320478446475e-182
71,54,8.353968118663634e-182
71,55,1.0747727127347213e-181
71,56,1.3850034109576926e-181
71,57,1.789654204406484e-181
71,58,2.3904551901160661e-181
71,59,3.2960085970315053e-181
71,60,4.5784183919940793e-181
71,61,6.388387263849977e-181
71,62,8.926793791394308e-181
71,63,1.2496223286057472e-180
71,64,1.7536540330525335e-180
71,65,2.469195794025319e-180
71,66,3.4887752993002086e-180
71,67,4.937745718265923e-180
71,68,7.034466916055188e-180
71,69,1.0068533981658824e-179
71,70,1.4859759742579701e-179
71,71,2.2471916651373982e-179
71,72,3.381231239383799e-179
71,73,5.05947562219751e-179
71,74,7.518903760754518e-179
71,75,1.1089738003121839e-178
71,76,1.62293391526021e-178
71,77,2.357917089877191e-178
71,78,3.404259363781295e-178
71,79,4.8907862494360847e-178
71,80,7.116258302908415e-178
71,81,1.0471971688969358e-177
71,82,1.558395125364888e-177
71,83,2.336429442438282e-177
71,84,3.474940796796314e-177
71,85,5.134068804401154e-177
71,86,7.549373435983629e-177
71,87,1.1070416953810665e-176
71,88,1.6225693884611307e-176
71,89,2.3813166933471275e-176
71,90,3.492752604918752e-176
71,91,5.1114105163108215e-176
71,92,7.8332400923892e-176
71,93,1.2520064258777205e-175
71,94,2.0086507127924164e-175
71,95,3.2402205462273053e-175
71,96,5.218960403387415e-175
71,97,8.378294078441248e-175
71,98,1.3432199329011947e-174
71,99,2.153468695949053e-174
71,100,3.430864277015446e-174
71,101,5.428272903180508e-174
71,102,8.983590798620678e-174
71,103,1.5268556293143758e-173
71,104,2.518119465336706e-173
71,105,3.983289776510832e-173
71,106,5.9786016446986544e-173
71,107,8.473488943415971e-173
71,108,1.1327716119989419e-172
71,109,1.4279286777182823e-172
71,110,1.7052238546054983e-172
71,111,1.9201454037451987e-172
71,112,2.0189154603539328e-172
71,113,1.9729202158116633e-172
71,114,1.783884436741706e-172
71,115,1.4925306597532206e-172
71,116,1.1556956546223852e-172
71,117,8.283567981276635e-173
71,118,5.4653080898645765e-173
71,119,3.311320929310358e-173
71,120,1.8011887817622168e-173
71,121,8.698827028594753e-174
71,122,3.814376342572088e-174
71,123,1.51825801284168e-174
71,124,5.483407663472102e-175
71,125,1.7985553930307413e-175
71,126,5.44428711000902e-176
71,127,1.8378572097533023e-176
72,0,1.4720393267651938e-224
72,1,5.2644065609249355e-225
72,2,6.427063667927388e-225
72,3,8.803321583911491e-225
72,4,1.2676681135973736e-224
72,5,1.8681428268607326e-224
72,6,2.796044641704915e-224
72,7,4.0792790519052957e-224
72,8,7.272428659951094e-224
72,9,1.4658530388938743e-223
72,10,3.330605292373547e-223
72,11,8.624781563941316e-223
72,12,2.1868265313410247e-222
72,13,5.547466222925514e-222
72,14,1.378577667808087e-221
72,15,3.1502717842498043e-221
72,16,5.90645846377078e-221
72,17,8.838998834652685e-221
72,18,1.192073693679456e-220
72,19,1.5897632134426734e-220
72,20,2.3343555992797313e-220
72,21,3.4527284710084558e-220
72,22,6.346280092359921e-220
72,23,9.151763869129429e-220
72,24,1.017351925366886e-219
72,25,1.1269872177066116e-219
72,26,1.2750212211445781e-219
72,27,1.4441457035517366e-219
72,28,1.6173375964475753e-219
72,29,1.7892868493681025e-219
72,30,1.9605148288819515e-219
72,31,2.1360911188622875e-219
72,32,2.3244911909237694e-219
72,33,2.5391314685145915e-219
72,34,2.8067177528696742e-219
72,35,3.162009204296121e-219
72,36,3.6057037975287665e-219
72,37,4.1464406602625526e-219
72,38,4.8046598118161947e-219
72,39,5.6049804757676234e-219
72,40,6.568733348875369e-219
72,41,7.724092696875034e-219
72,42,9.109474128792231e-219
72,43,1.0770608045632572e-218
72,44,1.2769908164894614e-218
72,45,1.5196353560580092e-218
72,46,1.8557460389011364e-218
72,47,2.326169656513671e-218
72,48,2.9511930367966954e-218
72,49,3.7893358505377653e-218
72,50,4.900116410783678e-218
72,51,6.363897880848209e-218
72,52,8.277031346045224e-218
72,53,1.0772783825635466e-217
72,54,1.4031938667451976e-217
72,55,1.8299834968744547e-217
72,56,2.391278390556288e-217
72,57,3.1348408528077364e-217
72,58,4.259640982966441e-217
72,59,5.992281093957877e-217
72,60,8.503548232284532e-217
72,61,1.2129045239281898e-216
72,62,1.733260758391221e-216
72,63,2.482852040995499e-216
72,64,3.568694464207952e-216
72,65,5.152709335086254e-216
72,66,7.475030285476073e-216
72,67,1.0869002691833849e-215
72,68,1.5924300677113998e-215
72,69,2.344970314875543e-215
72,70,3.569714309869735e-215
72,71,5.575659246011608e-215
72,72,8.654089946322242e-215
72,73,1.3342711306072636e-214
72,74,2.0399462595610637e-214
72,75,3.0900990002562464e-214
72,76,4.636393911999243e-214
72,77,6.895691658196494e-214
72,78,1.0179573713871196e-213
72,79,1.4941694571024073e-213
72,80,2.222815356895182e-213
72,81,3.346709304682837e-213
72,82,5.094503883512385e-213
72,83,7.807409888973992e-213
72,84,1.1854633608337561e-212
72,85,1.786930005542368e-212
72,86,2.680852078626898e-212
72,87,4.0138768509046047e-212
72,88,6.015862674697498e-212
72,89,9.047669254045679e-212
72,90,1.361783799813805e-211
72,91,2.0462669976056625e-211
72,92,3.235185765672402e-211
72,93,5.361448232717945e-211
72,94,8.949804490359677e-211
72,95,1.5084999128172634e-210
72,96,2.5441515925048274e-210
72,97,4.2840528605472283e-210
72,98,7.222577600869814e-210
72,99,1.2211957806139453e-209
72,100,2.0532474640594546e-209
72,101,3.430172020188313e-209
72,102,6.039543610633438e-209
72,103,1.0950843980079983e-208
72,104,1.9180802730732199e-208
72,105,3.1981363660645087e-208
72,106,5.0074606510762676e-208
72,107,7.321192263256558e-208
72,108,9.98379735992206e-208
72,109,1.2696504269951061e-207
72,110,1.5121576659136952e-207
72,111,1.6775816695722675e-207
72,112,1.7137646057054445e-207
72,113,1.603453545477571e-207
72,114,1.368780492023469e-207
72,115,1.066291015816234e-207
72,116,7.582295295343138e-208
72,117,4.923199661878577e-208
72,118,2.8992009059158605e-208
72,119,1.5437955518817602e-208
72,120,7.238933957213263e-209
72,121,2.9448152356329295e-209
72,122,1.0701409077315226e-209
72,123,3.473538427863335e-210
72,124,1.0066319693185835e-210
72,125,2.604424089964871e-211
72,126,6.063332764507988e-212
72,127,1.497482775829418e-212
73,0,4.3209696333012876e-265
73,1,1.3950465359346035e-265
73,2,1.540883463704156e-265
73,3,1.9007207163035545e-265
73,4,2.4549989115816642e-265
73,5,3.2374282464414917e-265
73,6,4.328503972358908e-265
73,7,5.636117984424687e-265
73,8,8.603866927916962e-265
73,9,1.4385109519166905e-264
73,10,2.6370874196469435e-264
73,11,5.418624509734212e-264
73,12,1.0936853034988485e-263
73,13,2.2206254037825653e-263
73,14,4.45326835861138e-263
73,15,8.30351660075957e-263
73,16,1.2876679543925686e-262
73,17,1.6185669055732622e-262
73,18,1.863676624647929e-262
73,19,2.1569395490975796e-262
73,20,2.773941316736519e-262
73,21,3.634786708170447e-262
73,22,5.850795832158523e-262
73,23,7.411203062932265e-262
73,24,7.416591263919828e-262
73,25,7.540487969337718e-262
73,26,7.950898850373862e-262
73,27,8.49782611758643e-262
73,28,9.072243336399009e-262
73,29,9.65210636361233e-262
73,30,1.0242312605875047e-261
73,31,1.0869283563425052e-261
73,32,1.157493708522628e-261
73,33,1.2423030617629923e-261
73,34,1.350629883729028e-261
73,35,1.5011209020240426e-261
73,36,1.697077466184632e-261
73,37,1.942468621393815e-261
73,38,2.248399743573878e-261
73,39,2.627483135851284e-261
73,40,3.089680394732607e-261
73,41,3.6487233094872063e-261
73,42,4.32412525171409e-261
73,43,5.139017558777155e-261
73,44,6.125647737507579e-261
73,45,7.330314415792601e-261
73,46,9.012092670067766e-261
73,47,1.138896152276823e-260
73,48,1.4584083746877582e-260
73,49,1.89315506558442e-260
73,50,2.4785184949293518e-260
73,51,3.26099619170568e-260
73,52,4.295777102422474e-260
73,53,5.660712364955198e-260
73,54,7.463125584546018e-260
73,55,9.851097597985223e-260
73,56,1.303117821036502e-259
73,57,1.7301325321308186e-259
73,58,2.3869940676751014e-259
73,59,3.41948115788168e-259
73,60,4.948633340361395e-259
73,61,7.202450063736732e-259
73,62,1.0506695514567908e-258
73,63,1.5374731898532613e-258
73,64,2.259896988692383e-258
73,65,3.341816244851642e-258
73,66,4.9729127687469945e-258
73,67,7.422518875265673e-258
73,68,1.117612151995968e-257
73,69,1.69202083068618e-257
73,70,2.654624105225908e-257
73,71,4.277959477109753e-257
73,72,6.839881443743932e-257
73,73,1.0847800076302011e-256
73,74,1.702753614827764e-256
73,75,2.6425072828219804e-256
73,76,4.053086159581496e-256
73,77,6.150749083839969e-256
73,78,9.251224919543116e-256
73,79,1.382246592205389e-255
73,80,2.0943565638251647e-255
73,81,3.213801720761159e-255
73,82,4.982461695506223e-255
73,83,7.767543776190576e-255
73,84,1.1980577322911982e-254
73,85,1.8333112218279344e-254
73,86,2.7929098339616792e-254
73,87,4.2514379958654125e-254
73,88,6.4928392325545376e-254
73,89,9.981044431733944e-254
73,90,1.5386683655936383e-253
73,91,2.370586097551537e-253
73,92,3.862985038606741e-253
73,93,6.637778680185686e-253
73,94,1.1545299415673942e-252
73,95,2.0393020276366925e-252
73,96,3.6152707273835953e-252
73,97,6.4154010420950535e-252
73,98,1.1438989939518493e-251
73,99,2.0535397408396886e-251
73,100,3.669681530840655e-251
73,101,6.521973525919822e-251
73,102,1.2328438525927093e-250
73,103,2.407199424621679e-250
73,104,4.5172866822954223e-250
73,105,7.999071929291483e-250
73,106,1.314158806717019e-249
73,107,1.9902351311493575e-249
73,108,2.775572291062072e-249
73,109,3.564584778976129e-249
73,110,4.2319245660382874e-249
73,111,4.615851677511033e-249
73,112,4.563973160901666e-249
73,113,4.0656232231829565e-249
73,114,3.252998328951799e-249
73,115,2.338825770499144e-249
73,116,1.5117366645353215e-249
73,117,8.789052410571653e-250
73,118,4.559873424018001e-250
73,119,2.103265042710507e-250
73,120,8.367990166932062e-251
73,121,2.815614336617399e-251
73,122,8.317047388581767e-252
73,123,2.157162378964695e-252
73,124,4.911905719453995e-253
73,125,9.81829048118459e-254
73,126,1.7291803767313573e-254
73,127,3.0654687049959475e-255
74,0,3.898504e-318
74,1,1.036377e-318
74,2,9.1084e-319
74,3,8.9752e-319
74,4,9.2891e-319
74,5,9.82114e-319
74,6,1.051693e-318
74,7,1.09575e-318
74,8,1.237303e-318
74,9,1.42841e-318
74,10,1.712847e-318
74,11,2.2887e-318
74,12,3.150523e-318
74,13,4.397446e-318
74,14,6.711645e-318
74,15,9.63145e-318
74,16,1.2189514e-317
74,17,1.305234e-317
74,18,1.384359e-317
74,19,1.4847023e-317
74,20,1.815873e-317
74,21,2.3340313e-317
74,22,3.819793e-317
74,23,5.1349507e-317
74,24,5.7165455e-317
74,25,6.6687123e-317
74,26,8.2820896e-317
74,27,1.0611344e-316
74,28,1.37724766e-316
74,29,1.81901196e-316
74,30,2.4289952e-316
74,31,3.2687429e-316
74,32,4.4386963e-316
74,33,6.0978214e-316
74,34,9.0393553e-316
74,35,1.44347789e-315
74,36,2.48152643e-315
74,37,4.373024477e-315
74,38,7.839982184e-315
74,39,1.4564399056e-314
74,40,2.79530869e-314
74,41,5.4645909106e-314
74,42,1.0908548498e-313
74,43,2.20434565115e-313
74,44,4.5142274207e-313
74,45,9.40060733e-313
74,46,2.260983748117e-312
74,47,6.263256349697e-312
74,48,2.363374432774e-311
74,49,5.6047849024516e-311
74,50,1.34448775144343e-310
74,51,2.5639832331608e-310
74,52,4.11174163949375e-310
74,53,6.31464288528593e-310
74,54,9.20822077097346e-310
74,55,1.3178590646501e-309
74,56,1.821357996620296e-309
74,57,2.51232057240641e-309
74,58,3.551263270415483e-309
74,59,5.241593147684e-309
74,60,7.754286278560375e-309
74,61,1.1532956244954057e-308
74,62,1.7166436998791306e-308
74,63,2.5632076617317904e-308
74,64,3.846366996796638e-308
74,65,5.817995066410825e-308
74,66,8.872639585688138e-308
74,67,1.3583452452795244e-307
74,68,2.1008674286258037e-307
74,69,3.26835387036958e-307
74,70,5.281687903727891e-307
74,71,8.774257378628026e-307
74,72,1.443392797016414e-306
74,73,2.351239454923036e-306
74,74,3.781863534435313e-306
74,75,5.99840592118501e-306
74,76,9.37794078118269e-306
74,77,1.447294965073111e-305
74,78,2.2099755186518295e-305
74,79,3.348654905329758e-305
74,80,5.147802934966503e-305
74,81,8.020167734768144e-305
74,82,1.260874524467495e-304
74,83,1.9900353810436273e-304
74,84,3.1024698334158842e-304
74,85,4.795971160738595e-304
74,86,7.385481788351465e-304
74,87,1.1385628312394899e-303
74,88,1.766653703364811e-303
74,89,2.7710501231544357e-303
74,90,4.371601241174595e-303
74,91,6.90387723329211e-303
74,92,1.1602385108942047e-302
74,93,2.0709900683736309e-302
74,94,3.766580660333635e-302
74,95,7.008704295929607e-302
74,96,1.314091955191749e-301
74,97,2.4746498242196868e-301
74,98,4.704319636886065e-301
74,99,9.047854351173482e-301
74,100,1.7344253424918854e-300
74,101,3.310929005575915e-300
74,102,6.796338157729106e-300
74,103,1.4456749055228107e-299
74,104,2.938175839864538e-299
74,105,5.577592146784428e-299
74,106,9.687777466336128e-299
74,107,1.5286519445798349e-298
74,108,2.1894962775347423e-298
74,109,2.84763068274421e-298
74,110,3.3747328501639396e-298
74,111,3.6188960302714985e-298
74,112,3.457981845051978e-298
74,113,2.9237651530997375e-298
74,114,2.182774753704518e-298
74,115,1.4399373955044155e-298
74,116,8.400150948268783e-299
74,117,4.3370494282955365e-299
74,118,1.9640626463874157e-299
74,119,7.766249986513934e-300
74,120,2.592642388234278e-300
74,121,7.1230120658966785e-301
74,122,1.6873436147756366e-301
74,123,3.44866290341809e-302
74,124,6.083646384310583e-303
74,125,9.266473086888067e-304
74,126,1.2214153534264977e-304
74,127,1.545027603100467e-305
75,0,0.0
75,1,0.0
75,2,0.0
75,3,0.0
75,4,0.0
75,5,0.0
75,6,0.0
75,7,0.0
75,8,0.0
75,9,0.0
75,10,0.0
75,11,0.0
75,12,0.0
75,13,0.0
75,14,0.0
75,15,0.0
75,16,0.0
75,17,0.0
75,18,0.0
75,19,0.0
75,20,0.0
75,21,0.0
75,22,0.0
75,23,0.0
75,24,0.0
75,25,0.0
75,26,0.0
75,27,0.0
75,28,0.0
75,29,0.0
75,30,0.0
75,31,0.0
75,32,0.0
75,33,0.0
75,34,0.0
75,35,0.0
75,36,0.0
75,37,0.0
75,38,0.0
75,39,0.0
75,40,0.0
75,41,0.0
75,42,0.0
75,43,0.0
75,44,0.0
75,45,0.0
75,46,0.0
75,47,0.0
75,48,0.0
75,49,0.0
75,50,0.0
75,51,0.0
75,52,0.0
75,53,0.0
75,54,0.0
75,55,0.0
75,56,0.0
75,57,0.0
75,58,0.0
75,59,0.0
75,60,0.0
75,61,0.0
75,62,0.0
75,63,0.0
75,64,0.0
75,65,0.0
75,66,0.0
75,67,0.0
75,68,0.0
75,69,0.0
75,70,0.0
75,71,0.0
75,72,0.0
75,73,0.0
75,74,0.0
75,75,0.0
75,76,0.0
75,77,0.0
75,78,0.0
75,79,0.0
75,80,0.0
75,81,0.0
75,82,0.0
75,83,0.0
75,84,0.0
75,85,0.0
75,86,0.0
75,87,0.0
75,88,0.0
75,89,0.0
75,90,0.0
75,91,0.0
75,92,0.0
75,93,0.0
75,94,0.0
75,95,0.0
75,96,0.0
75,97,0.0
75,98,0.0
75,99,0.0
75,100,0.0
75,101,0.0
75,102,0.0
75,103,0.0
75,104,0.0
75,105,0.0
75,106,0.0
75,107,0.0
75,108,0.0
75,109,0.0
75,110,0.0
75,111,0.0
75,112,0.0
75,113,0.0
75,114,0.0
75,115,0.0
75,116,0.0
75,117,0.0
75,118,0.0
75,119,0.0
75,120,0.0
75,121,0.0
75,122,0.0
75,123,0.0
75,124,0.0
75,125,0.0
75,126,0.0
75,127,0.0
