thermal_weight,population_weight,worst_score,original_L2,original_mass,original_max,matched_L2,matched_mass,matched_max
0.0,0.0,1.0160495415863238,1.0061500475207221,1.0160495415863238,1.0003275111706538,1.0,1.0,1.0
0.0,0.25,1.0164474128952894,1.0061446817762858,1.0164474128952894,1.0002054011424681,1.0000057782552145,1.0005714309535412,0.9998798603149405
0.0,0.5,1.0168940459963487,1.0061449117684178,1.0168940459963487,1.0000833038793702,1.0000164098743005,1.0011881555653597,0.9997597335226791
0.0,0.75,1.017389376670344,1.0061507374932805,1.017389376670344,0.9999612193860354,1.0000318947024665,1.0018500901890715,0.9996396196278635
0.0,1.0,1.0179333338279413,1.0061621588536753,1.0179333338279413,0.9998391476671419,1.0000522325142698,1.002557145275455,0.9995195186351437
0.0,1.25,1.0185881387598192,1.0061875032570993,1.0185881387598192,0.999719021179079,1.0000774230136367,1.0033092254322307,0.9993994305491709
0.0,1.5,1.0192998279103904,1.0062177296271757,1.0192998279103904,0.999598907606545,1.0001074658338818,1.0041062294874532,0.9992793553745983
0.0,1.75,1.02012105438096,1.0062528375239639,1.02012105438096,0.9994788069541968,1.0001423605377353,1.0049480505564108,0.9991592931160811
0.0,2.0,1.0210242342521214,1.0062928264365376,1.0210242342521214,0.9993587192266924,1.0001821066173742,1.005837796775183,0.9990392437782758
0.0,2.25,1.0220019082057472,1.006337695783026,1.0220019082057472,0.9992386444286914,1.00022670349446,1.006800929071646,0.9989192073658406
0.0,2.5,1.0230317779111882,1.0063874449106522,1.0230317779111882,0.9991185825648556,1.0002761505201812,1.007815480774471,0.998799183883436
0.0,2.75,1.0241136859011033,1.006442073095784,1.0241136859011033,0.9989985336398487,1.0003304469752987,1.0088812967584442,0.9986791733357239
0.0,3.0,1.025247467432932,1.0065015795439838,1.025247467432932,0.9988784976583354,1.0003895920701997,1.0099982147313404,0.9985591757273674
0.0,3.25,1.0264329506106173,1.006565963390068,1.0264329506106173,0.9987584746249825,1.0004535849449545,1.0111660653538386,0.9984391910630324
0.0,3.5,1.0276699565106855,1.0066352236981702,1.0276699565106855,0.998638464544459,1.0005224246693791,1.012384672363724,0.9983192193473858
0.0,3.75,1.0289582993124708,1.0067093594618066,1.0289582993124708,0.9985184674214349,1.0005961102431025,1.0136538527041772,0.9981992605850964
0.0,4.0,1.0302977864322667,1.006788369603952,1.0302977864322667,0.9983984832605823,1.000674640595639,1.014973416655929,0.9980793147808348
0.0,4.25,1.0316882186612026,1.006872252977116,1.0316882186612026,0.9982785120665751,1.0007580145864667,1.0163431679730879,0.9979593819392732
0.0,4.5,1.0331293903066072,1.006961008363427,1.0331293903066072,0.998158553844089,1.0008462310051098,1.0177629040223997,0.997839462065086
0.0,4.75,1.034621089336651,1.0070546344747209,1.034621089336651,0.9980386085978008,1.0009392885712258,1.0192324159257384,0.9977195551629486
0.0,5.0,1.0361630975280367,1.0071531299526324,1.0361630975280367,0.9979186763323901,1.0010371859346987,1.0207514887056013,0.9975996612375387
0.0,5.25,1.0377551906165112,1.007256493368696,1.0377551906165112,0.9977987570525373,1.001139921675737,1.0223199014333808,0.9974797802935358
0.0,5.5,1.0393971384499807,1.0073647232244467,1.0393971384499807,0.9976788507629253,1.0012474943049756,1.0239374273802024,0.9973599123356208
0.0,5.75,1.0410887051439872,1.0074778179515307,1.0410887051439872,0.9975589574682378,1.0013599022635842,1.0256038341700904,0.9972400573684761
0.0,6.0,1.0428296492393379,1.0075957759118166,1.0428296492393379,0.9974390771731613,1.0014771439233792,1.0273188839352498,0.9971202153967866
0.0,6.25,1.0446197238616435,1.0077185953975152,1.0446197238616435,0.9973192098823837,1.0015992175869415,1.0290823334732346,0.9970003864252389
0.0,6.5,1.0464586768825568,1.0078462746313017,1.0464586768825568,0.9971993556005938,1.0017261214877395,1.030893934405786,0.9968805704585202
0.0,6.75,1.0483462510824788,1.007978811766444,1.0483462510824788,0.9970795143324832,1.0018578537902554,1.032753433339119,0.9967607675013205
0.0,7.0,1.0502821843145123,1.0081162048869359,1.0502821843145123,0.9969596860827452,1.001994412590118,1.034660572025439,0.9966409775583317
0.0,7.25,1.0522662096694537,1.0082640831828058,1.0522662096694537,0.9968398708560743,1.0021357959142387,1.0366150875254772,0.9965212006342468
0.0,7.5,1.0542980556415977,1.0084206522120804,1.0542980556415977,0.9967200686571669,1.0022820017209557,1.0386167123718304,0.9964014367337607
0.0,7.75,1.0563774462951534,1.0085827791754294,1.0563774462951534,0.9966002794907215,1.0024330279001774,1.0406651747329019,0.9962816858615702
0.0,8.0,1.0585041014310546,1.0087504613930292,1.0585041014310546,0.9964805033614378,1.002588872273536,1.0427601985772303,0.9961619480223738
0.0,8.25,1.0606777367539773,1.0089236960950452,1.0606777367539773,0.9963607402740176,1.0027566947704845,1.0449015038380234,0.9960422232208718
0.0,8.5,1.0628980640393484,1.009102480421858,1.0628980640393484,0.9962409902331644,1.0029343862860327,1.0470888065776822,0.9959225114617658
0.0,8.75,1.0651647913001674,1.0092868114242983,1.0651647913001674,0.9961212532435836,1.0031175905733998,1.0493218191521412,0.9958028127497602
0.0,9.0,1.0674776229534482,1.009476686063888,1.0674776229534482,0.9960015293099818,1.00330630461268,1.0516002503748358,0.9956831270895597
0.0,9.25,1.0698362599860962,1.0096721012130883,1.0698362599860962,0.995881818437068,1.0035005252954519,1.053923805680111,0.9955634544858721
0.0,9.5,1.0722404001200538,1.0098730536555562,1.0722404001200538,0.9957621206295528,1.0037002494250316,1.056292187285911,0.9954437949434064
0.0,9.75,1.0746897379765323,1.010079540086405,1.0746897379765323,0.9956424358921483,1.0039054737167343,1.0587050943555683,0.9953241484668729
0.0,10.0,1.0771839652391797,1.0102915571124764,1.0771839652391797,0.9955227642295684,1.0041161947981412,1.0611622231585447,0.9952045150609844
0.0,10.25,1.0797227708160164,1.010509101252612,1.0797227708160164,0.9954031056465288,1.004332409209373,1.0636632672299584,0.9950848947304548
0.0,10.5,1.082305840999997,1.01073216893794,1.082305840999997,0.9952834601477472,1.0045541134033724,1.0662079175287573,0.9949652874800006
0.0,10.75,1.0849328596280439,1.0109607565121626,1.0849328596280439,0.9951638277379428,1.0047813037461906,1.0687958625943879,0.9948456933143391
0.0,11.0,1.087603508238429,1.0111948602318535,1.087603508238429,0.9950442084218364,1.0050139765172823,1.0714267887018354,0.99472611223819
0.0,11.25,1.0903174662263613,1.0114344762667589,1.0903174662263613,0.9949246022041509,1.0052521279098066,1.0741003800148974,0.9946065442562744
0.0,11.5,1.0930744109976622,1.0116796007001077,1.0930744109976622,0.9948050090896108,1.005495754030933,1.0768163187375737,0.9944869893733153
0.0,11.75,1.0958740181204132,1.0119302295289272,1.0958740181204132,0.9946854290829424,1.0057448509021574,1.0795742852634578,0.9943674475940377
0.0,12.0,1.0987159614744628,1.012186358664365,1.0987159614744628,0.9945658621888736,1.0059994144596196,1.0823739583230214,0.9942479189231677
0.125,0.0,1.0148307545229625,1.0050428002943688,1.0148307545229625,1.0003747886972565,0.9989596755581831,0.9988130655402816,1.0000482335225314
0.125,0.25,1.015251424880867,1.0050371797333673,1.015251424880867,1.0002523837620405,0.9989103021354933,0.9992593171659977,0.9999277975260401
0.125,0.5,1.0157208949791101,1.0050371610737965,1.0157208949791101,1.0001299915192163,0.9989203286865982,0.9998291605616786,0.9998073743504334
0.125,0.75,1.0162390971859177,1.0050427443159684,1.0162390971859177,1.0000076119734445,0.9989352137874168,1.00050608525664,0.9996869640003446
0.125,1.0,1.016836083401714,1.0050581796391125,1.016836083401714,0.9998862105574926,0.9989549572207616,1.0012281702615033,0.9995665664804083
0.125,1.25,1.01751810297328,1.0050829314222958,1.01751810297328,0.9997657873754084,0.9989795586985785,1.0019953179423355,0.9994461817952616
0.125,1.5,1.018257029291122,1.005112570569601,1.018257029291122,0.9996453770368581,0.9990090178619663,1.0028074248803012,0.9993258099495428
0.125,1.75,1.0190527385641297,1.0051470966486813,1.0190527385641297,0.9995249795464832,0.999043334281204,1.0036643819401454,0.9992054509478923
0.125,2.0,1.0199050978895814,1.005186509155969,1.0199050978895814,0.9994045949089273,0.9990825074557815,1.0045894440716014,0.9990851047949518
0.125,2.25,1.020813965362492,1.0052308075167113,1.020813965362492,0.9992842231288354,0.9991265368144363,1.0055703077206464,0.9989647714953651
0.125,2.5,1.0218006034715743,1.0052799910850128,1.0218006034715743,0.9991638642108545,0.999175421715195,1.006602618489479,0.9988444510537777
0.125,2.75,1.0229005637581554,1.0053340591438815,1.0229005637581554,0.9990435181596332,0.9992291614454202,1.007686218265155,0.9987241434748366
0.125,3.0,1.0240524196604937,1.0053930109052833,1.0240524196604937,0.998923184979822,0.9992877552218622,1.008820941775277,0.9986038487631909
0.125,3.25,1.0252559962673469,1.0054568455101964,1.0252559962673469,0.9988028646760729,0.9993512021907165,1.0100066167101858,0.9984835669234912
0.125,3.5,1.0265111116523136,1.0055255620286767,1.0265111116523136,0.9986825572530398,0.9994195014276854,1.0112430638494043,0.9983632979603895
0.125,3.75,1.0278175770062836,1.0055991594599234,1.0278175770062836,0.9985622627153786,0.9994926519380459,1.012530097192117,0.9982430418785406
0.125,4.0,1.029175196773779,1.0056776367323528,1.029175196773779,0.9984419810677463,0.9995706526567214,1.0138675240914856,0.9981227986826
0.125,4.25,1.0305837687929618,1.005760992703675,1.0305837687929618,0.9983217123148024,0.9996535024483587,1.0152551453925722,0.9980025683772256
0.125,4.5,1.0320430844390867,1.0058492261609793,1.0320430844390867,0.9982014564612075,0.9997412001074121,1.0166927555736598,0.9978823509670764
0.125,4.75,1.033552928771169,1.0059423358208197,1.033552928771169,0.9980812135116242,0.9998337443582296,1.018180142890737,0.9977621464568138
0.125,5.0,1.0351130806816518,1.0060403203293096,1.0351130806816518,0.997960983470717,0.999931133855146,1.019717089524941,0.9976419548511006
0.125,5.25,1.0367233130488276,1.0061431782622192,1.0367233130488276,0.9978407663431519,1.0000333671825803,1.0213033717327111,0.9975217761546014
0.125,5.5,1.0383833928918047,1.0062509081250792,1.0383833928918047,0.9977205621335968,1.0001404428551381,1.02293875999845,0.9974016103719824
0.125,5.75,1.0400930815277707,1.006363508353289,1.0400930815277707,0.9976003708467213,1.0002523593177202,1.0246230191894488,0.997281457507912
0.125,6.0,1.0418521347313403,1.0064809773122296,1.0418521347313403,0.9974801924871969,1.0003691149456337,1.0263559087128644,0.9971613175670601
0.125,6.25,1.0436603028957503,1.0066033132973826,1.0436603028957503,0.9973600270596964,1.0004907080447107,1.0281371826745165,0.9970411905540978
0.125,6.5,1.045517331195675,1.0067305145344525,1.045517331195675,0.9972398745688947,1.0006171368514303,1.0299665900392825,0.996921076473699
0.125,6.75,1.0474229597514484,1.006862579179495,1.0474229597514484,0.9971197350194686,1.0007483995330457,1.031843874792876,0.9968009753305385
0.125,7.0,1.0493769237944588,1.0070010301541716,1.0493769237944588,0.9969996084160966,1.0008844941877169,1.0337687761047818,0.9966808871292935
0.125,7.25,1.0513789538335063,1.007151957012951,1.0513789538335063,0.9968794947634584,1.001025418844648,1.0357410284921391,0.9965608118746422
0.125,7.5,1.0534287758219043,1.0073084505594563,1.0534287758219043,0.9967593940662359,1.001171171464228,1.037760361984357,0.996440749571265
0.125,7.75,1.055526111325112,1.0074705081996145,1.055526111325112,0.9966393063291128,1.0013217499381795,1.039826502288255,0.9963207002238441
0.125,8.0,1.057670677688698,1.0076381272488193,1.057670677688698,0.9965192315567746,1.0014789839067881,1.0419391709535266,0.9962006638370636
0.125,8.25,1.0598621882064225,1.0078113049321522,1.0598621882064225,0.9963991697539081,1.001651103049216,1.0440980855383233,0.9960806404156087
0.125,8.5,1.0621003522882493,1.0079900383846108,1.0621003522882493,0.9962791209252025,1.001828744001377,1.0463029597747657,0.9959606299641671
0.125,8.75,1.0643848756280878,1.008174324651343,1.0643848756280878,0.9961590850753482,1.0020119038264812,1.0485535037341929,0.9958406324874277
0.125,9.0,1.0667154603710851,1.0083641606878915,1.0667154603710851,0.9960390622090376,1.0022005794986795,1.0508494239919632,0.9957206479900814
0.125,9.25,1.0690918052802822,1.008559543360441,1.0690918052802822,0.9959190523309648,1.0023947679033125,1.0531904237916359,0.9956006764768208
0.125,9.5,1.0715136059024584,1.0087604694460766,1.0715136059024584,0.9957990554458259,1.002594465837165,1.0555762032083433,0.9954807179523406
0.125,9.75,1.0739805547330012,1.008966935633045,1.0739805547330012,0.9956790715583183,1.002799670008727,1.0580064593112144,0.9953607724213365
0.125,10.0,1.0764923413796317,1.009178938521027,1.0764923413796317,0.9955591006731411,1.003010377038463,1.06048088632466,0.9952408398885063
0.125,10.25,1.0790486527248333,1.0093964746214137,1.0790486527248333,0.9954391427949961,1.0032265834590888,1.062999175788389,0.9951209203585502
0.125,10.5,1.0816491730868345,1.0096195403575896,1.0816491730868345,0.9953191979285859,1.0034482857158502,1.0655610167159946,0.9950010138361692
0.125,10.75,1.0842935843790047,1.0098481320652253,1.0842935843790047,0.9951992660786151,1.003675480166816,1.0681660957519805,0.9948811203260666
0.125,11.0,1.086981566267517,1.010082245992573,1.086981566267517,0.9950793472497901,1.0039081630831705,1.0708140973270786,0.9947612398329472
0.125,11.25,1.08971279632717,1.0103218783007708,1.08971279632717,0.9949594414468191,1.0041463306495175,1.073504703811752,0.9946413723615176
0.125,11.5,1.0924869501952212,1.0105670250641545,1.0924869501952212,0.9948395486744123,1.0043899789641877,1.0762375956677421,0.9945215179164867
0.125,11.75,1.095303701723139,1.0108176822705741,1.095303701723139,0.9947196689372809,1.0046391040395553,1.0790124515975614,0.994401676502564
0.125,12.0,1.0981627231261524,1.0110738458217168,1.0981627231261524,0.9945998022401387,1.004893701802358,1.0818289486918213,0.9942818481244617
0.25,0.0,1.0136357884222627,1.0039429282936765,1.0136357884222627,1.000673960936255,0.9979256087724397,0.9976516960478452,1.0003492316181795
0.25,0.25,1.0140793017021126,1.0039370523971303,1.0140793017021126,1.0005241601891792,0.9978219755167756,0.9981246519823811,1.000201089719866
0.25,0.5,1.014571650544414,1.003936784539154,1.014571650544414,1.0003743820180198,0.9978313956034712,0.9986540586632323,1.000052970567401
0.25,0.75,1.0151127638906616,1.0039421247242366,1.0151127638906616,1.0002246264329182,0.9978456795567101,0.9992398263659903,0.9999048741708934
0.25,1.0,1.015764992209807,1.0039613893195292,1.015764992209807,1.0000765054510976,0.9978648271676208,0.9999228924271969,0.9997568005404555
0.25,1.25,1.0164742661947104,1.0039855470058474,1.0164742661947104,0.999928407252747,0.9978888381562296,1.00070512890249,0.9996087496862041
0.25,1.5,1.0172404665195902,1.0040145974299917,1.0172404665195902,0.9997803318479921,0.9979177121714821,1.0015323585321942,0.9994607216182617
0.25,1.75,1.0180634646551976,1.0040485401672736,1.0180634646551976,0.9996322792469614,0.9979514487912681,1.002417926117448,0.9993127163467537
0.25,2.0,1.018943122975139,1.0040873747215453,1.018943122975139,0.9994842494597886,0.997990047522453,1.003364914351239,0.9991647338818103
0.25,2.25,1.0198792948691264,1.0041311005252371,1.0198792948691264,0.9993366583008308,0.9980335078009139,1.0043635294313056,0.9990171899048611
0.25,2.5,1.0208718248629436,1.0041797169393982,1.0208718248629436,0.9992160031836397,0.9980818289915796,1.00541361752441,0.9988965733587525
0.25,2.75,1.0219205487449012,1.0042332232537432,1.0219205487449012,0.9990953608610876,0.9981350103884783,1.0065150175265671,0.9987759696031927
0.25,3.0,1.0230252936985467,1.004291618686705,1.0230252936985467,0.9989747313378103,0.9981930512147887,1.0076675611830839,0.9986553786428162
0.25,3.25,1.0241858784413829,1.004354902385491,1.0241858784413829,0.9988541146184449,0.9982559506228967,1.008871073213023,0.9985348004822583
0.25,3.5,1.0254021133693503,1.0044230734261448,1.0254021133693503,0.9987335107076303,0.998323707694457,1.0101253714378737,0.9984142351261566
0.25,3.75,1.0267011411645488,1.0044961308136149,1.0267011411645488,0.9986129196100073,0.9983963214404603,1.0114302669142257,0.9982936825791503
0.25,4.0,1.0280769009991066,1.004574073481827,1.0280769009991066,0.9984923413302184,0.9984737908013059,1.0127855640702201,0.9981731428458805
0.25,4.25,1.0295036183817652,1.0046569002937598,1.0295036183817652,0.9983717758729077,0.9985561146468775,1.0141910608455686,0.9980526159309899
0.25,4.5,1.0309810817605949,1.0047446100415303,1.0309810817605949,0.9982512232427213,0.9986432917766269,1.015646548834908,0.997932101839123
0.25,4.75,1.0325090732914786,1.0048372014464806,1.0325090732914786,0.9981306834443068,0.9987353209196606,1.0171518134342743,0.9978116005749258
0.25,5.0,1.034087368989723,1.0049346731592708,1.034087368989723,0.9980101564823137,0.9988322007348326,1.0187066339904631,0.9976911121430466
0.25,5.25,1.0357157388843847,1.0050370237599768,1.0357157388843847,0.9978896423613932,0.9989339298108415,1.0203107839530556,0.997570636548135
0.25,5.5,1.0373939471750573,1.0051442517581948,1.0373939471750573,0.9977691410861985,0.9990405066663337,1.021964031028877,0.9974501737948426
0.25,5.75,1.0391217523909058,1.005256355593148,1.0391217523909058,0.9976486526613841,0.9991519297500103,1.0236661373386635,0.9973297238878224
0.25,6.0,1.0408989075517012,1.0053733336338002,1.0408989075517012,0.9975281770916063,0.9992681974407401,1.0254168595757038,0.9972092868317294
0.25,6.25,1.0427251603306522,1.0054951841789748,1.0427251603306522,0.9974077143815238,0.9993893080476761,1.0272159491662463,0.9970888626312207
0.25,6.5,1.044600253218773,1.0056219054574775,1.044600253218773,0.9972872645357962,0.99951525981038,1.0290631524314242,0.9969684512909543
0.25,6.75,1.0465239236905879,1.0057534956282237,1.0465239236905879,0.9971668275590854,0.9996460508989474,1.0309582107504944,0.9968480528155909
0.25,7.0,1.0484959043709436,1.005896335950059,1.0484959043709436,0.997046403456055,0.999781679414142,1.0329008607251693,0.9967276672097922
0.25,7.25,1.0505159232027002,1.006047179879408,1.0505159232027002,0.9969259922313698,0.9999221433875309,1.0348908343448127,0.996607294478222
0.25,7.5,1.0525837036150998,1.0062035966338463,1.0525837036150998,0.9968055938896973,1.000067440781629,1.0369278591523055,0.9964869346255458
0.25,7.75,1.054698964692589,1.0063655836148644,1.054698964692589,0.9966852084357061,1.000217569490044,1.0390116584103557,0.9963665876564312
0.25,8.0,1.056861421343895,1.0065331381331204,1.056861421343895,0.9965648358740666,1.0003807489880285,1.041141951268061,0.9962462535755469
0.25,8.25,1.0590707844711498,1.006706257408659,1.0590707844711498,0.9964444762094511,1.000552810079677,1.043318452927517,0.9961259323875634
0.25,8.5,1.0613267611388655,1.006884938571142,1.0613267611388655,0.9963241294465336,1.0007303990614826,1.0455408748102784,0.9960056240971537
0.25,8.75,1.0636290547425697,1.0070691786600845,1.0636290547425697,0.9962037955899901,1.0009135129910567,1.047808924723487,0.995885328708992
0.25,9.0,1.0659773651769118,1.0072589746250977,1.0659773651769118,0.9960834746444978,1.0011021488366554,1.050122307025478,0.9957650462277541
0.25,9.25,1.068371389003061,1.0074543233261402,1.068371389003061,0.9959631666147364,1.0012963034774305,1.0524807227906876,0.9956447766581182
0.25,9.5,1.0708108196152237,1.0076552215337744,1.0708108196152237,0.9958428715053866,1.0014959737036848,1.0548838699736933,0.9955245200047635
0.25,9.75,1.0732953474061113,1.0078616659294322,1.0732953474061113,0.9957225893211316,1.0017011562171345,1.0573314435722214,0.9954042762723716
0.25,10.0,1.0758246599311911,1.0080736531056855,1.0758246599311911,0.9956023200666555,1.0019118476311795,1.059823135788955,0.9952840454656253
0.25,10.25,1.0783984420715753,1.0082911795665257,1.0783984420715753,0.9954820637466449,1.0021280444711795,1.0623586361919983,0.9951638275892097
0.25,10.5,1.0810530235131282,1.0085142417276465,1.0810530235131282,0.995361820365788,1.0023497431747384,1.0649376318738508,0.9950436226478112
0.25,10.75,1.0837694197815408,1.0087428359167394,1.0837694197815408,0.9952415899287743,1.0025769400919935,1.0675598076087454,0.9949234306461182
0.25,11.0,1.086532783358235,1.0089769583737895,1.086532783358235,0.9951213724402959,1.0028096314859134,1.070224846008226,0.994803251588821
0.25,11.25,1.0893427568137592,1.0092166052513813,1.0893427568137592,0.9950011679050458,1.0030478135325995,1.0729324276748342,0.9946830854806112
0.25,11.5,1.092198980399104,1.0094617726150124,1.092198980399104,0.9948809763277193,1.0032914823215988,1.0756822313537906,0.9945629323261826
0.25,11.75,1.095101092227981,1.00971245644341,1.095101092227981,0.9947607977130133,1.0035406338562187,1.0784739340825535,0.9944427921302307
0.25,12.0,1.0980487284564486,1.0099686526288567,1.0980487284564486,0.9946406320656265,1.00379526405385,1.0813072113381579,0.9943226648974525
0.375,0.0,1.0124647276286267,1.0028504557848885,1.0124647276286267,1.001093641193196,0.9968978191156813,0.9965159809052238,1.00076958765889
0.375,0.25,1.012931126205316,1.002844324037892,1.012931126205316,1.0009433958083092,0.9967522865949366,0.9970156897893004,1.000620999557133
0.375,0.5,1.0134463940221894,1.0028438064385181,1.0134463940221894,1.000793172856585,0.996749634052491,0.9975718845749204,1.0004724340593485
0.375,0.75,1.0140406440276901,1.0028531477938132,1.0140406440276901,1.0006437774320147,0.9967633154458722,0.9981844708391687,1.0003238911756085
0.375,1.0,1.0147201430896229,1.0028718114813209,1.0147201430896229,1.0004952096781872,0.9967818657980144,0.9988533448291471,1.000175370915988
0.375,1.25,1.0154567092177735,1.0028953736015236,1.0154567092177735,1.0003466645657981,0.996805284837087,0.9995783935490344,1.0000268732905677
0.375,1.5,1.016250218327548,1.0029238338091782,1.016250218327548,1.0001981421049346,0.9968335722199431,1.0003594948545012,0.9998783983094318
0.375,1.75,1.0171005371437079,1.0029571916873157,1.0171005371437079,1.0000496423056893,0.9968667275321458,1.0011995635405062,0.9997299459826696
0.375,2.0,1.01800752331065,1.0029954467472728,1.01800752331065,0.9999011651781589,0.9969047502879994,1.002164294940953,0.9995815163203746
0.375,2.25,1.0189710255095483,1.003038598428726,1.0189710255095483,0.9997527107324445,0.9969476399305824,1.003180680249808,0.9994331093326447
0.375,2.5,1.019990883582158,1.003086646099733,1.019990883582158,0.9996042789786517,0.9969953958317908,1.0042485626325839,0.9992847250295822
0.375,2.75,1.021066928661033,1.0031395890567802,1.021066928661033,0.9994558699268906,0.9970480172923826,1.0053677779916799,0.9991363634212942
0.375,3.0,1.0221989833059273,1.0031974265248331,1.0221989833059273,0.999307483587276,0.9971055035420295,1.0065381550887273,0.9989880245178918
0.375,3.25,1.0233868616461228,1.0032601576573932,1.0233868616461228,0.9991591199699268,0.9971678537393737,1.0077595156713146,0.9988397083294911
0.375,3.5,1.0246303695284282,1.0033277815365589,1.0246303695284282,0.9990107790849663,0.9972350669720877,1.009031674603885,0.9986914148662119
0.375,3.75,1.0259293046705795,1.0034002971730955,1.0259293046705795,0.9988624609425227,0.9973071422569435,1.010354440002582,0.9985431441381795
0.375,4.0,1.0272834568197755,1.0034777035065032,1.0272834568197755,0.9987141655527283,0.9973840785398818,1.0117276133738349,0.9983948961555225
0.375,4.25,1.028692607916062,1.0035599994050992,1.028692607916062,0.9985658929257202,0.9974658746960912,1.0131509897564497,0.9982466709283749
0.375,4.5,1.0301565322602892,1.0036471836660963,1.0301565322602892,0.9984176430716393,0.9975525295300888,1.0146243578669913,0.9980984684668746
0.375,4.75,1.031674996686346,1.0037392550156925,1.031674996686346,0.9982694160006317,0.9976440417758079,1.0161475002482214,0.9979502887811642
0.375,5.0,1.0332477607373913,1.0038362121091642,1.0332477607373913,0.9981212117228476,0.9977404100966907,1.0177201934203661,0.997802131881391
0.375,5.25,1.0348745768457779,1.0039380535309634,1.0348745768457779,0.9979730302484419,0.9978416330857849,1.0193422080349852,0.997653997777706
0.375,5.5,1.036555190516383,1.0040447777948207,1.036555190516383,0.9978248715875735,0.9979477092658467,1.0210133090312115,0.9975058864802655
0.375,5.75,1.0382893405130456,1.0041563833438543,1.0382893405130456,0.9977038019150746,0.9980586370894484,1.0227332557941307,0.9973848555113745
0.375,6.0,1.0400767590478162,1.0042728685506819,1.0400767590478162,0.9975830299951336,0.99817441493909,1.024501802315074,0.9972641221998556
0.375,6.25,1.041917171972722,1.00439423171754,1.041917171972722,0.9974622708625087,0.9982950411273177,1.0263186973535952,0.997143401671565
0.375,6.5,1.0438102989737619,1.004520471076407,1.0438102989737619,0.9973415245218449,0.9984205138968463,1.028183684600908,0.9970226939311461
0.375,6.75,1.0457558537668281,1.004653838043756,1.0457558537668281,0.9972207909777887,0.9985508314206859,1.0300965028445597,0.996901998983244
0.375,7.0,1.0477535442952763,1.0047990163080804,1.0477535442952763,0.9971000702349885,0.9986859918022759,1.0320568861341204,0.9967813168325056
0.375,7.25,1.0498030729288572,1.0049497760193513,1.0498030729288572,0.9969793622980945,0.99882599307562,1.0340645639476755,0.9966606474835795
0.375,7.5,1.0519041366637283,1.0051061146660207,1.0519041366637283,0.9968586671717587,0.9989708332054309,1.0361192613588988,0.9965399909411164
0.375,7.75,1.0540564273232662,1.005268029645191,1.0540564273232662,0.9967379848606347,0.9991233734195963,1.0382206992045073,0.9964193472097683
0.375,8.0,1.05625963175942,1.005435518262831,1.05625963175942,0.996617315369378,0.9992898382704927,1.0403685942518912,0.9962987162941894
0.375,8.25,1.0585134320543303,1.0056085777339965,1.0585134320543303,0.9964966587026458,0.9994618399233198,1.042562659366711,0.9961780981990351
0.375,8.5,1.0608175057219602,1.0057872051830627,1.0608175057219602,0.9963760148650973,0.9996393755200297,1.0448026036802818,0.9960574929289633
0.375,8.75,1.0631715259094925,1.0059713976439604,1.0631715259094925,0.9962553838613929,0.9998224421126829,1.0470881327565391,0.9959369004886328
0.375,9.0,1.0655751615982367,1.0061611520604197,1.0655751615982367,0.9961347656961952,1.0000110366636914,1.0494189487584207,0.9958163208827049
0.375,9.25,1.0680280778038242,1.0063564652862231,1.0680280778038242,0.9960141603741685,1.0002051560460685,1.051794750613472,0.9956957541158421
0.375,9.5,1.0705299357754499,1.0065573340854617,1.0705299357754499,0.9958935678999788,1.0004047970436847,1.0542152341785127,0.9955752001927093
0.375,9.75,1.073080393193948,1.006763755132804,1.073080393193948,0.9957729882782941,1.0006099563515343,1.0566800924031978,0.9954546591179726
0.375,10.0,1.075679104368492,1.0069757250137652,1.075679104368492,0.9956524215137836,1.0008206305760037,1.059189015492314,0.9953341308963002
0.375,10.25,1.078325720431705,1.0071932402249892,1.078325720431705,0.9955318676111188,1.0010368162351508,1.061741691066664,0.9952136155323615
0.375,10.5,1.0810198895330025,1.0074162971745346,1.0810198895330025,0.9954113265749728,1.0012585097589894,1.0643378043223835,0.9950931130308287
0.375,10.75,1.0837612570299635,1.0076448921821655,1.0837612570299635,0.9952907984100203,1.0014857074897794,1.0669770381885737,0.9949726233963747
0.375,11.0,1.086549465677574,1.0078790214796554,1.086549465677574,0.9951702831209381,1.0017184056823272,1.0696590734830895,0.9948521466336747
0.375,11.25,1.0893841558151602,1.0081186812110907,1.0893841558151602,0.9950497807124046,1.0019566005042881,1.0723835890663922,0.9947316827474058
0.375,11.5,1.0922649655508643,1.0083638674331854,1.0922649655508643,0.9949292911890999,1.0022002880364798,1.0751856279882803,0.9946112317422464
0.375,11.75,1.0951915309435076,1.0086145761156018,1.0951915309435076,0.9948088145557056,1.0024494642731991,1.0780664317756208,0.994490793622877
0.375,12.0,1.0981634861817122,1.0088708031412743,1.0981634861817122,0.9946883508169057,1.0027041251225468,1.0809919156645325,0.9943703683939796
0.5,0.0,1.0113176551859009,1.0017752962304793,1.0113176551859009,1.0015221123903852,0.9958763260227558,0.995406007923928,1.0011987301034064
0.5,0.25,1.0118069799163307,1.0017590188682783,1.0118069799163307,1.0013714240630827,0.9957320762609687,0.9959325164469282,1.0010496974808445
0.5,0.5,1.0123452054026103,1.0017582509882896,1.0123452054026103,1.0012207580262287,0.9956750674084146,0.9965155431519178,1.0009006873204045
0.5,0.75,1.0129948087567044,1.0017714083155993,1.0129948087567044,1.0010717226942618,0.9956881448377676,0.9971549889020273,1.0007516996321202
0.5,1.0,1.013701617186361,1.0017894696580552,1.013701617186361,1.000922709851678,0.9957060965026023,0.99785074523339,1.0006027344260293
0.5,1.25,1.0144655111221317,1.0018124347504196,1.0144655111221317,1.0007737195085231,0.9957289221392921,0.9986026944462202,1.000453791712175
0.5,1.5,1.0152863617118897,1.0018403032554672,1.0152863617118897,1.0006247516748474,0.9957566214126591,0.9994107097032037,1.000304871500604
0.5,1.75,1.0161640309280178,1.001873074764012,1.0161640309280178,1.000475806360706,0.9957891939160025,1.0002746551350088,1.000155973801368
0.5,2.0,1.0170983716816289,1.0019107487949377,1.0170983716816289,1.0003268835761576,0.9958266391711269,1.0011943859527228,1.0000070986245229
0.5,2.25,1.0180892279436013,1.0019533247952304,1.0180892279436013,1.0001779833312665,0.9958689566283774,1.0021697485669927,0.9998582459801295
0.5,2.5,1.0191364348721952,1.002000802140022,1.0191364348721952,1.0000291056361004,0.9959161456666797,1.0032005807136468,0.9997094158782526
0.5,2.75,1.0202398189470216,1.0020531801326338,1.0202398189470216,0.9998802505007321,0.9959682055935865,1.0042867115855696,0.9995606083289614
0.5,3.0,1.021399198109107,1.0021104580046298,1.021399198109107,0.9997314179352389,0.9960251356453274,1.0054328042841147,0.9994118233423303
0.5,3.25,1.0226143819068054,1.0021726349158713,1.0226143819068054,0.9995826079497023,0.9960869349868656,1.0066720235402467,0.9992630609284373
0.5,3.5,1.02388517164728,1.0022397099545788,1.02388517164728,0.9994338205542085,0.9961536027119586,1.0079620514571888,0.9991143210973655
0.5,3.75,1.025211360553303,1.0023116821373999,1.025211360553303,0.9992850557588479,0.9962251378432252,1.0093026932135507,0.9989656038592021
0.5,4.0,1.026592733925077,1.0023885504094787,1.026592733925077,0.9991363135737154,0.9963015393322154,1.0106937473981141,0.9988169092240388
0.5,4.25,1.0280290693068002,1.0024703136445363,1.0280290693068002,0.9989875940089107,0.9963828060594895,1.0121350061539878,0.998668237201972
0.5,4.5,1.0295201366576954,1.0025569706449513,1.0295201366576954,0.9988388970745379,0.9964689368346983,1.013626255325993,0.9985195878031026
0.5,4.75,1.0310656985272024,1.0026485201418462,1.0310656985272024,0.9986902227807053,0.9965599303966702,1.0151672746110527,0.9983709610375356
0.5,5.0,1.0326655102340394,1.0027449607951837,1.0326655102340394,0.9985415711375257,0.9966557854135047,1.0167578377113415,0.9982223569153807
0.5,5.25,1.0343193200488436,1.0028462911938607,1.0343193200488436,0.9983929421551168,0.9967565004826681,1.0183977124899808,0.9980737754467524
0.5,5.5,1.0360268693800903,1.0029525098558132,1.0360268693800903,0.9982443358436005,0.9968620741310961,1.0200866611290351,0.997925216641769
0.5,5.75,1.0377878929629842,1.0030636152281251,1.0377878929629842,0.9980957522131032,0.9969725048153024,1.0218244402895797,0.9977766805105541
0.5,6.0,1.039602119051045,1.0031796056871394,1.039602119051045,0.9979471912737555,0.9970877909214899,1.0236108012736171,0.9976281670632349
0.5,6.25,1.0414692696100685,1.0033004795385772,1.0414692696100685,0.997798653035693,0.9972079307656684,1.0254454901876031,0.9974796763099437
0.5,6.5,1.043389060514183,1.0034262350176621,1.043389060514183,0.9976501375090556,0.9973329225937781,1.0273282481073638,0.9973312082608171
0.5,6.75,1.0453612017437044,1.0035640087506228,1.0453612017437044,0.9975016447039875,0.9974627645818158,1.0292588112441736,0.9971827629259963
0.5,7.0,1.0473853975845027,1.0037090954152794,1.0473853975845027,0.9973531746306376,0.9975974548359685,1.0312369111117805,0.9970343403156268
0.5,7.25,1.0494613468285936,1.0038597696138236,1.0494613468285936,0.9972047272991593,0.9977369913927499,1.0332622746941542,0.9968859404398587
0.5,7.5,1.0515887429756738,1.0040160288306659,1.0515887429756738,0.9970563027197104,0.997881372219144,1.035334624613744,0.9967375633088466
0.5,7.75,1.0537672744353288,1.0041778704585673,1.0537672744353288,0.9969079009024527,0.9980398777826285,1.037453679300045,0.9965892089327492
0.5,8.0,1.0559966247296435,1.0043452917988553,1.0559966247296435,0.9967595218575538,0.9982062757674027,1.0396191531582568,0.9964408773217306
0.5,8.25,1.0582764726959446,1.004518290061646,1.0582764726959446,0.9966111655951845,0.9983782165859886,1.041830756737848,0.9962925684859584
0.5,8.5,1.0606064926894303,1.0046968623660775,1.0606064926894303,0.9964628321255207,0.9985556973751327,1.044088196900815,0.9961442824356055
0.5,8.75,1.0629863547854277,1.0048810057405453,1.0629863547854277,0.9963145214587428,0.9987387151813948,1.0463911769894696,0.9959960191808488
0.5,9.0,1.0654157249810425,1.0050707171229492,1.0654157249810425,0.9961929343016501,0.9989272669613917,1.0487562189222182,0.9958744708927936
0.5,9.25,1.0678942653959635,1.005265993360947,1.0678942653959635,0.9960720325526797,0.9991213495820493,1.0511960033303605,0.9957536077937491
0.5,9.5,1.070421634472193,1.0054668312122108,1.070421634472193,0.9959511435789237,0.9993209598208589,1.0536838528843497,0.995632757465835
0.5,9.75,1.0729974871724957,1.0056732273446969,1.0729974871724957,0.9958302673850343,0.9995260943661434,1.0562194279421686,0.9955119199137021
0.5,10.0,1.075621475177347,1.0058851783369185,1.075621475177347,0.9957094039756657,0.9997367498173296,1.0588023856308344,0.9953910951420029
0.5,10.25,1.0782932470801843,1.0061026806782256,1.0782932470801843,0.9955885533554741,0.9999529226852265,1.061432380038597,0.9952702831553925
0.5,10.5,1.0810124485807722,1.0063257307690936,1.0810124485807722,0.9954677155291174,1.0001746093923112,1.0641090624052805,0.9951494839585269
0.5,10.75,1.0837787226764963,1.0065543249214175,1.0837787226764963,0.995346890501255,1.0004018062730222,1.066832081310587,0.9950286975560642
0.5,11.0,1.0865917098514197,1.0067884593588128,1.0865917098514197,0.9952260782765486,1.000634509574058,1.0696010828601952,0.9949079239526646
0.5,11.25,1.0894510482629316,1.0070281302169246,1.0894510482629316,0.9951052788596613,1.0008727154546841,1.0724157108694912,0.9947871631529895
0.5,11.5,1.0923563739258366,1.0072733335437405,1.0923563739258366,0.9949844922552579,1.001116419987045,1.0752756070447802,0.9946664151617026
0.5,11.75,1.095307320893746,1.007524065299914,1.095307320893746,0.994863718468005,1.0013656191564844,1.0781804111618394,0.9945456799834689
0.5,12.0,1.0983035214376313,1.0077803213590908,1.0983035214376313,0.9947429575025716,1.00162030886187,1.0811297612416815,0.9944249576229555
0.625,0.0,1.01019465281015,1.000753660634706,1.01019465281015,1.0019593632499262,0.9948611488890224,0.9943218633127769,1.0016366476583554
0.625,0.25,1.010706943013727,1.0006811610411155,1.010706943013727,1.0018082336833893,0.9947181854268815,0.9948752161883316,1.0014871722054812
0.625,0.5,1.0112984105419598,1.0006843814914914,1.0112984105419598,1.0016579295339236,0.9946077189912117,0.9954851166298551,1.0013377190729138
0.625,0.75,1.0119753395698694,1.000696929760351,1.0119753395698694,1.0015084509462753,0.9946201910606259,0.9961514607724684,1.0011882882706482
0.625,1.0,1.01270949392323,1.0007143873284845,1.01270949392323,1.0013589947060733,0.9946375426175619,0.9968741354295835,1.0010388798086847
0.625,1.25,1.0135007492443058,1.0007367539389678,1.0135007492443058,1.0012095608233251,0.9946597734066557,0.997653018188,1.000889493697028
0.625,1.5,1.0143489719061813,1.0007640292626567,1.0143489719061813,1.0010601493080435,0.9946868831007617,0.9984879775102763,1.0007401299456873
0.625,1.75,1.0152540191239419,1.0007962128982102,1.0152540191239419,1.0009107601702447,0.9947188713009762,0.9993788728441719,1.0005907885646759
0.625,2.0,1.0162157390728317,1.000833304372121,1.0162157390728317,1.0007613934199504,0.9947557375366674,1.0003255547389578,1.0004414695640118
0.625,2.25,1.0172339710131577,1.0008753031387498,1.0172339710131577,1.000612049067186,0.9947974812655092,1.0013278649683672,1.0002921729537178
0.625,2.5,1.0183085454217145,1.000922208580366,1.0183085454217145,1.0004627271219817,0.9948441018735219,1.0023856366599655,1.0001428987438208
0.625,2.75,1.0194392841294726,1.0009740200071915,1.0194392841294726,1.0003134275943721,0.9948955986751166,1.0034986944306856,0.9999936469443519
0.625,3.0,1.0206260004652863,1.0010307366574536,1.0206260004652863,1.0001641504943968,0.9949519709131462,1.0046668545282882,0.9998444175653474
0.625,3.25,1.021868499405357,1.0010923576974393,1.021868499405357,1.000014895832099,0.9950132177589607,1.0058899249784887,0.9996952106168476
0.625,3.5,1.0231665777281718,1.0011588822215576,1.0231665777281718,0.9998656636175268,0.9950793383124679,1.007167705737473,0.9995460261088976
0.625,3.75,1.0245200241746544,1.0012303092524049,1.0245200241746544,0.9997164538607333,0.9951503316021997,1.0084999888495438,0.9993968640515467
0.625,4.0,1.0259286196132373,1.0013066377408377,1.0259286196132373,0.999567266571775,0.9952261965853835,1.0098865586096115,0.9992477244548487
0.625,4.25,1.0273921372095682,1.0013878665660485,1.0273921372095682,0.9994181017607141,0.9953069321480181,1.0113271917302475,0.9990986073288621
0.625,4.5,1.0289103426005586,1.00147399453565,1.0289103426005586,0.9992689594376164,0.9953925371049565,1.0128216575130111,0.99894951268365
0.625,4.75,1.0304829940724818,1.0015650203857591,1.0304829940724818,0.9991198396125522,0.9954830101999912,1.0143697180237623,0.9988004405292791
0.625,5.0,1.0321098427428195,1.0016609427810932,1.0321098427428195,0.9989707422955972,0.9955783501059475,1.0159711282716657,0.9986513908758219
0.625,5.25,1.0337906327455577,1.0017617603150653,1.0337906327455577,0.9988216674968304,0.9956785554247803,1.017625636391588,0.9985023637333544
0.625,5.5,1.035525101419636,1.001867471509887,1.035525101419636,0.9986726152263362,0.9957836246876749,1.0193329838296012,0.9983533591119576
0.625,5.75,1.0373129795002412,1.0019780748166787,1.0373129795002412,0.9985235854942033,0.9958935563551572,1.0210929055312852,0.9982043770217169
0.625,6.0,1.0391539913126548,1.0020935686155796,1.0391539913126548,0.9983745783105243,0.9960083488172036,1.0229051301325434,0.9980554174727221
0.625,6.25,1.0410478549683515,1.0022139512158692,1.0410478549683515,0.9982255936853971,0.9961280003933597,1.0247693801526356,0.9979064804750672
0.625,6.5,1.0429942825630572,1.0023422058364657,1.0429942825630572,0.9980766316289237,0.9962525093328624,1.0266853721891394,0.9977575660388517
0.625,6.75,1.0449929803764606,1.0024816036082314,1.0449929803764606,0.9979276921512105,0.996381873814768,1.0286528171145373,0.9976086741741782
0.625,7.0,1.0470436490733153,1.002626597400434,1.0470436490733153,0.9977787752623687,0.996516091948084,1.0306714202741758,0.9974598048911549
0.625,7.25,1.049145983905615,1.0027771847856501,1.049145983905615,0.997629880972514,0.9966551617719078,1.0327408816852794,0.9973109581998943
0.625,7.5,1.0512996749155938,1.0029333632442974,1.0512996749155938,0.9974810092917661,0.9968029775634847,1.0348608962367751,0.9971621341105128
0.625,7.75,1.0535044071392479,1.0030951301648425,1.0535044071392479,0.99733216023025,0.9969637556909059,1.037031153889633,0.9970133326331322
0.625,8.0,1.055759860810135,1.0032624828440206,1.055759860810135,0.9971833337980947,0.9971300854342584,1.0392513398774794,0.9968645537778781
0.625,8.25,1.0580657115631742,1.0034354184870578,1.0580657115631742,0.9970345300054335,0.9973019640158508,1.0415211349072075,0.9967157975548809
0.625,8.5,1.0604216306381955,1.0036139342079038,1.0604216306381955,0.9968857488624047,0.9974793885672741,1.0438402153593476,0.9965670639742753
0.625,8.75,1.0628272850829936,1.00379802702947,1.0628272850829936,0.9967369903791511,0.9976623561296373,1.0462082534879427,0.9964183530462011
0.625,9.0,1.0652823379556409,1.0039876938838785,1.0652823379556409,0.9965882545658195,0.997850863653814,1.0486249176196998,0.9962696647808017
0.625,9.25,1.0677864485258366,1.0041829316127129,1.0677864485258366,0.9964395414325616,0.9980449080006939,1.0510898723521902,0.9961209991882257
0.625,9.5,1.0703392724750576,1.0043837369672797,1.0703392724750576,0.9962908509895336,0.998244485941441,1.05360277875087,0.995972356278626
0.625,9.75,1.0729404620953042,1.0045901066088763,1.0729404620953042,0.9961421832468961,0.9984495941577604,1.0561632945447195,0.9958237360621598
0.625,10.0,1.0755896664862334,1.0048020371090673,1.0755896664862334,0.9959935382148144,0.9986602292421728,1.0587710743202927,0.9956751385489894
0.625,10.25,1.0782865317504817,1.0050195249499636,1.0782865317504817,0.9958449159034582,0.998876387698292,1.061425769713986,0.995526563749281
0.625,10.5,1.0810307011869877,1.0052425665245137,1.0810307011869877,0.9956963163230017,0.9990980659411143,1.064127029602339,0.9953780116732057
0.625,10.75,1.0838218154821446,1.0054711581367979,1.0838218154821446,0.9955477394836233,0.9993252602973114,1.0668745002901974,0.9952294823309388
0.625,11.0,1.0866595128986019,1.0057052960023314,1.0866595128986019,0.9953991853955066,0.999557967005531,1.0696678256965608,0.9950809757326603
0.625,11.25,1.0895434294615676,1.0059449762483743,1.0895434294615676,0.9952506540688395,0.999796182216705,1.072506647537976,0.9949324918885549
0.625,11.5,1.092473199142457,1.006190194914246,1.092473199142457,0.9951021455138137,1.0000399019943624,1.0753906055093088,0.9947840308088114
0.625,11.75,1.0954484540397458,1.00644094795165,1.0954484540397458,0.9949536597406266,1.0002891223149517,1.0783193374617737,0.9946355925036234
0.625,12.0,1.098468824556899,1.0066972312250022,1.098468824556899,0.9948051967594792,1.0005438390681674,1.0812924795780776,0.9944871769831892
0.75,0.0,1.0090958008626538,0.9997385448587316,1.0090958008626538,1.0024053822827095,0.9938523070689189,0.9932636316465664,1.00208332881938
0.75,0.25,1.0096310943021778,0.9996107746473099,1.0096310943021778,1.0022538131877519,0.9937106334361825,0.9938438715887117,1.0019334122343855
0.75,0.5,1.0102780240752138,0.9996177977274189,1.0102780240752138,1.0021038708476593,0.9935737649303147,0.9944806855635472,1.0017835178279282
0.75,0.75,1.0109823162294462,0.9996297355418562,1.0109823162294462,1.0019539507031567,0.9935594773860548,0.9951739649655408,1.0016336456099653
0.75,1.0,1.0117438509720866,0.9996465879145465,1.0117438509720866,1.0018040527642091,0.9935762274226009,0.9959235918750589,1.0014837955904587
0.75,1.25,1.0125624991489819,0.999668354596941,1.0125624991489819,1.0016541770407854,0.9935978619266732,0.9967294391574834,1.0013339677793742
0.75,1.5,1.013438122352652,0.9996950352680376,1.013438122352652,1.0015043235428591,0.9936243805792186,0.9975913705695602,1.0011841621866822
0.75,1.75,1.014370573037458,0.9997266295344028,1.014370573037458,1.0013544922804087,0.9936557829891932,0.9985092408727656,1.0010343788223577
0.75,2.0,1.0153596946416792,0.9997631369302026,1.0153596946416792,1.001204683263417,0.9936920686935914,0.999482895953477,1.0008846176963804
0.75,2.25,1.016405321716283,0.9998045569172342,1.016405321716283,1.0010548965018706,0.993733237157479,1.000512172949725,1.0007348788187338
0.75,2.5,1.0175072800601237,0.9998508888849691,1.0175072800601237,1.0009051320057618,0.9937792877740343,1.0015969003842828,1.000585162199407
0.75,2.75,1.0186653868613351,0.9999021321505944,1.0186653868613351,1.0007553897850867,0.9938302198645915,1.0027368983038445,1.0004354678483929
0.75,3.0,1.0198794508446525,0.9999582859590664,1.0198794508446525,1.0006056698498456,0.9938860326786916,1.0039319784240448,1.0002857957756885
0.75,3.25,1.0211492724243885,1.0000193494831637,1.0211492724243885,1.0004559722100437,0.9939467253941365,1.0051819442800427,1.000136145991296
0.75,3.5,1.0224746438628005,1.0000853218235497,1.0224746438628005,1.000306296875691,0.9940122971170507,1.0064865913824133,0.999986518505222
0.75,3.75,1.0238553494335496,1.0001562020088377,1.0238553494335496,1.0001566438568013,0.9940827468819465,1.0078457073780491,0.9998369133274773
0.75,4.0,1.0252911655899826,1.0002319889956628,1.0252911655899826,1.0000070131633936,0.9941580736517949,1.0092590722158123,0.9996873304680775
0.75,4.25,1.026781861137927,1.000312681668759,1.026781861137927,0.9998574048054908,0.9942382763181019,1.0107264583166267,0.9995377699370424
0.75,4.5,1.0283271974127202,1.0003982788410397,1.0283271974127202,0.9997078187931205,0.9943233537009899,1.0122476307477397,0.9993882317443963
0.75,4.75,1.029926928460154,1.0004887792536867,1.029926928460154,0.9995582551363152,0.9944133045492849,1.0138223474008368,0.9992387159001686
0.75,5.0,1.0315808012210521,1.0005841815762417,1.0315808012210521,0.9994087138451113,0.9945081275406075,1.0154503591737332,0.9990892224143925
0.75,5.25,1.0332885557191664,1.0006844844067029,1.0332885557191664,0.9992591949295501,0.9946078212814697,1.0171314101553315,0.998939751297106
0.75,5.5,1.0350499252520953,1.0007896862716301,1.0350499252520953,0.9991096983996774,0.9947123843073791,1.0188652378135559,0.9987903025583518
0.75,5.75,1.0368646365849152,1.00089978562625,1.0368646365849152,0.998960224265543,0.9948218150829425,1.0206515731859547,0.9986408762081763
0.75,6.0,1.0387324101462325,1.0010147808545713,1.0387324101462325,0.9988107725372019,0.9949361120019822,1.0224901410726872,0.9984914722566315
0.75,6.25,1.0406529602263508,1.0011346702695025,1.0406529602263508,0.9986613432247134,0.9950552733876512,1.0243806602315926,0.9983420907137733
0.75,6.5,1.0426259951772574,1.001267349104155,1.0426259951772574,0.9985119363381411,0.9951792974925554,1.0263228435750484,0.9981927315896623
0.75,6.75,1.0446512176141365,1.0014066466905356,1.0446512176141365,0.9983625518875531,0.9953081824988835,1.0283163983683339,0.9980433948943632
0.75,7.0,1.0467283246181232,1.0015515463319529,1.0467283246181232,0.9982131898830227,0.9954419265185368,1.0303610264292127,0.9978940806379459
0.75,7.25,1.0488570079400057,1.0017020455973373,1.0488570079400057,0.9980638503346263,0.9955805275932694,1.0324564243284509,0.9977447888304842
0.75,7.5,1.051036954204605,1.00185814196316,1.051036954204605,0.9979145332524465,0.9957343285247188,1.0346022835909985,0.9975955194820569
0.75,7.75,1.0532678451155513,1.0020198328136436,1.0532678451155513,0.9977652386465691,0.9958950310470533,1.0367982908975677,0.9974462726027468
0.75,8.0,1.055549357660197,1.0021871154409792,1.055549357660197,0.9976159665270854,0.996061291166752,1.039044128286338,0.9972970482026419
0.75,8.25,1.0578811643143973,1.0023599870455528,1.0578811643143973,0.9974667169040902,0.9962331061013131,1.041339473354537,0.9971478462918338
0.75,8.5,1.0602629332469131,1.0025384447361765,1.0602629332469131,0.9973174897876838,0.9964104729772214,1.0436839994596459,0.9969986668804197
0.75,8.75,1.062694328523186,1.0027224855303307,1.062694328523186,0.9971682851879704,0.9965933888301877,1.0460773759199895,0.9968495099785004
0.75,9.0,1.0651750103082473,1.0029121063544097,1.0651750103082473,0.9970191031150589,0.9967818506053933,1.0485192682144704,0.9967003755961816
0.75,9.25,1.0677046350685369,1.0031073040439762,1.0677046350685369,0.9968699435790629,0.9969758551577436,1.0510093381812342,0.9965512637435736
0.75,9.5,1.0702828557724047,1.0033080753440247,1.0702828557724047,0.9967208065901002,0.9971753992521291,1.0535472442150349,0.9964021744307912
0.75,9.75,1.0729093220890862,1.0035144169092485,1.0729093220890862,0.9965716921582934,0.9973804795636914,1.0561326414630983,0.9962531076679536
0.75,10.0,1.0755836805859527,1.0037263253043178,1.0755836805859527,0.9964226002937693,0.9975910926780984,1.0587651820192894,0.9961040634651843
0.75,10.25,1.078305574923834,1.0039437970041603,1.078305574923834,0.9962735310066598,0.9978072350918251,1.0614445151163794,0.9959550418326121
0.75,10.5,1.0810746460502383,1.0041668283942529,1.0810746460502383,0.9961244843071009,0.9980289032124423,1.0641702873162466,0.9958060427803697
0.75,10.75,1.083890532390291,1.0043954157709192,1.083890532390291,0.9959754602052329,0.9982560933589114,1.0669421426978263,0.9956570663185941
0.75,11.0,1.0867528700352271,1.0046295553416307,1.0867528700352271,0.9958264587112011,0.9984888017618864,1.0697597230426588,0.9955081124574275
0.75,11.25,1.08966129292828,1.004869243225321,1.08966129292828,0.9956774798351555,0.9987270245640231,1.0726226680178694,0.9953591812070165
0.75,11.5,1.0926154330478275,1.0051144754527008,1.0926154330478275,0.9955285235872497,0.9989707578202944,1.0755306153564523,0.9952102725775116
0.75,11.75,1.0956149205876513,1.0053652479665824,1.0956149205876513,0.9953795899776432,0.999219997498312,1.0784832010347103,0.9950613865790688
0.75,12.0,1.0986593841341874,1.0056215566222113,1.0986593841341874,0.9952306790164986,0.9994747394786562,1.081480059446734,0.994912523221848
0.875,0.0,1.008021178323141,0.9987299687829209,1.008021178323141,1.0028601577898797,0.9928498198745181,0.99223139583509,1.0025387618726058
0.875,0.25,1.0086098169170972,0.9985889365630143,1.0086098169170972,1.0027089523136758,0.9927094395897292,0.992838563535025,1.0023884058612273
0.875,0.5,1.0092841260990508,0.9985585230422579,1.0092841260990508,1.0025585702649213,0.9925738696399273,0.9935023287972308,1.0022380718866744
0.875,0.75,1.0100158167382047,0.9985698490149222,1.0100158167382047,1.0024082102699605,0.9925060270270394,0.9942225782643143,1.002087759958865
0.875,1.0,1.0108047642245233,0.9985860947793538,1.0108047642245233,1.0022578723387192,0.9925221741389595,0.9949991892747198,1.0019374700877215
0.875,1.25,1.0116508346007917,0.9986072600954408,1.0116508346007917,1.0021075564811268,0.9925432109285249,0.9958320299658718,1.0017872022831706
0.875,1.5,1.0125538846746855,0.9986333446503842,1.0125538846746855,1.001957262707119,0.9925691370848367,0.9967209593844901,1.0016369565551446
0.875,1.75,1.0135137621379133,0.9986643480587208,1.0135137621379133,1.0018069910266338,0.9925999522247718,0.9976658276038712,1.0014867329135784
0.875,2.0,1.0145303056922104,0.9987002698623516,1.0145303056922104,1.0016567414496158,0.9926356558930134,0.9986664758479108,1.001336531368413
0.875,2.25,1.0156033451819397,0.9987411095305753,1.0156033451819397,1.0015065139860124,0.9926762475620826,0.9997227366216317,1.0011863519295936
0.875,2.5,1.0167327017330545,0.9987868664601282,1.0167327017330545,1.0013563086457766,0.9927217266323793,1.000834433847973,1.001036194607069
0.875,2.75,1.017918187898162,0.9988375399752287,1.017918187898162,1.0012061254388656,0.9927720924322255,1.0020013830105876,1.0008860594107936
0.875,3.0,1.0191596078074299,0.9988931293276264,1.0191596078074299,1.0010559643752406,0.9928273442179146,1.0032233913023851,1.0007359463507255
0.875,3.25,1.0204567573250438,0.998953633696658,1.0204567573250438,1.0009058254648684,0.9928874811737666,1.0045002577795472,1.000585855436828
0.875,3.5,1.0218094242109557,0.9990190521893075,1.0218094242109557,1.000755708717719,0.9929525024121884,1.0058317735207436,1.0004357866790685
0.875,3.75,1.023217388287621,0.999089383840272,1.023217388287621,1.0006056141437678,0.9930224069737389,1.007217721791263,1.000285740087419
0.875,4.0,1.0246804216114351,0.9991646276120334,1.0246804216114351,1.000455541752995,0.9930971938272005,1.0086578782117699,1.000135715671856
0.875,4.25,1.0261982886485779,0.9992447823949344,1.0261982886485779,1.000305491555384,0.9931768618696543,1.0101520109313982,0.9999857134423601
0.875,4.5,1.0277707464549592,0.9993298470072599,1.0277707464549592,1.000155463560924,0.9932614099265609,1.0116998808048832,0.9998357334089174
0.875,4.75,1.0293975448599684,0.9994198201953239,1.0293975448599684,1.0000054577796078,0.9933508367518474,1.013301241573438,0.9996857755815174
0.875,5.0,1.0310784266537205,0.9995147006335627,1.0310784266537205,0.9998554742214337,0.993445141028,1.0149558400490724,0.9995358399701553
0.875,5.25,1.0328131277774915,0.9996144869246316,1.0328131277774915,0.9997055128964036,0.9935443213661588,1.0166634163020496,0.9993859265848296
0.875,5.5,1.034601377517047,0.9997191775995077,1.034601377517047,0.9995555738145245,0.9936483763062218,1.0184237038511923,0.9992360354355441
0.875,5.75,1.0364428986985494,0.9998287711175967,1.0364428986985494,0.9994056569858075,0.9937573043169502,1.020236429856726,0.9990861665323069
0.875,6.0,1.0383374078867444,0.9999432658668483,1.0383374078867444,0.9992557624202686,0.9938711037960825,1.0221013153153673,0.9989363198851305
0.875,6.25,1.0402846155851335,1.0000663801202152,1.0402846155851335,0.999105890127928,0.9939897730704511,1.0240180752573653,0.9987864955040324
0.875,6.5,1.0422842264378216,1.0001999658632028,1.0422842264378216,0.9989560401188107,0.9941133103961041,1.0259864189451953,0.9986366933990339
0.875,6.75,1.0443359394327576,1.0003391620089537,1.0443359394327576,0.9988062124029459,0.994241713958435,1.028006050073618,0.9984869135801613
0.875,7.0,1.0464394481060746,1.0004839662157612,1.0464394481060746,0.9986564069903677,0.994374981872313,1.0300766669708268,0.9983371560574453
0.875,7.25,1.048594440747243,1.0006343760489573,1.048594440747243,0.9985066238911146,0.9945180428253659,1.0321979628003934,0.9981874208409212
0.875,7.5,1.0508006006047648,1.000790388981116,1.0508006006047648,0.9983568631152293,0.9946731021353993,1.034369625763744,0.9980377079406286
0.875,7.75,1.0530576060921255,1.000952002392264,1.0530576060921255,0.9982071246727595,0.9948337276917426,1.0365913393028916,0.997888017366612
0.875,8.0,1.0553651309937504,1.0011192135700988,1.0553651309937504,0.9980574085737574,0.9949999167986726,1.038862782303172,0.9977383491289202
0.875,8.25,1.0577228446706946,1.0012920197102166,1.0577228446706946,0.9979077148282792,0.9951716666689265,1.041183629295718,0.9975887032376066
0.875,8.5,1.0601304122658262,1.0014704179163447,1.0601304122658262,0.9977580434463864,0.9953489744239356,1.0435535506594322,0.9974390797027289
0.875,8.75,1.0625874949082479,1.0016544052005827,1.0625874949082479,0.9976083944381442,0.9955318370940625,1.0459722128222153,0.9972894785343496
0.875,9.0,1.0650937499167363,1.0018439784836504,1.0650937499167363,0.9974587678136232,0.9957202516188491,1.048439278461221,0.9971398997425357
0.875,9.25,1.0676488310019536,1.0020391345951447,1.0676488310019536,0.9973091635828979,0.9959142148472714,1.0509544067019085,0.9969903433373588
0.875,9.5,1.0702523884672317,1.002239870273801,1.0702523884672317,0.9971595817560476,0.9961137235379989,1.0535172533156847,0.9968408093288946
0.875,9.75,1.0729040694077097,1.0024461821677642,1.0729040694077097,0.9970100223431562,0.9963187743596646,1.05612747091593,0.9966912977272241
0.875,10.0,1.0756035179076278,1.0026580668348644,1.0756035179076278,0.9968604853543115,0.996529363891139,1.0587847091522062,0.9965418085424319
0.875,10.25,1.0783503752355907,1.0028755207429039,1.0783503752355907,0.996710970799607,0.9967454886218144,1.0614886149024658,0.996392341784608
0.875,10.5,1.0811442800376125,1.0030985402699453,1.0811442800376125,0.9965614786891399,0.9969671449518926,1.0642388324630796,0.9962428974638465
0.875,10.75,1.0839848685277798,1.003327121704612,1.0839848685277798,0.9964120090330121,0.9971943291926825,1.0670350037365184,0.9960934755902462
0.875,11.0,1.0868717746763705,1.003561261246392,1.0868717746763705,0.9962625618413301,0.9974270375669025,1.0698767684165291,0.9959440761739102
0.875,11.25,1.0898046303952695,1.0038009550059503,1.0898046303952695,0.9961131371242049,0.9976652662089911,1.072763764170653,0.9957946992249463
0.875,11.5,1.0927830657205526,1.0040461990054483,1.0927830657205526,0.9959637348917523,0.9979090111654241,1.0756956268199525,0.995645344753467
0.875,11.75,1.0958067089920944,1.0042969891788684,1.0958067089920944,0.9958143551540923,0.9981582683950373,1.0786719905158122,0.9954960127695893
0.875,12.0,1.0988751870300786,1.0045533213723468,1.0988751870300786,0.9956649979213495,0.998413033769357,1.0816924879136889,0.9953467032834343
1.0,0.0,1.0069708627632767,0.9977279522396896,1.0069708627632767,1.0033236778643218,0.9918537065740779,0.9912252370925433,1.0030029348961305
1.0,0.25,1.0076150700951476,0.9975885601440279,1.0076150700951476,1.0031728359184648,0.9917146231442753,0.9918593711960052,1.0028521411714952
1.0,0.5,1.0083167949425982,0.997506580721035,1.0083167949425982,1.003022015874791,0.9915803552347041,0.9925501234352301,1.0027013693420412
1.0,0.75,1.0090759173102946,0.9975172934733524,1.0090759173102946,1.0028712177431816,0.9914598631359312,0.993297375691206,1.002550619417647
1.0,1.0,1.0098923077634283,0.9975329312251705,1.0098923077634283,1.002720441533523,0.9914754059273984,0.9941010005530485,1.0023998914081953
1.0,1.25,1.0107658275365798,0.9975534937448748,1.0107658275365798,1.002569687255705,0.9914958435810662,0.9949608614251609,1.0022491853235733
1.0,1.5,1.0116963286498102,0.997578980727931,1.0116963286498102,1.0024189549196234,0.99152117579425,0.9958768126415104,1.0020985011736734
1.0,1.75,1.0126836540317687,0.9976093917969083,1.0126836540317687,1.0022682445351774,0.9915514021918105,0.9968486995868125,1.0019478389683911
1.0,2.0,1.01372763764958,0.9976447265015053,1.01372763764958,1.002117556112271,0.9915865223261809,0.997876358824386,1.0017971987176284
1.0,2.25,1.0148281046452619,0.9976849843185855,1.0148281046452619,1.0019668896608132,0.9916265356774018,0.9989596182304363,1.0016465804312897
1.0,2.5,1.0159848714784212,0.9977301646522153,1.0159848714784212,1.0018162451907162,0.9916714416531578,1.0000982971345238,1.0014959841192854
1.0,2.75,1.017197746074964,0.997780266833707,1.017197746074964,1.0016656227118985,0.9917212395888223,1.0012922064659444,1.00134540979153
1.0,3.0,1.0184665279815448,0.99783529012167,1.0184665279815448,1.0015150222342815,0.9917759287475066,1.0025411489057663,1.001194857457942
1.0,3.25,1.0197910085254778,0.9978952337020647,1.0197910085254778,1.0013644437677922,0.9918355083201144,1.0038449190442404,1.001044327128445
1.0,3.5,1.021170970979822,0.9979600966882624,1.021170970979822,1.0012138873223617,0.9918999774254009,1.0052033035433041,1.0008938188129675
1.0,3.75,1.0226061907333477,0.9980298781211114,1.0226061907333477,1.001063352907926,0.9919693351100393,1.0066160813038882,1.0007433325214414
1.0,4.0,1.0240964354650863,0.9981045769690081,1.0240964354650863,1.0009128405344245,0.9920435803486898,1.0080830236377412,1.000592868263804
1.0,4.25,1.0256414653231685,0.9981841921279715,1.0256414653231685,1.0007623502118026,0.9921227120440758,1.0096038944434662,1.0004424260499964
1.0,4.5,1.0272410331076396,0.9982687224217269,1.0272410331076396,1.0006118819500092,0.9922067290270654,1.0111784503864822,1.0002920058899651
1.0,4.75,1.0288948844569485,0.9983581666017908,1.0288948844569485,1.0004614357589983,0.9922956300567566,1.0128064410825945,1.0001416077936607
1.0,5.0,1.0306027580378085,0.9984525233475643,1.0306027580378085,1.000311011648728,0.9923894138205696,1.0144876092848862,0.9999912317710383
1.0,5.25,1.0323643857381126,0.9985517912664296,1.0323643857381126,1.0001606096291613,0.9924880789343434,1.0162216910736195,0.9998408778320574
1.0,5.5,1.0341794928626062,0.998655968893852,1.0341794928626062,1.0000102297102653,0.9925916239424369,1.018008416048846,0.9996905459866822
1.0,5.75,1.0360477983310026,0.9987650546934894,1.0360477983310026,0.9998598719020123,0.9927000473178372,1.019847507525426,0.9995402362448813
1.0,6.0,1.0379690148782426,0.998879047057303,1.0379690148782426,0.9997095362143785,0.9928133474622706,1.0217386827301567,0.9993899486166282
1.0,6.25,1.0399428492565994,0.9990066030037436,1.0399428492565994,0.9995592226573445,0.992931522706321,1.0236816530007158,0.9992396831119004
1.0,6.5,1.041969002439321,0.9991400800654449,1.041969002439321,0.9994089312408966,0.9930545713095524,1.0256761239861198,0.9990894397406805
1.0,6.75,1.0440471698255234,0.9992791735102401,1.0440471698255234,0.9992586619750239,0.9931824914606355,1.0277217958484157,0.998939218512955
1.0,7.0,1.04617704144605,0.9994238809931726,1.04617704144605,0.9991084148697217,0.993315281277482,1.0298183634653175,0.9987890194387155
1.0,7.25,1.0483583021700014,0.9995742000760242,1.0483583021700014,0.9989581899349887,0.9934643471310253,1.0319655166335095,0.9986388425279578
1.0,7.5,1.0505906319116682,0.9997301282275196,1.0505906319116682,0.9988079871808285,0.9936193221786135,1.0341629402723431,0.9984886877906821
1.0,7.75,1.052873705837591,0.9998916628235399,1.052873705837591,0.9986578066172498,0.9937798694015832,1.036410314627657,0.9983385552368941
1.0,8.0,1.055207194573483,1.0000588011473406,1.055207194573483,0.9985076482542649,0.9939459860997959,1.0387073154754674,0.9981884448766025
1.0,8.25,1.0575907644107576,1.0002315403897788,1.0575907644107576,0.9983575121018909,0.9941176694812796,1.0410536143252629,0.9980383567198219
1.0,8.5,1.0600240775124181,1.0004098776495487,1.0600240775124181,0.9982073981701499,0.9942949166624623,1.0434488786226777,0.9978882907765707
1.0,8.75,1.0625067921180595,1.0005938099334224,1.0625067921180595,0.9980573064690684,0.9944777246684121,1.0458927719512858,0.9977382470568722
1.0,9.0,1.0650385627477532,1.0007833341564993,1.0650385627477532,0.9979072370086769,0.9946660904330851,1.0483849542332988,0.9975882255707538
1.0,9.25,1.067619040404592,1.0009784471424643,1.067619040404592,0.9977571897990113,0.9948600107995809,1.0509250819289433,0.9974382263282482
1.0,9.5,1.0702478727756843,1.0011791456238488,1.0702478727756843,0.9976071648501112,0.9950594825204033,1.0535128082343121,0.9972882493393919
1.0,9.75,1.0729247044313805,1.001385426242305,1.0729247044313805,0.9974571621720212,0.9952645022577322,1.0561477832774762,0.997138294614226
1.0,10.0,1.0756491770225494,1.001597285548881,1.0756491770225494,0.9973071817747906,0.9954750665836972,1.0588296543126743,0.9969883621627967
1.0,10.25,1.0784209294757043,1.0018147200043088,1.0784209294757043,0.9971572236684733,0.9956911719806644,1.0615580659123913,0.9968384519951549
1.0,10.5,1.0812395981858187,1.0020377259792956,1.0812395981858187,0.9970072878631269,0.9959128148415243,1.0643326601571557,0.9966885641213545
1.0,10.75,1.084104817206644,1.0022662997548237,1.084104817206644,0.9968573743688143,0.9961399914699915,1.0671530768228832,0.9965386985514559
1.0,11.0,1.0870162184383934,1.0025004375224562,1.0870162184383934,0.9967074831956033,0.9963726980809084,1.0700189535656255,0.9963888552955231
1.0,11.25,1.0899734318126253,1.0027401353846501,1.0899734318126253,0.9965576143535653,0.9966109308005557,1.072929926103562,0.9962390343636244
1.0,11.5,1.092976085474203,1.0029853893550789,1.092976085474203,0.9964077678527766,0.9968546856669726,1.0758856283961158,0.9960892357658331
1.0,11.75,1.0960238059601926,1.0032361953589557,1.0960238059601926,0.9962579437033189,0.9971039586302795,1.0788856928200523,0.9959394595122274
1.0,12.0,1.0991162183755872,1.0034925492333704,1.0991162183755872,0.9961081419152774,0.9973587455530116,1.0819297503424576,0.9957897056128894
1.125,0.0,1.0059752932307184,0.9967325150119584,1.0059752932307184,1.0037967299552335,0.9908639863905813,0.9902452349073319,1.0034758357615352
1.125,0.25,1.0066469324871268,0.9965947672453469,1.0066469324871268,1.003645451877059,0.9907262033110124,0.9909063719926167,1.0033246060440053
1.125,0.5,1.007376107138087,0.9964626185588459,1.007376107138087,1.0034941955594565,0.9905932409137505,0.9916241448130699,1.0031733980800912
1.125,0.75,1.0081626923425921,0.9964720921479108,1.0081626923425921,1.003342961012267,0.9904659384959635,0.9923984304797769,1.0030222118796301
1.125,1.0,1.0090065538350457,0.9964871204913766,1.0090065538350457,1.0031917482453367,0.9904359458861763,0.9932290968266018,1.0028710474524658
1.125,1.25,1.0099075480381952,0.9965070787929219,1.0099075480381952,1.0030405572685157,0.9904557829908041,0.9941160025213555,1.002719904808445
1.125,1.5,1.0108655221832408,0.9965319667563394,1.0108655221832408,1.0028893880916594,0.9904805198218997,0.9950589971840269,1.0025687839574196
1.125,1.75,1.0118803144368933,0.9965617840122905,1.0118803144368933,1.0027382407246268,0.9905101560123676,0.9960579215118531,1.0024176849092459
1.125,2.0,1.0129517540351316,0.996596530118336,1.0129517540351316,1.002587115177282,0.9905446911224552,0.997112607410986,1.0022666076737845
1.125,2.25,1.0140796614234138,0.996636204558967,1.0140796614234138,1.0024360114594937,0.990584124639784,0.9982228781345106,1.002115552260901
1.125,2.5,1.015263848403081,0.9966808067456429,1.015263848403081,1.0022849295811347,0.9906284559793874,0.9993885484265601,1.0019645186804653
1.125,2.75,1.0165041182836776,0.9967303360168359,1.0165041182836776,1.0021338695520825,0.9906776844837548,1.0006094246722537,1.001813506942352
1.125,3.0,1.0178002660409127,0.9967847916380803,1.0178002660409127,1.0019828313822192,0.9907318094228804,1.001885305053188,1.0016625170564393
1.125,3.25,1.019152078479979,0.9968441728020253,1.019152078479979,1.0018318150814316,0.9907908299943161,1.0032159797082034,1.0015115490326112
1.125,3.5,1.020559334403935,0.996908478628497,1.020559334403935,1.0016808206596108,0.9908547453232327,1.004601230899132,1.0013606028807556
1.125,3.75,1.022021804786854,0.9969777081645614,1.022021804786854,1.0015298481266521,0.9909235544624834,1.0060408331812392,1.0012096786107647
1.125,4.0,1.0235392529514364,0.9970518603845967,1.0235392529514364,1.0013788974924562,0.9909972563926738,1.0075345535780604,1.0010587762325358
1.125,4.25,1.0251114347507915,0.997130934190368,1.0251114347507915,1.0012279687669279,0.9910758500222386,1.0090821517603372,1.000907895755971
1.125,4.5,1.026738098754059,0.9972149284111096,1.026738098754059,1.0010770619599758,0.9911593341875212,1.0106833802287403,1.0007570371909753
1.125,4.75,1.0284189864355902,0.9973038418036095,1.0284189864355902,1.0009261770815143,0.9912477076528594,1.0123379845000888,1.00060620054746
1.125,5.0,1.0301538323673542,0.997397673052304,1.0301538323673542,1.0007753141414613,0.9913409691106778,1.014045703296751,1.0004553858353402
1.125,5.25,1.0319423644142727,0.997496420769373,1.0319423644142727,1.00062447314974,0.9914391171815842,1.0158062687389222,1.0003045930645356
1.125,5.5,1.0337843039321724,0.9976000834948419,1.0337843039321724,1.0004736541162778,0.9915421504144697,1.0176194065394837,1.0001538222449702
1.125,5.75,1.035679365968042,0.9977086596966913,1.035679365968042,1.0003228570510068,0.991650067286618,1.019484836201128,1.0000030733865735
1.125,6.0,1.0376272594622975,0.9978266058955156,1.0376272594622975,1.0001720819638629,0.991762866203816,1.0214022712154598,0.9998523464992778
1.125,6.25,1.039627687452745,0.9979543484514456,1.039627687452745,1.000021328864788,0.9918805455004717,1.0233714192637724,0.9997016415930218
1.125,6.5,1.0416803472799523,0.9980877155958563,1.0416803472799523,0.9998705977637267,0.9920031034397373,1.025391982419205,0.9995509586777473
1.125,6.75,1.043784930793721,0.9982267050743443,1.043784930793721,0.99971988867063,0.9921305382136355,1.027463657349989,0.9994002977634019
1.125,7.0,1.0459411245603922,0.9983713145387498,1.0459411245603922,0.9995692015954522,0.9922688141782232,1.0295861355235094,0.9992496588599366
1.125,7.25,1.048148610070679,0.9985215415473523,1.048148610070679,0.9994185365481528,0.9924181229309015,1.0317591034108897,0.9990990419773078
1.125,7.5,1.0504070639477658,0.9986773835650792,1.0504070639477658,0.9992678935386954,0.99257301237121,1.0339822426918368,0.9989484471254759
1.125,7.75,1.0527161581554025,0.9988388379637154,1.0527161581554025,0.9991172725770483,0.9927334798869986,1.0362552304594794,0.9987978743144061
1.125,8.0,1.055075560205717,0.9990059020221249,1.055075560205717,0.9989666736731844,0.992899522773764,1.0385777394249345,0.9986473235540682
1.125,8.25,1.0574849333665124,0.999178572926479,1.0574849333665124,0.9988160968370812,0.993071138234877,1.0409494381213595,0.9984967948544361
1.125,8.5,1.0599439368677857,0.9993568477704913,1.0599439368677857,0.9986655420787206,0.9932483233818156,1.0433699911072447,0.998346288225489
1.125,8.75,1.0624522261072336,0.9995407235556595,1.0624522261072336,0.9985150094080895,0.9934310752344059,1.0458390591687037,0.9981958036772102
1.125,9.0,1.0650094528545206,0.9997301971915179,1.0650094528545206,0.9983644988351786,0.9936193907210724,1.0483562995205478,0.9980453412195875
1.125,9.25,1.0676152654540811,0.9999252654958936,1.0676152654540811,0.9982140103699838,0.9938132666790931,1.0509213660059176,0.9978949008626136
1.125,9.5,1.0702693090262487,1.0001259251951706,1.0702693090262487,0.9980635440225052,0.994012699854862,1.0535339092942673,0.997744482616285
1.125,9.75,1.0729712256665092,1.0003321729245642,1.0729712256665092,0.9979130998027477,0.9942176869041613,1.0561935770775008,0.9975940864906039
1.125,10.0,1.0757206546426876,1.0005440052283987,1.0757206546426876,0.9977626777207207,0.994428224392438,1.0589000142640774,0.9974437124955764
1.125,10.25,1.078517232589877,1.0007614185603946,1.078517232589877,0.997612277786438,0.994644308795089,1.0616528631708906,0.9972933606412128
1.125,10.5,1.0813605937029498,1.000984409283962,1.0813605937029498,0.997461900009918,0.994865936497753,1.0644517637127702,0.9971430309375285
1.125,10.75,1.084250369926474,1.0012129736725008,1.084250369926474,0.997311544401184,0.995093103796609,1.0672963535894295,0.9969927233945437
1.125,11.0,1.087186191141899,1.0014471079097107,1.087186191141899,0.9971612109702634,0.9953258068986828,1.0701862684697223,0.9968424380222826
1.125,11.25,1.0901676853518438,1.001686808089902,1.0901676853518438,0.9970108997271887,0.9955640419221586,1.0731211421730515,0.9966921748307741
1.125,11.5,1.0931944788613766,1.001932070218321,1.0931944788613766,0.9968606106819963,0.9958078048967004,1.0761006068478125,0.9965419338300519
1.125,11.75,1.0962661964561482,1.0021828902114753,1.0962661964561482,0.9967103438447277,0.996057091763776,1.0791242931467422,0.9963917150301539
1.125,12.0,1.099382461577269,1.002439263897471,1.099382461577269,0.9965600992254289,0.9963118983769917,1.0821918303990614,0.9962415184411231
1.25,0.0,1.0050063747203921,0.9957436768316,1.0050063747203921,1.0042785003416907,0.9898806785002695,0.9892914670123146,1.003957452135417
1.25,0.25,1.0057054809387374,0.9956075775815342,1.0057054809387374,1.0041267878591935,0.9897441992540993,0.9899796415689552,1.0038057881524352
1.25,0.5,1.0064621373919844,0.995477083408266,1.0064621373919844,1.0039750969957457,0.9896125458288494,0.9907244664690613,1.003654145781591
1.25,0.75,1.00727621438655,0.9954342682042753,1.00727621438655,1.0038234277611477,0.9894878605455129,0.9915258140470194,1.003502525032683
1.25,1.0,1.0081475728215534,0.9954486857524222,1.0081475728215534,1.0036717801652053,0.9894038170490167,0.9923835473770175,1.0033509259155127
1.25,1.25,1.009076064305815,0.9954680384224871,1.009076064305815,1.0035201542177279,0.9894230521998651,0.9932975203882126,1.003199348439887
1.25,1.5,1.010061531281966,0.9954923259266499,1.010061531281966,1.00336854992853,0.9894471922179989,0.9942675779869021,1.003047792615617
1.25,1.75,1.0111038071574354,0.9955215479037285,1.0111038071574354,1.0032169673074305,0.9894762367444292,0.9952935561854598,1.0028962584525185
1.25,2.0,1.012202716442059,0.9955557039192061,1.012202716442059,1.0030654063642528,0.9895101853472777,0.9963752822377957,1.0027447459604117
1.25,2.25,1.0133580748920588,0.9955947934652652,1.0133580748920588,1.002913867108825,0.9895490375218108,0.9975125747810826,1.0025932551491217
1.25,2.5,1.0145696896601182,0.9956388159608227,1.0145696896601182,1.002762349550979,0.989592792690474,0.9987052439834853,1.0024417860284773
1.25,2.75,1.0158373594512808,0.9956877707515747,1.0158373594512808,1.0026108537005525,0.9896414502029366,0.9999530916976206,1.0022903386083128
1.25,3.0,1.0171608746843863,0.9957416571100451,1.0171608746843863,1.0024593795673864,0.9896950093361401,1.0012559116194708,1.0021389128984666
1.25,3.25,1.0185400176587533,0.9958004742356394,1.0185400176587533,1.0023079271613275,0.9897534692943517,1.002613489452458,1.0019875089087813
1.25,3.5,1.019974562725814,0.9958642212547035,1.019974562725814,1.0021564964922258,0.9898168292092225,1.0040256030763965,1.0018361266491047
1.25,3.75,1.0214642764653938,0.9959328972205892,1.0214642764653938,1.0020050875699371,0.9898850881398528,1.0054920227210156,1.0016847661292887
1.25,4.0,1.0230089178663389,0.996006501113724,1.0230089178663389,1.0018537004043204,0.9899582450728616,1.007012511143762,1.0015334273591898
1.25,4.25,1.0246082385111774,0.9960850318416877,1.0246082385111774,1.0017023350052403,0.9900362989224623,1.0085868238115756,1.0013821103486693
1.25,4.5,1.0262619827645045,0.9961684882392922,1.0262619827645045,1.0015509913825658,0.9901192485305423,1.0102147090863254,1.0012308151075926
1.25,4.75,1.027969887964778,0.9962568690686676,1.027969887964778,1.0013996695461698,0.990207092666749,1.0118959084136099,1.00107954164583
1.25,5.0,1.029731684619221,0.9963501730193549,1.029731684619221,1.0012483695059304,0.9902998300285809,1.0136301565146095,1.0009282899732561
1.25,5.25,1.0315470966015037,0.9964483987084025,1.0315470966015037,1.0010970912717305,0.9903974592414846,1.015417181580678,1.0007770600997505
1.25,5.5,1.033415841351911,0.9965515446804686,1.033415841351911,1.0009458348534561,0.9904999788589556,1.0172567054703812,1.0006258520351965
1.25,5.75,1.0353376300796746,0.9966600220117231,1.0353376300796746,1.0007946002609995,0.990607387362645,1.019148443908663,1.000474665789483
1.25,6.0,1.0373121679671693,0.9967820148099951,1.0373121679671693,1.0006433875042566,0.9907196831624729,1.0210921066878516,1.0003235013725027
1.25,6.25,1.0393391543756707,0.9969096402838924,1.0393391543756707,1.0004921965931277,0.9908368645967446,1.0230873978701966,1.000172358794153
1.25,6.5,1.041418283052373,0.9970428962703999,1.041418283052373,1.0003410275375186,0.9909589299322727,1.0251340159916533,1.0000212380643358
1.25,6.75,1.0435492423383788,0.9971817805122578,1.0435492423383788,1.0001898803473388,0.9910865511256863,1.0272316542666171,0.9998701391929583
1.25,7.0,1.0457317153773658,0.9973262906581515,1.0457317153773658,1.0000387550325023,0.9912301779597253,1.0293800007933296,0.9997190621899311
1.25,7.25,1.0479653803246587,0.9974764242629092,1.0479653803246587,0.9998876516029285,0.9913793938794857,1.0315787387596793,0.99956800706517
1.25,7.5,1.0502499105564143,0.9976321787877098,1.0502499105564143,0.9997365700685404,0.9915341963616646,1.033827546649118,0.9994169738285954
1.25,7.75,1.052584974878675,0.9977935516002935,1.052584974878675,0.999585510439266,0.9916945827900917,1.036126098446444,0.9992659624901319
1.25,8.0,1.0549702377360022,0.9979605399751855,1.0549702377360022,0.9994344727250384,0.9918605504559519,1.0384740638431726,0.9991149730597091
1.25,8.25,1.0574053594194646,0.9981331410939233,1.0574053594194646,0.999283456935794,0.99203209655801,1.040871108442274,0.9989640055472607
1.25,8.5,1.059889996273712,0.998311352045293,1.059889996273712,0.999132463081475,0.992209218202847,1.0433168939620079,0.9988130599627255
1.25,8.75,1.0624238009029194,0.9984951698255741,1.0624238009029194,0.9989814911720272,0.9923919124051024,1.0458110784386472,0.9986621363160462
1.25,9.0,1.0650064223753557,0.9986845913387887,1.0650064223753557,0.9988305412174019,0.9925801760877225,1.0483533164278487,0.9985112346171708
1.25,9.25,1.0676375064263788,0.9988796133969633,1.0676375064263788,0.998679613227554,0.9927740060822201,1.0509432592044738,0.9983603548760512
1.25,9.5,1.0703166956596313,0.9990802327203916,1.0703166956596313,0.9985287072124439,0.9929733991289358,1.053580554960638,0.9982094971026444
1.25,9.75,1.073043629746247,0.9992864459379096,1.073043629746247,0.9983778231820358,0.9931783518773117,1.056264849001802,0.9980586613069116
1.25,10.0,1.0758179456218797,0.9994982495871747,1.0758179456218797,0.998226961146299,0.9933888608861687,1.0589957839407214,0.9979078474988188
1.25,10.25,1.0786392776813742,0.9997156401149555,1.0786392776813742,0.9980761211152072,0.9936049226239946,1.0617729998890706,0.9977570556883364
1.25,10.5,1.081507257970904,0.999938613877425,1.081507257970904,0.9979253030987383,0.9938265334692347,1.0645961346465798,0.9976062858854394
1.25,10.75,1.08442151637743,1.0001671671404626,1.08442151637743,0.9977745071068755,0.9940536897105934,1.0674648238875282,0.9974555381001077
1.25,11.0,1.087381680815314,1.000401296079964,1.087381680815314,0.997623733149606,0.9942863875473407,1.0703787013444417,0.997304812342325
1.25,11.25,1.0903873774099664,1.000640996782156,1.0903873774099664,0.9974729812369219,0.9945246230896266,1.0733373989888668,0.9971541086220808
1.25,11.5,1.0934382306783792,1.0008862652439203,1.0934382306783792,0.9973222513788196,0.9947683923588013,1.076340547209083,0.9970034269493678
1.25,11.75,1.0965338637064415,1.0011370973731222,1.0965338637064415,0.9971715435853005,0.9950176912877434,1.0793877749846434,0.9968527673341845
1.25,12.0,1.099673898322918,1.0013934889889489,1.099673898322918,0.9970208578663698,0.9952725157211949,1.0824787100576352,0.9967021297865328
1.375,0.0,1.0047689764828511,0.9947614573778751,1.004064184386737,1.0047689764828511,0.988903802031167,0.9883640093554955,1.004447771480942
1.375,0.25,1.004790790461514,0.994627010814166,1.004790790461514,1.0046168313309525,0.9887686300891861,0.9890792537636279,1.0042956749668748
1.375,0.5,1.0055749585566354,0.9944981752940997,1.0055749585566354,1.0044647076566795,0.988638870976791,0.9898511601163837,1.0041435999235668
1.375,0.75,1.006416554120567,0.99440384474098,1.006416554120567,1.0043126054697922,0.988516374672544,0.990679595966161,1.0039915463607756
1.375,1.0,1.0073154332141876,0.9944176501157692,1.0073154332141876,1.004160524780055,0.9883994605960801,0.9915644196245602,1.0038395142882621
1.375,1.25,1.0082714426318393,0.9944363957496432,1.0082714426318393,1.0040084655972357,0.9883976741839497,0.992505480281543,1.0036875037157913
1.375,1.5,1.009284420029422,0.9944600813632289,1.009284420029422,1.0038564279311082,0.9884212159664909,0.993502618131523,1.0035355146531342
1.375,1.75,1.0103541940592897,0.9944887066035626,1.0103541940592897,1.0037044117914506,0.9884496673798641,0.9945556645061532,1.0033835471100647
1.375,2.0,1.011480584511685,0.9945222710441128,1.011480584511685,1.003552417188045,0.9884830280001279,0.9956644420135483,1.003231601096363
1.375,2.25,1.0126634024624548,0.9945607741848156,1.0126634024624548,1.0034004441306783,0.9885212973302551,0.9968287646836916,1.003079676621812
1.375,2.5,1.0139024504267677,0.9946042154521098,1.0139024504267677,1.0032484926291416,0.9885644748001673,0.9980484381197481,1.0029277736962003
1.375,2.75,1.015197522518552,0.9946525941989801,1.015197522518552,1.0030965626932313,0.9886125597667785,0.9993232596550091,1.0027758923293209
1.375,3.0,1.016548404615364,0.9947059097050053,1.016548404615364,1.002944654332748,0.988665551514042,1.000653018515183,1.002624032530971
1.375,3.25,1.0179548745283897,0.9947641611764116,1.0179548745283897,1.0027927675574966,0.9887234492530045,1.0020374959857392,1.0024721943109527
1.375,3.5,1.0194167021772849,0.9948273477461325,1.0194167021772849,1.0026409023772864,0.9887862521218642,1.0034764655840138,1.0023203776790723
1.375,3.75,1.0209336497695358,0.9948954684738727,1.0209336497695358,1.0024890588019324,0.9888539591860364,1.004969693235765,1.0021685826451414
1.375,4.0,1.022505471984044,0.994968522346177,1.022505471984044,1.0023372368412526,0.98892656943822,1.0065169374558887,1.0020168092189747
1.375,4.25,1.0241319161586135,0.9950465082765083,1.0241319161586135,1.0021854365050706,0.9890040817984753,1.0081179495329722,1.001865057410393
1.375,4.5,1.025812722481032,0.9951294251053245,1.025812722481032,1.0020336578032139,0.9890864951143022,1.00977247371739,1.0017133272292205
1.375,4.75,1.0275476241834314,0.9952172716001684,1.0275476241834314,1.0018819007455155,0.9891738081607273,1.0114802474126228,1.0015616186852871
1.375,5.0,1.029336347739607,0.9953100464557564,1.029336347739607,1.001730165341812,0.9892660196403934,1.0132410013694928,1.0014099317884262
1.375,5.25,1.0311786130649945,0.9954077482940764,1.0311786130649945,1.0015784516019444,0.9893631281836566,1.015054459883013,1.001258266548476
1.375,5.5,1.0330741337189755,0.99551037566449,1.0330741337189755,1.0014267595357595,0.9894651323486869,1.0169203409915288,1.0011066229752796
1.375,5.75,1.0350226171092163,0.9956231264689239,1.0350226171092163,1.0012750891531077,0.9895720306215763,1.0188383566778638,1.0009550010786843
1.375,6.0,1.0370237646977254,0.9957449950735993,1.0370237646977254,1.0011234404638443,0.9896838214164496,1.020808213072153,1.0008034008685427
1.375,6.25,1.039077272208332,0.9958725022504188,1.039077272208332,1.0009718134778287,0.9898005030755818,1.022829610656078,1.0006518223547107
1.375,6.5,1.041182829835282,0.9960056458338579,1.041182829835282,1.0008202082049256,0.989922073869521,1.0249022444682006,1.0005002655470498
1.375,6.75,1.0433401224526626,0.9961444235638481,1.0433401224526626,1.0006686246550032,0.9900555349755943,1.0270258043101141,1.0003487304554255
1.375,7.0,1.0455488298243663,0.9962888330859703,1.0455488298243663,1.0005170628379356,0.9901990618009202,1.0291999749531227,1.0001972170897082
1.375,7.25,1.0478086268143145,0.9964388719516506,1.0478086268143145,1.0003655227636008,0.9903481835606915,1.0314244363451788,1.0000457254597732
1.375,7.5,1.0501191835966663,0.9965945376183704,1.0501191835966663,1.0002140044418808,0.9905028977279308,1.0336988638178046,0.9998942555754989
1.375,7.75,1.0524801658657479,0.9967558274498777,1.0524801658657479,1.0000625078826633,0.9906632016824997,1.0360229282927385,0.9997428074467701
1.375,8.0,1.054891235045438,0.9969227387164108,1.054891235045438,0.9999110330958396,0.9908290927113222,1.038396296488047,0.999591381083475
1.375,8.25,1.0573520484977643,0.9970952685949265,1.0573520484977643,0.9997595800913064,0.991000568008611,1.0408186311234597,0.999439976495507
1.375,8.5,1.0598622597304717,0.9972734141693388,1.0598622597304717,0.9996081488789645,0.9911776246761044,1.0432895911246904,0.9992885936927637
1.375,8.75,1.0624215186033166,0.9974571724307629,1.0624215186033166,0.9994567394687187,0.9913602597233092,1.045808831826507,0.9991372326851468
1.375,9.0,1.0650294715328803,0.9976465402777662,1.0650294715328803,0.9993053518704798,0.9915484700677503,1.0483760051743427,0.9989858934825638
1.375,9.25,1.0676857616956725,0.9978415145166301,1.0676857616956725,0.9991539860941621,0.9917422525352304,1.050990759924222,0.9988345760949262
1.375,9.5,1.0703900292293287,0.9980420918616152,1.0703900292293287,0.9990026421496848,0.9919416038600943,1.0536527418408133,0.9986832805321497
1.375,9.75,1.0731419114317042,0.9982482689352368,1.0731419114317042,0.9988513200469716,0.9921465206855019,1.056361593893409,0.9985320068041549
1.375,10.0,1.0759410429576766,0.9984600422685461,1.0759410429576766,0.9987000197959507,0.9923569995637082,1.0591169564496514,0.9983807549208669
1.375,10.25,1.0787870560134873,0.9986774083014185,1.0787870560134873,0.9985487414065553,0.9925730369563496,1.0619184674668354,0.9982295248922154
1.375,10.5,1.0816795805484516,0.9989003633828504,1.0816795805484516,0.9983974848887226,0.992794629234739,1.0647657626806195,0.998078316728135
1.375,10.75,1.0846182444438845,0.9991289037712627,1.0846182444438845,0.998246250252395,0.993021772680168,1.0676584757909995,0.9979271304385645
1.375,11.0,1.087602673699099,0.9993630256348093,1.087602673699099,0.9980950375075189,0.9932544634842121,1.070596238645396,0.9977759660334472
1.375,11.25,1.0906324926143338,0.9996027250516962,1.0906324926143338,0.9979438466640456,0.9934926977490492,1.0735786814187251,0.9976248235227313
1.375,11.5,1.0937073239705009,0.9998479980105053,1.0937073239705009,0.9977926777319311,0.9937364714877808,1.0766054327903314,0.9974737029163696
1.375,11.75,1.096826789205619,1.0000988404105242,1.096826789205619,0.9976415307211358,0.9939857806247601,1.0796761201176654,0.9973226042243192
1.375,12.0,1.0999905085878388,1.0003552480620854,1.0999905085878388,0.9974904056416247,0.9942406209959281,1.0827903696066026,0.9971715274565421
1.5,0.0,1.0052681456359502,0.9937858762758626,1.0031487975417026,1.0052681456359502,0.9879333760615967,0.9874629360711993,1.0049467810594204
1.5,0.25,1.0051155695563418,0.9936530865502641,1.0039029342042558,1.0051155695563418,0.9877995148819306,0.9882052805816336,1.0047942537554022
1.5,0.5,1.0049630148130455,0.9935259138049443,1.00471464160243,1.0049630148130455,0.9876723377796351,0.9890042956156901,1.0046417477808751
1.5,0.75,1.0055837803229108,0.9934043601971121,1.0055837803229108,1.004810481415779,0.9875515003315676,0.9898598439400091,1.0044892631455544
1.5,1.0,1.006510201586932,0.9933940366198233,1.006510201586932,1.0046579693742652,0.987436250965376,0.9907717791022213,1.0043367998591592
1.5,1.25,1.0074937473753625,0.9934121738215621,1.0074937473753625,1.0045054786982315,0.9873796718502758,0.9917399455540815,1.0041843579314138
1.5,1.5,1.0085342505607668,0.9934352561216979,1.0085342505607668,1.0043530093974096,0.9874026139829918,0.992764178781464,1.004031937372047
1.5,1.75,1.0096315350461853,0.9934632831755444,1.0096315350461853,1.0042005614815352,0.9874304708423692,0.9938443054409706,1.0038795381907917
1.5,2.0,1.0107854159103697,0.9934962545646197,1.0107854159103697,1.0040481349603498,0.987463242012467,0.9949801435028973,1.0037271603973856
1.5,2.25,1.0119956995591999,0.993534169796676,1.0119956995591999,1.0038957298435989,0.9875009270040268,0.9961715024002827,1.0035748040015715
1.5,2.5,1.0132621838830083,0.9935770283057371,1.0132621838830083,1.0037433461410317,0.9875435252545093,0.9974181831837723,1.0034224690130953
1.5,2.75,1.0145846584195157,0.9936248294521409,1.0145846584195157,1.003590983862403,0.9875910361281366,0.9987199786820067,1.0032701554417092
1.5,3.0,1.0159629045220895,0.9936775725225861,1.0159629045220895,1.0034386430174722,0.987643458915939,1.0000766736672484,1.0031178632971687
1.5,3.25,1.0173966955330198,0.9937352567301864,1.0173966955330198,1.0032863236160028,0.9877007928358086,1.0014880450259496,1.0029655925892345
1.5,3.5,1.018885796961509,0.993797881214529,1.018885796961509,1.0031340256677626,0.9877630370325573,1.0029538619339569,1.0028133433276714
1.5,3.75,1.0204299666660637,0.9938654450417376,1.0204299666660637,1.0029817491825244,0.9878301905779799,1.0044738860360525,1.0026611155222491
1.5,4.0,1.0220289550409767,0.9939379472045436,1.0220289550409767,1.0028294941700657,0.9879022524709247,1.0060478716295205,1.0025089091827417
1.5,4.25,1.0236825052065854,0.9940153866223602,1.0236825052065854,1.0026772606401682,0.9879792216373663,1.007675565851429,1.002356724318928
1.5,4.5,1.025390353202986,0.9940977621413628,1.025390353202986,1.0025250486026183,0.9880610969304869,1.0093567088693158,1.0022045609405914
1.5,4.75,1.027152228186889,0.9941850725345747,1.027152228186889,1.0023728580672069,0.9881478771307607,1.0110910340749673,1.0020524190575193
1.5,5.0,1.028967852631301,0.9942773165019586,1.028967852631301,1.0022206890437293,0.9882395609460449,1.0128782682809745,1.0019002986795043
1.5,5.25,1.0308369425277126,0.9943744926705139,1.0308369425277126,1.0020685415419863,0.9883361470116764,1.0147181319197633,1.0017481998163436
1.5,5.5,1.0327592075904861,0.9944777304326101,1.0327592075904861,1.0019164155717817,0.9884376338905715,1.0166103392447832,1.001596122477838
1.5,5.75,1.034734351463122,0.9945938271439467,1.034734351463122,1.0017643111429253,0.9885440200733342,1.0185545985335505,1.0014440666737945
1.5,6.0,1.0367620719261097,0.9947155703663795,1.0367620719261097,1.0016122282652304,0.9886553039783664,1.0205506122922472,1.0012920324140229
1.5,6.25,1.0388420611060492,0.9948429580269451,1.0388420611060492,1.0014601669485161,0.9887714839519872,1.0225980774615748,1.001140019708339
1.5,6.5,1.0409740056857533,0.9949759879576561,1.0409740056857533,1.0013081272026043,0.9888942413801994,1.0246966856235689,1.0009880285665624
1.5,6.75,1.043157587115031,0.9951146578956854,1.043157587115031,1.0011561090373233,0.9890320637043857,1.0268461232090889,1.0008360589985172
1.5,7.0,1.0453924818218743,0.9952589654835576,1.0453924818218743,1.001004112462505,0.9891754892185302,1.0290460717057004,1.000684111014033
1.5,7.25,1.04767836142376,0.9954089082693492,1.04767836142376,1.0008521374879857,0.9893245154856969,1.0312962078656744,1.0005321846229425
1.5,7.5,1.0500148929388025,0.9955644837068943,1.0500148929388025,1.0007001841236072,0.9894791399752831,1.0335962039138389,1.000380279835084
1.5,7.75,1.0524017389964861,0.9957256891560013,1.0524017389964861,1.0005482523792149,0.9896393600632355,1.035945727755014,1.000228396660301
1.5,8.0,1.054838558047725,0.9958925218826751,1.054838558047725,1.0003963422646591,0.9898051730322701,1.0383444431807887,1.0000765351084393
1.5,8.25,1.0573250045740024,0.9960649790593463,1.0573250045740024,1.000244453789795,0.9899765760721012,1.0407920100753896,0.9999246951893517
1.5,8.5,1.059860729295343,0.9962430577651115,1.059860729295343,1.000092586964482,0.9901535662796791,1.0432880846204018,0.9997728769128944
1.5,8.75,1.0624453793769033,0.9964267549859769,1.0624453793769033,0.9999407417985843,0.9903361406594329,1.0458323194981274,0.9996210802889282
1.5,9.0,1.0650785986339417,0.9966160676151121,1.0650785986339417,0.9997889183019706,0.9905242961235227,1.0484243640933524,0.9994693053273186
1.5,9.25,1.0677600277349695,0.9968109924531116,1.0677600277349695,0.9996371164845144,0.990718029492099,1.0510638646933195,0.9993175520379363
1.5,9.5,1.0704893044028778,0.9970115262082612,1.0704893044028778,0.9994853363560933,0.9909173374935683,1.0537504646857114,0.9991658204306554
1.5,9.75,1.0732660636138487,0.9972176654968146,1.0732660636138487,0.9993335779265898,0.9911222167648672,1.0564838047544503,0.9990141105153556
1.5,10.0,1.076089937793866,0.9974294068432754,1.076089937793866,0.9991818412058913,0.9913326638517432,1.059263523073137,0.9988624223019207
1.5,10.25,1.0789605570126648,0.9976467466806883,1.0789605570126648,0.999030126203889,0.9915486752090438,1.0620892554959682,0.9987107558002389
1.5,10.5,1.0818775491749457,0.9978696813509349,1.0818775491749457,0.9988784329304796,0.9917702472010104,1.0649606357459585,0.998559111020204
1.5,10.75,1.084840540208711,0.9980982071050384,1.084840540208711,0.9987267613955636,0.991997376101582,1.0678772956003333,0.9984074879717131
1.5,11.0,1.0878491542505793,0.9983323201034761,1.0878491542505793,0.9985751116090467,0.9922300580947049,1.0708388650729468,0.9982558866646686
1.5,11.25,1.0909030138279514,0.998572016416497,1.0909030138279514,0.9984234835808384,0.9924682892746481,1.0738449725935966,0.9981043071089772
1.5,11.5,1.0940017400378972,0.9988172920244467,1.0940017400378972,0.9982718773208542,0.9927120656463276,1.0768952451841158,0.9979527493145509
1.5,11.75,1.0971449527226653,0.9990681428181014,1.0971449527226653,0.9981202928390127,0.9929613831256369,1.0799893086311374,0.9978012132913052
1.5,12.0,1.1003322706417027,0.9993245645990064,1.1003322706417027,0.9979687301452381,0.993216237539784,1.0831267876554236,0.9976496990491613
1.625,0.0,1.0057759948578975,0.9928169530948817,1.0022602876259776,1.0057759948578975,0.9869694196186903,0.9865883194517505,1.005454467931898
1.625,0.25,1.005622989598886,0.9926858243407123,1.0030419834249904,1.005622989598886,0.9868371978869026,0.9873577921667647,1.005301511585677
1.625,0.5,1.0054700055349923,0.9925603184728854,1.0038812555905214,1.0054700055349923,0.9867124314644478,0.9881839409482506,1.0051485764277983
1.625,0.75,1.0053170426758924,0.9924404376246427,1.0047779598452085,1.0053170426758924,0.9865932569205393,0.9890666237748568,1.0049956624679346
1.625,1.0,1.0057319425707971,0.9923778682318546,1.0057319425707971,1.005164101031267,0.9864796762818072,0.9900056894304002,1.0048427697157634
1.625,1.25,1.0067430409372555,0.9923953956144381,1.0067430409372555,1.0050111806108013,0.9863716914806647,0.9910009776309607,1.0046898981809669
1.625,1.5,1.0078110830387754,0.9924178731868555,1.0078110830387754,1.004858281424185,0.9863914091127249,0.9920523191587571,1.004537047873232
1.625,1.75,1.0089358880364092,0.9924453006127604,1.0089358880364092,1.0047054034811125,0.9864186699854053,0.9931595360025522,1.0043842188022496
1.625,2.0,1.0101172663070763,0.9924776774817808,1.0101172663070763,1.0045525467912824,0.9864508502456754,0.9943224415043306,1.0042314109777153
1.625,2.25,1.0113550195986454,0.9925150033095496,1.0113550195986454,1.0043997113643983,0.9864879494121089,0.9955408405119551,1.0040786244093298
1.625,2.5,1.012648941190828,0.9925572775377381,1.012648941190828,1.0042468972101681,0.9865299669297684,0.996814529537545,1.0039258591067979
1.625,2.75,1.0139988160615705,0.9926044995341025,1.0139988160615705,1.0040941043383047,0.9865769021702486,0.9981432969212659,1.0037731150798288
1.625,3.0,1.0154044210586548,0.9926566685925258,1.0154044210586548,1.0039413327585245,0.9866287544317209,0.9995269230002468,1.0036203923381366
1.625,3.25,1.0168655250761969,0.9927137839330751,1.0168655250761969,1.0037885824805495,0.9866855229389884,1.0009651802823203,1.0034676908914397
1.625,3.5,1.018381889235738,0.9927758447020574,1.018381889235738,1.0036358535141061,0.986747206843542,1.0024578336242802,1.0033150107494615
1.625,3.75,1.0199532670716072,0.992842849972084,1.0199532670716072,1.0034831458689246,0.986813805223625,1.0040046404143466,1.0031623519219293
1.625,4.0,1.0215794047202458,0.9929147987421396,1.0215794047202458,1.003330459554741,0.9868853170843003,1.0056053507585303,1.0030097144185757
1.625,4.25,1.0232600411131725,0.9929916899376572,1.0232600411131725,1.0031777945812945,0.9869617413575265,1.0072597076705803,1.0028570982491374
1.625,4.5,1.0249949081732674,0.9930735224105975,1.0249949081732674,1.00302515095833,0.9870430769022357,1.0089674472651975,1.0027045034233553
1.625,4.75,1.0267837310140588,0.9931602949395357,1.0267837310140588,1.0028725286955964,0.9871293225044202,1.010728298954207,1.0025519299509758
1.625,5.0,1.0286262281416951,0.993252006229752,1.0286262281416951,1.0027199278028474,0.9872204768772221,1.0125419856453708,1.0023993778417495
1.625,5.25,1.0305221116592804,0.9933486549133267,1.0305221116592804,1.002567348289841,0.9873165386610291,1.0144082239435293,1.0022468471054309
1.625,5.5,1.032471087473266,0.9934561833453559,1.032471087473266,1.00241479016634,0.9874175064235756,1.0163267243537637,1.0020943377517801
1.625,5.75,1.0344728555015772,0.9935721476448858,1.0344728555015772,1.002262253442112,0.9875233786600497,1.0182971914862702,1.0019418497905612
1.625,6.0,1.0365271098831805,0.9936937642927229,1.0365271098831805,1.0021097381269286,0.9876341537932043,1.02031932426265,1.0017893832315428
1.625,6.25,1.0386335391887764,0.9938210312137866,1.0386335391887764,1.0019572442305664,0.987749830173475,1.022392816123307,1.0016369380844987
1.625,6.5,1.0407918266323295,0.9939539462376755,1.0407918266323295,1.0018047717628067,0.9878784468448824,1.0245173552356692,1.0014845143592064
1.625,6.75,1.0430016502831394,0.9940925070988531,1.0430016502831394,1.0016523207334347,0.9880161607589442,1.0266926247029462,1.0013321120654486
1.625,7.0,1.0452626832781682,0.9942367114368387,1.0452626832781682,1.0014998911522408,0.9881594836543125,1.0289183027731352,1.0011797312130124
1.625,7.25,1.04757459403435,0.9943865567964089,1.04757459403435,1.0013474830290199,0.9883084130907712,1.0311940630480099,1.0010273718116893
1.625,7.5,1.0499370464606068,0.9945420406278044,1.0499370464606068,1.0011950963735714,0.9884629465341465,1.033519574691823,1.000875033871276
1.625,7.75,1.0523497001693147,0.994703160286946,1.0523497001693147,1.001042731195699,0.9886230813565209,1.0358945026394635,1.000722717401573
1.625,8.0,1.0548122106869555,0.9948699130356594,1.0548122106869555,1.000890387505212,0.9887888148364569,1.0383185078038166,1.0005704224123857
1.625,8.25,1.057324229663726,0.995042296041904,1.057324229663726,1.0007380653119229,0.9889601441592246,1.0407912472820946,1.0004181489135244
1.625,8.5,1.0598854050818485,0.9952203063800144,1.0598854050818485,1.0005857646256493,0.9891370664170419,1.0433123745608892,1.0002658969148033
1.625,8.75,1.062495381462371,0.9954039410309444,1.062495381462371,1.000433485456214,0.9893195786093164,1.0458815397197403,1.000113666426042
1.625,9.0,1.0651538000702332,0.9955931968825237,1.0651538000702332,1.0002812278134439,0.9895076776429005,1.0484983896329922,0.9999614574570641
1.625,9.25,1.067860299117389,0.9957880707297178,1.067860299117389,1.0001289917071703,0.9897013603323506,1.0511625681697432,0.999809270017698
1.625,9.5,1.0706145139637957,0.9959885592748966,1.0706145139637957,0.9999767771472294,0.989900623400193,1.0538737163916905,0.9996571041177768
1.625,9.75,1.0734160773160717,0.9961946591281124,1.0734160773160717,0.9998245841434623,0.9901054634772011,1.056631472748681,0.9995049597671379
1.625,10.0,1.0762646194236538,0.9964063668073837,1.0762646194236538,0.9996724127057137,0.9903158771026767,1.0594354732718025,0.9993528369756236
1.625,10.25,1.0791597682722873,0.9966236787389839,1.0791597682722873,0.9995202628438339,0.9905318607247375,1.0622853517638473,0.9992007357530807
1.625,10.5,1.0821011497746797,0.9968465912577432,1.0821011497746797,0.9993681345676774,0.990753410700617,1.065180739986986,0.9990486561093603
1.625,10.75,1.0850883879581905,0.9970751006073514,1.0850883879581905,0.9992160278871031,0.9909805232969651,1.0681212678475207,0.9988965980543186
1.625,11.0,1.0881211051494026,0.9973092029406727,1.0881211051494026,0.999063942811975,0.9912131946901616,1.0711065635775727,0.9987445615978163
1.625,11.25,1.0911989221554625,0.9975488943200632,1.0911989221554625,0.9989118793521614,0.991451420966631,1.0741362539135844,0.9985925467497185
1.625,11.5,1.0943214584420626,0.9977941707177,1.0943214584420626,0.9987598375175349,0.9916951981231706,1.0772099642715205,0.9984405535198947
1.625,11.75,1.0974883323079636,0.998045028015914,1.0974883323079636,0.9986078173179735,0.9919445220672803,1.0803273189186606,0.9982885819182197
1.625,12.0,1.1006991610559629,0.9983014620075298,1.1006991610559629,0.9984558187633593,0.9921993886175008,1.083487941141895,0.9981366319545723
1.75,0.0,1.006292511006889,0.9918547073469048,1.0013987261807524,1.006292511006889,0.9860119516768892,0.9857402299196762,1.0059708189607726
1.75,0.25,1.0061390783232393,0.9917252436786725,1.0022080074634931,1.0061390783232393,0.985882276696705,0.9865368567745566,1.005817435326553
1.75,0.5,1.0059856666936435,0.9916014087719075,1.0030748676461234,1.0059856666936435,0.9857591713904781,0.9873901621896666,1.0056640727396564
1.75,0.75,1.0058322761277347,0.9914832047356836,1.0039991575865315,1.0058322761277347,0.9856416637792824,0.9882999993549736,1.0055107312097133
1.75,1.0,1.0056789066351512,0.9913706335841567,1.0049807188287119,1.0056789066351512,0.9855297558654069,0.9892662122921891,1.0053574107463588
1.75,1.25,1.0060193837358793,0.9913860840313966,1.0060193837358793,1.0055255582255356,0.9854234495566114,0.9902886359858019,1.0052041113592323
1.75,1.5,1.0071149756303868,0.9914079554705891,1.0071149756303868,1.0053722309085353,0.9853876241284452,0.9913670965208066,1.0050508330579782
1.75,1.75,1.008267308940196,0.9914347818355411,1.008267308940196,1.0052189246938021,0.9854142875901193,0.9925014112268852,1.0048975758522452
1.75,2.0,1.0094761893516093,0.9914665627240522,1.0094761893516093,1.0050656395909927,0.9854458754889754,0.9936913888287511,1.004744339751687
1.75,2.25,1.0107414139679947,0.9915032976596974,1.0107414139679947,1.0049123756097675,0.9854823873514817,0.9949368296023903,1.0045911247659607
1.75,2.5,1.0120627714741954,0.9915449860918609,1.0120627714741954,1.0047591327597927,0.9855238226303664,0.9962375255369018,1.0044379309047295
1.75,2.75,1.0134400423063379,0.9915916273957793,1.0134400423063379,1.0046059110507377,0.9855701807046594,0.9975932605016501,1.0042847581776602
1.75,3.0,1.014872998826723,0.9916432208725867,1.014872998826723,1.0044527104922778,0.9856214608797389,0.9990038104184218,1.0041316065944241
1.75,3.25,1.0163614055035015,0.9916997657493688,1.0163614055035015,1.0042995310940919,0.9856776623873841,1.00046894343829,1.0039784761646977
1.75,3.5,1.017905019094804,0.9917612611792189,1.017905019094804,1.0041463728658637,0.9857387843858313,1.0019884201228682,1.0038253668981614
1.75,3.75,1.019503588837022,0.9918277062413027,1.019503588837022,1.0039932358172818,0.9858048259598378,1.0035619936296434,1.0036722788045007
1.75,4.0,1.0211568566369105,0.9918990999409263,1.0211568566369105,1.0038401199580393,0.98587578612075,1.0051894099010783,1.0035192118934053
1.75,4.25,1.022864557267195,0.9919754412096112,1.022864557267195,1.0036870252978332,0.9859516638065777,1.0068704078571582,1.0033661661745696
1.75,4.5,1.0246264185653655,0.9920567289051733,1.0246264185653655,1.003533951846366,0.9860324578820728,1.0086047195910754,1.0032131416576928
1.75,4.75,1.0264421616353228,0.992142961811809,1.0264421616353228,1.0033808996133442,0.986118167138815,1.010392070567725,1.0030601383524782
1.75,5.0,1.02831150105157,0.9922341386401865,1.02831150105157,1.0032278686084792,0.9862087902953013,1.0122321798247012,1.0029071562686342
1.75,5.25,1.0302341450656278,0.9923321101914209,1.0302341450656278,1.0030748588414866,0.9863043259970414,1.0141247601754864,1.0027541954158734
1.75,5.5,1.0322097958143543,0.9924422807788814,1.0322097958143543,1.0029218703220868,0.9864047728166596,1.016069518414513,1.0026012558039128
1.75,5.75,1.0342381495298603,0.9925581115019109,1.0342381495298603,1.002768903060005,0.9865101292540004,1.018066155523796,1.0024483374424749
1.75,6.0,1.0363188967507158,0.9926796003791518,1.0363188967507158,1.002615957064971,0.9866203937362408,1.020114366880838,1.0022954403412856
1.75,6.25,1.0384517225341412,0.9928067453334544,1.0384517225341412,1.0024630323467183,0.9867382581552849,1.0222138424675016,1.0021425645100763
1.75,6.5,1.0406363066688873,0.9929395441920534,1.0406363066688873,1.002310128914986,0.9868702452867533,1.0243642670795605,1.0019897099585824
1.75,6.75,1.0428723238885163,0.9930779946867515,1.0428723238885163,1.0021572467795177,0.9870078495089458,1.026565320536646,1.0018368766965442
1.75,7.0,1.0451594440847949,0.9932220944541148,1.0451594440847949,1.0020043859500607,0.9871510684728751,1.0288166778923042,1.0016840647337066
1.75,7.25,1.0474973325209354,0.9933718410356709,1.0474973325209354,1.0018515464363678,0.9872998997350959,1.0311180096439,1.0015312740798188
1.75,7.5,1.049885650044396,0.99352723187812,1.049885650044396,1.0016987282481962,0.9874543407579155,1.033468981942094,1.0013785047446349
1.75,7.75,1.0523240532990048,0.9936882643335498,1.0523240532990048,1.0015459313953075,0.9876143889096068,1.0358692567996446,1.0012257567379133
1.75,8.0,1.0548121949361335,0.9938549356596601,1.0548121949361335,1.001393155887468,0.9877800414646318,1.0383184922992843,1.0010730300694175
1.75,8.25,1.057349723824692,0.9940272430199953,1.057349723824692,1.0012404017344487,0.9879512956038726,1.0408163428004282,1.000920324748915
1.75,8.5,1.059936285259711,0.9942051834841839,1.059936285259711,1.0010876689460246,0.9881281484148693,1.0433624591444954,1.000767640786178
1.75,8.75,1.0625715211692761,0.994388754028186,1.0625715211692761,1.0009349575319766,0.9883105968920667,1.0459564888586081,1.000614978190984
1.75,9.0,1.0652550703196197,0.9945779515345483,1.0652550703196197,1.0007822675020885,0.9884986379370664,1.0485980763574752,1.000462336973114
1.75,9.25,1.0679865685181438,0.9947727727926664,1.0679865685181438,1.0006295988661502,0.9886922683588888,1.0512868631432417,1.0003097171423545
1.75,9.5,1.0707656488141999,0.9949732144990553,1.0707656488141999,1.0004769516339556,0.9888914848742413,1.054022488003129,1.000157118708496
1.75,9.75,1.0735919416974318,0.9951792732576261,1.0735919416974318,1.0003243258153025,0.9890962841077936,1.0568045872046758,1.000004541681334
1.75,10.0,1.07646507529351,0.9953909455799732,1.07646507529351,1.0001717214199948,0.9893066625924626,1.0596327946884119,0.9998519860706685
1.75,10.25,1.0793846755570957,0.9956082278856627,1.0793846755570957,1.0000191384578399,0.9895226167696999,1.0625067422578047,0.999699451886304
1.75,10.5,1.0823503664618783,0.9958311165025366,1.0823503664618783,0.9998665769386499,0.9897441429897931,1.0654260597663268,0.9995469391380498
1.75,10.75,1.0853617701875549,0.9960596076670153,1.0853617701875549,0.999714036872242,0.9899712375121674,1.0683903753015092,0.9993944478357194
1.75,11.0,1.0884185073035997,0.9962936975244149,1.0884185073035997,0.9995615182684375,0.9902038965057006,1.0713993153658388,0.9992419779891314
1.75,11.25,1.091520196949723,0.9965333821292655,1.091520196949723,0.9994090211370626,0.9904421160490393,1.0744525050543958,0.9990895296081086
1.75,11.5,1.0946664570128932,0.9967786574456424,1.0946664570128932,0.9992565454879485,0.9906858921309283,1.0775495682291063,0.9989371027024792
1.75,11.75,1.0978569043008262,0.9970295193474981,1.0978569043008262,0.99910409133093,0.9909352206505401,1.0806901276895204,0.9987846972820746
1.75,12.0,1.1010911547118425,0.9972859636190063,1.1010911547118425,0.9989516586758473,0.9911900974178176,1.0838738053400128,0.9986323133567322
1.875,0.0,1.0068176807440417,0.9908991584849662,1.000564182820044,1.0068176807440417,0.9850610585652642,0.9849187360004659,1.0064958208114259
1.875,0.25,1.0066638223968216,0.990771363997989,1.0014010737143901,1.0066638223968216,0.9849340170075611,0.985742540745811,1.006342011649712
1.875,0.5,1.0065099849627308,0.9906492041162994,1.002295542932401,1.0065099849627308,0.9848125768576317,0.9866230234841714,1.006188223394442
1.875,0.75,1.00635616845136,0.9905326809246027,1.0032474364680994,1.00635616845136,0.9846967401878985,0.9875600326177032,1.006034456055203
1.875,1.0,1.0062023728723046,0.9904217964123692,1.004256591031049,1.0062023728723046,0.9845865089761108,0.9885534074092812,1.005880709641588
1.875,1.25,1.0060485982351641,0.9903842619003959,1.0053228341834406,1.0060485982351641,0.984481885105177,0.989602978117442,1.0057269841631933
1.875,1.5,1.0064459844839075,0.9904055258097768,1.0064459844839075,1.005894844549543,0.9843912817283533,0.9907085661379491,1.0055732796296202
1.875,1.75,1.0076258516377847,0.9904317496893648,1.0076258516377847,1.0057411118250503,0.9844173463632596,0.9918699841517041,1.0054195960504746
1.875,2.0,1.008862236653545,0.990462933145193,1.008862236653545,1.0055874000712997,0.9844483404573469,0.9930870362787354,1.0052659334353669
1.875,2.25,1.0101549320051102,0.9904990757088412,1.0101549320051102,1.0054337092979089,0.9844842635450392,0.9943595182379725,1.0051122917939124
1.875,2.5,1.0115037217997456,0.9905401768374694,1.0115037217997456,1.0052800395145007,0.984525115086793,0.9956872175125143,1.0049586711357301
1.875,2.75,1.0129083819512297,0.9905862359138595,1.0129083819512297,1.0051263907307026,0.9845708944691383,0.9970699135200914,1.004805071470445
1.875,3.0,1.0143686803579912,0.9906372522464615,1.0143686803579912,1.004972762956146,0.9846216010047243,0.9985073777884178,1.0046514928076848
1.875,3.25,1.0158843770858967,0.9906932250694442,1.0158843770858967,1.0048191562004676,0.9846772339323707,0.9999993741351201,1.0044979351570837
1.875,3.5,1.017455224555371,0.9907541535427551,1.017455224555371,1.004665570473308,0.9847377924171259,1.0015456588519323,1.0043443985282792
1.875,3.75,1.019080967732532,0.9908200367521804,1.019080967732532,1.004512005784313,0.984803275550328,1.0031459808928411,1.0041908829309136
1.875,4.0,1.0207613443240102,0.9908908737094163,1.0207613443240102,1.004358462143133,0.9848736823496741,1.00480008206586,1.0040373883746343
1.875,4.25,1.022496084975136,0.990966663352141,1.022496084975136,1.004204939559422,0.9849490117592941,1.006507697228118,1.0038839148690923
1.875,4.5,1.024284913471166,0.9910474045440953,1.024284913471166,1.0040514380428394,0.9850292626498282,1.008268554483937,1.0037304624239443
1.875,4.75,1.0261275469412272,0.9911330960751673,1.0261275469412272,1.0038979576030491,0.9851144338185132,1.0100823753855903,1.0035770310488505
1.875,5.0,1.0280236960646574,0.9912237366614829,1.0280236960646574,1.00374449824972,0.985204523989271,1.0119488751364145,1.003423620753477
1.875,5.25,1.0299730652794232,0.9913260161193509,1.0299730652794232,1.0035910599925242,0.9852995318128056,1.013867762795969,1.003270231547493
1.875,5.5,1.031975352992297,0.9914360461864374,1.031975352992297,1.0034376428411402,0.9853994558667023,1.0158387414869257,1.0031168634405734
1.875,5.75,1.0340302517904854,0.9915517421650516,1.0340302517904854,1.0032842468052499,0.9855042946555347,1.0178615086033902,1.0029635164423973
1.875,6.0,1.0361374486543982,0.9916731020721112,1.0361374486543982,1.0031308718945395,0.9856140466109763,1.0199357560203421,1.002810190562648
1.875,6.25,1.038296625171261,0.9918001238284457,1.038296625171261,1.0029775181187013,0.9857377895795599,1.0220611703039082,1.0026568858110145
1.875,6.5,1.040507457749269,0.9919328052589741,1.040507457749269,1.0028241854874307,0.9858696600007315,1.0242374329221675,1.0025036021971887
1.875,6.75,1.0427696178320012,0.9920711440928907,1.0427696178320012,1.002670874010428,0.9860071532446641,1.0264642204562122,1.0023503397308686
1.875,7.0,1.0450827721128033,0.9922151379638582,1.0450827721128033,1.002517583697399,0.9861502669594846,1.0287412048111795,1.0021970984217563
1.875,7.25,1.0474465827488761,0.9923647844102084,1.0474465827488761,1.002364314558053,0.9862989986985716,1.0310680534269907,1.0020438782795582
1.875,7.5,1.0498607075747943,0.9925200808751543,1.0498607075747943,1.0022110666021042,0.9864533459207663,1.0334444294885334,1.0018906793139857
1.875,7.75,1.0523248003152021,0.9926810247070043,1.0523248003152021,1.002057839839272,0.9866133059905854,1.0358699921350298,1.0017375015347545
1.875,8.0,1.0548385107964378,0.9928476131593883,1.0548385107964378,1.00190463427928,0.9867788761784462,1.0383443966683519,1.001584344951585
1.875,8.25,1.0574014851568423,0.9930198433914912,1.0574014851568423,1.0017514499318556,0.9869500536608975,1.040867294760043,1.0014312095742026
1.875,8.5,1.0600133660555315,0.9931977124682935,1.0600133660555315,1.0015982868067324,0.9871268355208601,1.0434383346568246,1.0012780954123366
1.875,8.75,1.0626737928794014,0.9933812173608186,1.0626737928794014,1.0014451449136472,0.9873092187478723,1.0460571613843637,1.0011250024757212
1.875,9.0,1.0653824019481646,0.9935703549463891,1.0653824019481646,1.001292024262342,0.9874972002383433,1.048723416949106,1.0009719307740952
1.875,9.25,1.0681388267172118,0.9937651220088914,1.0681388267172118,1.0011389248625637,0.9876907767958183,1.0514367405379623,1.0008188803172025
1.875,9.5,1.0709426979781114,0.9939655152390457,1.0709426979781114,1.000985846724063,0.9878899451312452,1.0541967687156748,1.0006658511147906
1.875,9.75,1.0737936440565683,0.9941715312346849,1.0737936440565683,1.000832789856596,0.9880947018632523,1.05700313561968,1.0005128431766124
1.875,10.0,1.0766912910076705,0.9943831665010406,1.0766912910076705,1.0006797542699233,0.988305043518433,1.0598554731523024,1.0003598565124252
1.875,10.25,1.079635262808268,0.9946004174510361,1.079635262808268,1.0005267399738094,0.9885209665316365,1.0627534111701247,1.000206891131991
1.875,10.5,1.0826251815463301,0.9948232804055884,1.0826251815463301,1.0003737469780243,0.9887424672462679,1.065696577670385,1.000053947045076
1.875,10.75,1.0856606676071503,0.9950517515939148,1.0856606676071503,1.000220775292342,0.9889695419145933,1.0686845989742695,0.9999010242614514
1.875,11.0,1.088741339856266,0.9952858271538488,1.088741339856266,1.0000678249265416,0.9892021866980537,1.0717170999069723,0.9997481227908933
1.875,11.25,1.0918668158189728,0.9955255031321628,1.0918668158189728,0.9999148958904063,0.9894403976675851,1.0747937039744024,0.9995952426431818
1.875,11.5,1.0950367118563387,0.9957707754848965,1.0950367118563387,0.9997619881937245,0.9896841708039458,1.0779140335364459,0.9994423838281018
1.875,11.75,1.0982506433376007,0.9960216400776942,1.0982506433376007,0.9996091018462889,0.9899335019980514,1.0810777099766669,0.9992895463554431
1.875,12.0,1.1015082248088752,0.996278092686148,1.1015082248088752,0.9994562368578965,0.9901883870513153,1.0842843538683793,0.9991367302349995
2.0,0.0,1.0073514905350454,0.98995032590156,0.9997567252036038,1.0073514905350454,0.9841178162373158,0.9841239042959001,1.0070294599538736
2.0,0.25,1.007197208291468,0.9898242046715864,1.0006212476008616,1.007197208291468,0.9839924380782554,0.9849749084807103,1.0068752270313137
2.0,0.5,1.0070429468202458,0.9897037238590516,1.0015433446249884,1.0070429468202458,0.9838726671048762,0.9858825870195456,1.0067210148744685
2.0,0.75,1.006888706130926,0.9895888855240894,1.00252285740862,1.006888706130926,0.9837585053651745,0.9868467835291904,1.0065668234928822
2.0,1.0,1.0067344862330605,0.9894796916312867,1.0035596178318031,1.0067344862330605,0.9836499548121619,0.9878673325185203,1.0064126528961037
2.0,1.25,1.0065802871362062,0.9893899519721187,1.004653448663029,1.0065802871362062,0.9835470173036983,0.9889440595273296,1.0062585030936866
2.0,1.5,1.0064261088499238,0.9894106069641776,1.005804163706908,1.0064261088499238,0.9834496946023321,0.9900767812716954,1.0061043740951885
2.0,1.75,1.0070115679581946,0.9894362269427477,1.0070115679581946,1.0062719513837788,0.983427868935081,0.9912653057955967,1.0059502659101722
2.0,2.0,1.0082754577618773,0.9894668115221578,1.0082754577618773,1.0061178147473417,0.9834582677894312,0.9925094326284987,1.005796178548205
2.0,2.25,1.0095956209790427,0.989502360242055,1.0095956209790427,1.0059636989501868,0.9834936006394925,0.9938089529486245,1.0056421120188581
2.0,2.5,1.0109718371582004,0.9895428725674378,1.0109718371582004,1.0058096040018942,0.9835338669535125,0.9951636497516014,1.0054880663317083
2.0,2.75,1.0124038777117699,0.9895883478886979,1.0124038777117699,1.005655529912047,0.9835790661255845,0.9965732980241867,1.0053340414963359
2.0,3.0,1.013891506097404,0.9896387855216645,1.013891506097404,1.0055014766902344,0.9836291974756927,0.9980376649227575,1.005180037522327
2.0,3.25,1.0154344780038393,0.9896941847076574,1.0154344780038393,1.0053474443460488,0.9836842602497636,0.9995565099562538,1.0050260544192713
2.0,3.5,1.017032541540943,0.9897545446135428,1.017032541540943,1.0051934328890881,0.9837442536197228,1.0011295851732542,1.0048720921967629
2.0,3.75,1.0186854374336387,0.9898198643317961,1.0186854374336387,1.0050394423289548,0.9838091766835566,1.0027566353528699,1.0047181508644016
2.0,4.0,1.0203928992193791,0.9898901428805703,1.0203928992193791,1.0048854726752556,0.9838790284653803,1.0044373981991281,1.0045642304317912
2.0,4.25,1.0221546534488457,0.9899653792037696,1.0221546534488457,1.0047315239376018,0.9839538079155112,1.0061716045385345,1.0044103309085395
2.0,4.5,1.0239704198895407,0.990045572171129,1.0239704198895407,1.0045775961256092,0.9840335139105479,1.0079589785204826,1.0042564523042596
2.0,4.75,1.0258399117319565,0.9901307205782979,1.0258399117319565,1.0044236892488985,0.9841181452534532,1.0097992378201963,1.004102594628569
2.0,5.0,1.0277628357979904,0.990223399667013,1.0277628357979904,1.004269803317095,0.9842077006736455,1.0116920938438898,1.00394875789109
2.0,5.25,1.029738892751293,0.9903276145311256,1.029738892751293,1.0041159383398284,0.9843021788270934,1.0136372519358239,1.003794942101449
2.0,5.5,1.0317677773092273,0.9904375029388496,1.0317677773092273,1.0039620943267327,0.9844015782964151,1.0156344115869513,1.0036411472692772
2.0,5.75,1.033849178456133,0.9905530630019771,1.033849178456133,1.0038082712874472,0.9845058975909868,1.0176832666448472,1.003487373404211
2.0,6.0,1.0359827796575836,0.9906742927357485,1.0359827796575836,1.0036544692316156,0.9846188400794615,1.0197835055246152,1.00333362051589
2.0,6.25,1.0381682590753374,0.9908011900590219,1.0381682590753374,1.0035006881688855,0.9847449617484771,1.0219348114204772,1.0031798886139598
2.0,6.5,1.0404052897826954,0.9909337527944508,1.0404052897826954,1.00334692810891,0.9848767142000678,1.0241368625177643,1.0030261777080698
2.0,6.75,1.042693539979962,0.9910719786686712,1.042693539979962,1.0031931890613461,0.9850140951747653,1.0263893322050086,1.0028724878078745
2.0,7.0,1.0450326732097461,0.9912158653124947,1.0450326732097461,1.003039471035856,0.985157102317863,1.0286918892858772,1.0027188189230323
2.0,7.25,1.0474223485718186,0.9913654102611114,1.0474223485718186,1.002885774042106,0.9853057331796168,1.0310441981906697,1.002565171063207
2.0,7.5,1.0498622209372686,0.9915206109542994,1.0498622209372686,1.0027320980897674,0.9854599852154543,1.0334459191871264,1.0024115442380666
2.0,7.75,1.0523519411616995,0.9916814647366431,1.0523519411616995,1.0025784431885159,0.9856198557861908,1.0358967085902908,1.0022579384572834
2.0,8.0,1.0548911562972232,0.9918479688577589,1.0548911562972232,1.0024248093480317,0.9857853421582544,1.0383962189711886,1.0021043537305352
2.0,8.25,1.0574795098030134,0.9920201204725293,1.0574795098030134,1.002271196578,0.9859564415039183,1.0409440993640888,1.0019507900675033
2.0,8.5,1.0601166417541907,0.9921979166413438,1.0601166417541907,1.00211760488811,0.98613315090154,1.043539995472122,1.0017972474778745
2.0,8.75,1.0628021890488268,0.992381354330348,1.0628021890488268,1.001964034288056,0.9863154673358095,1.0461835498710488,1.0016437259713395
2.0,9.0,1.0655357856128562,0.9925704304117012,1.0655357856128562,1.001810484787537,0.9865033876980052,1.0488744022109664,1.0014902255575946
2.0,9.25,1.068317062602703,0.9927651416638403,1.068317062602703,1.0016569563962563,0.9866969087862553,1.0516121894157673,1.0013367462463396
2.0,9.5,1.0711456486054365,0.9929654847717527,1.0711456486054365,1.0015034491239219,0.9868960273058102,1.0543965458801663,1.0011832880472795
2.0,9.75,1.0740211698362787,0.9931714563272547,1.0740211698362787,1.001349962980246,0.9871007398693186,1.0572271036641172,1.0010298509701236
2.0,10.0,1.0769432503332983,0.99338305282928,1.0769432503332983,1.0011964979749466,0.987311042997114,1.0601034926844641,1.0008764350245867
2.0,10.25,1.0799115121491403,0.9936002706841726,1.0799115121491403,1.001043054117745,0.9875269331175069,1.0630253409036736,1.0007230402203868
2.0,10.5,1.0829255755396439,0.9938231062059905,1.0829255755396439,1.0008896314183677,0.9877484065670854,1.0659922745155017,1.0005696665672477
2.0,10.75,1.0859850591492173,0.9940515556168139,1.0859850591492173,1.000736229886546,0.987975459591022,1.0690039181274709,1.0004163140748974
2.0,11.0,1.0890895801928422,0.9942856150470613,1.0890895801928422,1.0005828495320157,0.9882080883433876,1.0720598949400288,1.0002629827530682
2.0,11.25,1.0922387546346022,0.9945252805358142,1.0922387546346022,1.0004294903645172,0.9884462888874749,1.0751598269222844,1.000109672611498
2.0,11.5,1.0954321973626235,0.9947705480311467,1.0954321973626235,1.000276152393795,0.9886900571961252,1.0783033349842137,0.9999563836599278
2.0,11.75,1.09866952236034,0.9950214133904645,1.09866952236034,1.0001228356295992,0.9889393891520655,1.081490039145247,0.9998031159081046
2.0,12.0,1.101950342873998,0.9952778723808487,1.101950342873998,0.9999695400816839,0.9891942805482505,1.0847195586991545,0.9996498693657796
